Model Year,Mfr Name,Division,Carline,Verify Mfr Cd,Index (Model Type Index),Eng Displ,# Cyl,Transmission,City FE (Guide) - Conventional Fuel,Hwy FE (Guide) - Conventional Fuel,Comb FE (Guide) - Conventional Fuel,City Unadj FE - Conventional Fuel,Hwy Unadj FE - Conventional Fuel,Comb Unadj FE - Conventional Fuel,City Unrd Adj FE - Conventional Fuel,Hwy Unrd Adj FE - Conventional Fuel,Comb Unrd Adj FE - Conventional Fuel,Air Aspir Method,Air Aspiration Method Desc,Trans,Trans Desc,# Gears,Lockup Torque Converter,Trans Creeper Gear,Drive Sys,Drive Desc,Max Ethanol % - Gasoline,Fuel Usage  - Conventional Fuel,Fuel Usage Desc - Conventional Fuel,Fuel Unit - Conventional Fuel,Fuel Unit Desc - Conventional Fuel,Gas Guzzler Exempt (Where Truck = 1975 NHTSA truck definition),Gas Guzzler Exempt Desc (Where Truck = 1975 NHTSA truck definition),2Dr Pass Vol,2Dr Lugg Vol,4Dr Pass Vol,4Dr Lugg Vol,Annual Fuel1 Cost - Conventional Fuel,EPA Calculated Annual Fuel Cost - Conventional Fuel -----  Annual fuel cost error. Please revise Verify. ,Descriptor - Model Type (40 Char or less),Intake Valves Per Cyl,Exhaust Valves Per Cyl,Carline Class,Carline Class Desc,Car/Truck Category - Cash for Clunkers Bill.,Calc Approach Desc,Release Date,EPA FE Label Dataset ID,Unique Label?,Label Recalc?,Suppressed?,Police/Emerg?,Comments - Mfr Eng Cnfg,Cyl Deact?,Cyl Deact Desc,Var Valve Timing?,Var Valve Timing Desc,Var Valve Lift?,Var Valve Lift Desc,Energy Storage Device Desc,# Batteries,Battery Type Desc,Total Voltage for Battery Pack(s),Batt Energy Capacity (Amp-hrs),Batt Specific Energy (Watt-hr/kg),Batt Charger Type Desc,Regen Braking Type Desc,"Regen Braking Wheels Source (Front, Rear, Both)",Driver Cntrl Regen Braking?,HEV-EV Comments,# Drive Motor Gen,Motor Gen Type Desc,"Motor Gen Type, If Other",Rated Motor Gen Power (kW),Fuel Metering Sys Cd,Fuel Metering Sys Desc,Fuel Cell Vehicle (Y or N),Off Board Charge Capable (Y or N),Camless Valvetrain (Y or N),Oil Viscosity,Stop/Start System (Engine Management System) Code,Stop/Start System (Engine Management System)  Description,Model Type Desc (MFR entered),MFR Calculated Gas Guzzler MPG ,FE Rating (1-10 rating on Label),GHG Rating (1-10 rating on Label),#1 Smog Rating Test Group,#1 Mfr Smog Rating (Mfr Smog 1-10 Rating on Label for Test Group 1),$ You Save over 5 years (amount saved in fuel costs over 5 years - on label) ,$ You Spend over 5 years (increased amount spent in fuel costs over 5 years - on label) ,City CO2 Rounded Adjusted,Hwy CO2 Rounded Adjusted,Comb CO2 Rounded Adjusted (as shown on FE Label),City PHEV Composite MPGe,Hwy PHEV Composite MPGe,Comb PHEV Composite MPGe
2026,aston martin,Aston Martin Lagonda Ltd,Vanquish,ASX,5,5.2,12,Auto(A8),13,21,16,16.4094,28.8554,20.3615,13.3711,20.8105,15.9344,TC,Turbocharged,A,Automatic,8,Y,N,R,"2-Wheel Drive, Rear",10.0,GP,Gasoline (Premium Unleaded Recommended),MPG,miles per gallon,N,Not exempt,,,,,3900,3900,,2,2,1,Two Seaters,car,Derived 5-cycle label,2025-06-06,37041,N,N,N,N,Vanquish base engine spec,N,,Y,Inlet and Exhaust Cam Phasing,N,,,,,,,,,,,,,,,,,MFI,Multipoint/sequential fuel injection,N,,N,0W40,N,No,Vanquish,20.5,3,3,TASXV05.2AMV,2,,11000.0,671,431,563,,,
2026,aston martin,Aston Martin Lagonda Ltd,Vanquish Volante,ASX,6,5.2,12,Auto(A8),13,20,16,16.3209,27.741,20.0318,13.3029,20.0583,15.6791,TC,Turbocharged,A,Automatic,8,Y,N,R,"2-Wheel Drive, Rear",10.0,GP,Gasoline (Premium Unleaded Recommended),MPG,miles per gallon,N,Not exempt,,,,,3900,3900,,2,2,1,Two Seaters,car,Derived 5-cycle label,2025-06-06,37040,N,N,N,N,Vanquish base engine spec,N,,Y,Inlet and Exhaust Cam Phasing,N,,,,,,,,,,,,,,,,,MFI,Multipoint/sequential fuel injection,N,,N,0W40,N,No,Vanquish,20.5,3,3,TASXV05.2AMV,2,,11000.0,669,444,567,,,
2026,aston martin,Aston Martin Lagonda Ltd,Vantage,ASX,2,4.0,8,Auto(A8),15,22,18,19.0837,31.2168,23.129,15.4128,22.3919,17.9272,TC,Turbocharged,A,Automatic,8,Y,N,R,"2-Wheel Drive, Rear",10.0,GP,Gasoline (Premium Unleaded Recommended),MPG,miles per gallon,N,Not exempt,,,,,3450,3450,SIDI; ,2,2,1,Two Seaters,car,Derived 5-cycle label,2025-06-06,37419,N,N,N,N,Vantage Power Spec,N,,Y,Inlet and exhaust cam phasing,N,,,,,,,,,,,,,,,,,GDI,Spark Ignition Direct Injection,N,,N,0W40,N,No,Vantage,23.3,3,3,TASXJ04.0AEX,4,,8750.0,579,399,498,,,
2026,BMW,BMW,Z4 M40i,BMX,352,3.0,6,Auto(S8),23,29,25,29.0,42.1,33.7219,22.6786,29.4644,25.3007,TC,Turbocharged,SA,Semi-Automatic,8,Y,N,R,"2-Wheel Drive, Rear",10.0,GP,Gasoline (Premium Unleaded Recommended),MPG,miles per gallon,N,Not exempt,,,,,2500,2500,SIDI; ,2,2,1,Two Seaters,car,Derived 5-cycle label,2025-04-01,36400,Y,N,N,N,,N,,Y,variable valve timing at inlet and outlet valves,Y,variable valve lift only at inlet valves,,,,,,,,,,,,,,,,GDI,Spark Ignition Direct Injection,,,N,0W20,Y,Yes,,34.0,5,5,TBMXV03.0B5X,4,,4000.0,386,297,346,,,
2026,BMW,BMW,Z4 M40i,BMX,353,3.0,6,Manual(M6),19,26,22,23.5,37.4,28.2196,18.7066,26.4527,21.5458,TC,Turbocharged,M,Manual,6,N,N,R,"2-Wheel Drive, Rear",10.0,GP,Gasoline (Premium Unleaded Recommended),MPG,miles per gallon,N,Not exempt,,,,,2850,2850,SIDI; ,2,2,1,Two Seaters,car,Derived 5-cycle label,2025-04-01,36395,N,N,N,N,,N,,Y,variable valve timing at inlet and outlet valves,Y,variable valve lift only at inlet valves,,,,,,,,,,,,,,,,GDI,Spark Ignition Direct Injection,,,N,0W20,Y,Yes,,28.4,4,4,TBMXV03.0B5X,4,,5750.0,469,332,407,,,
2026,BMW,BMW,Z4 sDrive30i,BMX,350,2.0,4,Auto(S8),25,33,28,32.3,47.6,37.762,24.9954,32.9095,28.0285,TC,Turbocharged,SA,Semi-Automatic,8,Y,N,R,"2-Wheel Drive, Rear",10.0,GP,Gasoline (Premium Unleaded Recommended),MPG,miles per gallon,N,Not exempt,,,,,2200,2200,SIDI; ,2,2,1,Two Seaters,car,Derived 5-cycle label,2025-04-01,36388,Y,N,N,N,,N,,Y,variable valve timing at inlet and outlet valves,Y,variable valve lift only at inlet valves,,,,,,,,,,,,,,,,GDI,Spark Ignition Direct Injection,,,N,0W20,Y,Yes,,38.0,5,5,TBMXV02.0B4X,6,,2500.0,351,266,312,,,
2026,General Motors,Chevrolet,CORVETTE,GMX,50,6.2,8,Auto(S8),16,25,19,18.3574,34.1629,23.1842,15.5852,25.0,19.2825,,Naturally Aspirated,SA,Semi-Automatic,8,Y,N,R,"2-Wheel Drive, Rear",10.0,GPR,Gasoline (Premium Unleaded Required),MPG,miles per gallon,N,Not exempt,51.0,0.0,,,3300,3300,SIDI; ,1,1,1,Two Seaters,car,Vehicle Specific 5-cycle label,2025-08-04,37125,N,N,N,N,ZERV Y2 Engine,Y,Active Fuel Management,Y,"Dual equal cam phaser, single cam, continuously variable.",N,,,,,,,,,,,,,,,,,GDI,Spark Ignition Direct Injection,,,N,0W40,N,No,,23.4,4,4,TGMXV06.2088,4,,8000.0,571,356,474,,,
2026,General Motors,Chevrolet,CORVETTE E-RAY,GMX,52,6.2,8,Auto(S8),16,24,19,19.4,32.2,23.6263,15.5421,24.1884,18.5214,,Naturally Aspirated,SA,Semi-Automatic,8,Y,N,A,All Wheel Drive,10.0,GPR,Gasoline (Premium Unleaded Required),MPG,miles per gallon,N,Not exempt,51.0,0.0,,,3300,3300,SIDI; Hybrid; ,1,1,1,Two Seaters,car,Vehicle Specific 5-cycle label,2025-08-04,37388,N,N,N,N,ZERV Y2 Engine,Y,Active Fuel Management,Y,"Dual equal cam phaser, single cam, continuously variable.",N,,Battery(s),1.0,Lithium Ion,335.0,6.6,40.7,On-Board,Electrical Regen Brake,Front Wheels,Y,Drive Motors/Generator:  119 kWatt Represents Engine Config 1; 139 kWatt Represents Engine Config 2,2.0,Other,AC Permanent Magnet,119,GDI,Spark Ignition Direct Injection,N,N,N,0W40,N,No,,23.8,4,4,TGMXV06.2093,2,,8000.0,566,368,477,,,
2026,General Motors,Chevrolet,CORVETTE Z06,GMX,150,5.5,8,Auto(S8),12,21,15,14.3,25.4,17.8005,12.1541,20.5777,14.8986,,Naturally Aspirated,SA,Semi-Automatic,8,N,N,R,"2-Wheel Drive, Rear",10.0,GPR,Gasoline (Premium Unleaded Required),MPG,miles per gallon,N,Not exempt,51.0,0.0,,,4150,4150,SIDI; ,2,2,1,Two Seaters,car,Vehicle Specific 5-cycle label,2025-08-04,37104,N,N,N,N,,N,,Y,Cam Phaser,N,,,,,,,,,,,,,,,,,GDI,Spark Ignition Direct Injection,,,N,0W40,N,No,,17.9,2,2,TGMXV06.2094,2,,12250.0,731,433,597,,,
2026,General Motors,Chevrolet,CORVETTE Z06 CARBON AERO,GMX,151,5.5,8,Auto(S8),12,19,14,13.8,23.5787,16.9664,11.7636,18.593,14.093,,Naturally Aspirated,SA,Semi-Automatic,8,N,N,R,"2-Wheel Drive, Rear",10.0,GPR,Gasoline (Premium Unleaded Required),MPG,miles per gallon,N,Not exempt,51.0,0.0,,,4450,4450,SIDI; ,2,2,1,Two Seaters,car,Vehicle Specific 5-cycle label,2025-08-04,37105,Y,N,N,N,,N,,Y,Cam Phaser,N,,,,,,,,,,,,,,,,,GDI,Spark Ignition Direct Injection,,,N,0W40,N,No,,17.1,2,2,TGMXV06.2094,2,,13750.0,755,479,631,,,
2026,General Motors,Chevrolet,CORVETTE ZR1,GMX,55,5.5,8,Auto(S8),12,18,14,13.9,23.6,17.0543,12.0516,18.0,14.3663,TC,Turbocharged,SA,Semi-Automatic,8,Y,N,R,"2-Wheel Drive, Rear",10.0,GPR,Gasoline (Premium Unleaded Required),MPG,miles per gallon,N,Not exempt,50.0,0.0,,,4450,4450,SIDI; ,2,2,1,Two Seaters,car,Vehicle Specific 5-cycle label,2025-08-04,37106,N,N,N,N,,N,,Y,Cam Phaser,N,,,,,,,,,,,,,,,,,GDI,Spark Ignition Direct Injection,,,N,0W40,N,No,,17.2,2,2,TGMXV06.2094,2,,13750.0,738,495,629,,,
2026,Ferrari,Ferrari S.p.A.,12Cilindri,FEX,167,6.5,12,Auto(AM8),12,19,14,14.6321,25.5386,18.113,11.9939,18.5601,14.2649,,Naturally Aspirated,AM,Automated Manual,8,N,N,R,"2-Wheel Drive, Rear",10.0,GPR,Gasoline (Premium Unleaded Required),MPG,miles per gallon,N,Not exempt,43.0,5.0,,,4450,4450,SIDI; ,2,2,1,Two Seaters,car,Derived 5-cycle label,2025-09-30,37592,Y,N,N,N,,N,Not applicable.,Y,Variable camshaft timing for exhaust and inlet.,N,Not applicable.,,,,,,,,,,,,,,,,GDI,Spark Ignition Direct Injection,N,,N,10W60,Y,Yes,Ferrari 12Cilindri,18.2,2,2,TFEXV06.5G50,5,,13750.0,736,477,619,,,
2026,Ferrari,Ferrari S.p.A.,12Cilindri Spider,FEX,168,6.5,12,Auto(AM8),12,17,14,14.675,23.9026,17.7603,12.0274,17.4373,13.979,,Naturally Aspirated,AM,Automated Manual,8,N,N,R,"2-Wheel Drive, Rear",10.0,GPR,Gasoline (Premium Unleaded Required),MPG,miles per gallon,N,Not exempt,54.0,4.0,,,4450,4450,SIDI; ,2,2,1,Two Seaters,car,Derived 5-cycle label,2025-09-30,37593,Y,N,N,N,,N,Not applicable.,Y,Variable camshaft timing for exhaust and inlet.,N,Not applicable.,,,,,,,,,,,,,,,,GDI,Spark Ignition Direct Injection,N,,N,10W60,Y,Yes,Ferrari 12Cilindri Spider,17.9,2,2,TFEXV06.5G50,5,,13750.0,735,508,633,,,
2026,Mercedes-Benz,Mercedes-Benz,AMG GT 55 4MATIC+ (coupe),MBX,533,4.0,8,Auto(A9),14,20,16,16.6,28.2,20.3708,13.5178,20.3686,15.9287,TC,Turbocharged,A,Automatic,9,Y,N,A,All Wheel Drive,10.0,GPR,Gasoline (Premium Unleaded Required),MPG,miles per gallon,N,Not exempt,,,,,3900,3900,SIDI; ,2,2,1,Two Seaters,car,Derived 5-cycle label,2025-08-02,37259,,N,N,N,"AMG SL 63 4MATIC+, AMG GT 63 4MATIC+, SL 680 Maybach",N,,Y,Allows timing of the intake / exhaust valves to be changed while the engine is in operation,N,,,,,,,,,,,,,,,,,GDI,Spark Ignition Direct Injection,,,N,5W40,Y,Yes,AMG GT 55 4MATIC+ (coupe),20.5,3,3,TMBXV04.0U3A,4,,11000.0,657,436,558,,,
2026,Mercedes-Benz,Mercedes-Benz,AMG GT 63 4MATIC+ (coupe),MBX,534,4.0,8,Auto(A9),14,20,16,16.6,28.2,20.3708,13.5178,20.3686,15.9287,TC,Turbocharged,A,Automatic,9,Y,N,A,All Wheel Drive,10.0,GPR,Gasoline (Premium Unleaded Required),MPG,miles per gallon,N,Not exempt,,,,,3900,3900,SIDI; ,2,2,1,Two Seaters,car,Derived 5-cycle label,2025-08-02,37260,,N,N,N,"AMG SL 63 4MATIC+, AMG GT 63 4MATIC+, SL 680 Maybach",N,,Y,Allows timing of the intake / exhaust valves to be changed while the engine is in operation,N,,,,,,,,,,,,,,,,,GDI,Spark Ignition Direct Injection,,,N,5W40,Y,Yes,AMG GT 63 4MATIC+ (coupe),20.5,3,3,TMBXV04.0U3A,4,,11000.0,657,436,558,,,
2026,Mercedes-Benz,Mercedes-Benz,AMG GT 63 PRO 4MATIC+ (coupe),MBX,535,4.0,8,Auto(A9),14,20,16,16.6,28.2,20.3708,13.5178,20.3686,15.9287,TC,Turbocharged,A,Automatic,9,Y,N,A,All Wheel Drive,10.0,GPR,Gasoline (Premium Unleaded Required),MPG,miles per gallon,N,Not exempt,,,,,3900,3900,SIDI; ,2,2,1,Two Seaters,car,Derived 5-cycle label,2025-08-02,37261,,N,N,N,"AMG SL 63 4MATIC+, AMG GT 63 4MATIC+, SL 680 Maybach",N,,Y,Allows timing of the intake / exhaust valves to be changed while the engine is in operation,N,,,,,,,,,,,,,,,,,GDI,Spark Ignition Direct Injection,,,N,5W40,Y,Yes,AMG GT 63 PRO 4MATIC+ (coupe),20.5,3,3,TMBXV04.0U3A,4,,11000.0,657,436,558,,,
2026,Nissan,NISSAN,Z,NSX,57,3.0,6,Manual(M6),18,24,20,22.8,33.876,26.7333,18.1909,24.1523,20.4638,TC,Turbocharged,M,Manual,6,N,N,R,"2-Wheel Drive, Rear",15.0,GPR,Gasoline (Premium Unleaded Required),MPG,miles per gallon,N,Not exempt,,,,,3100,3100,SIDI; ,2,2,1,Two Seaters,car,Derived 5-cycle label,2025-09-17,37087,N,,N,N,For Z,N,,Y,"EXH;ECM controlled, Oil pressure driven INT;ECM and VTC controller controlled, Electric driven",N,,,,,,,,,,,,,,,,,GDI,Spark Ignition Direct Injection,,,N,SAE 0W-20,N,No,,26.9,4,4,TNSXV03.0BXW,2,,7000.0,489,368,435,,,
2026,Nissan,NISSAN,Z,NSX,58,3.0,6,Auto(S9),19,28,22,25.0655,39.8829,30.0973,19.0,28.0517,22.0,TC,Turbocharged,SA,Semi-Automatic,9,Y,N,R,"2-Wheel Drive, Rear",15.0,GPR,Gasoline (Premium Unleaded Required),MPG,miles per gallon,N,Not exempt,,,,,2850,2850,SIDI; ,2,2,1,Two Seaters,car,Derived 5-cycle label,2025-09-17,37088,N,,N,N,For Z,N,,Y,"EXH;ECM controlled, Oil pressure driven INT;ECM and VTC controller controlled, Electric driven",N,,,,,,,,,,,,,,,,,GDI,Spark Ignition Direct Injection,,,N,SAE 0W-20,N,No,,30.3,4,4,TNSXV03.0BXW,2,,5750.0,469,318,405,,,
2026,Nissan,NISSAN,Z NISMO,NSX,59,3.0,6,Auto(S9),17,24,19,23.0,35.3989,27.3035,17.0,24.0,19.0,TC,Turbocharged,SA,Semi-Automatic,9,Y,N,R,"2-Wheel Drive, Rear",15.0,GPR,Gasoline (Premium Unleaded Required),MPG,miles per gallon,N,Not exempt,,,,,3300,3300,SIDI; ,2,2,1,Two Seaters,car,Derived 5-cycle label,2025-09-17,37089,Y,,N,N,For Z NISMO,N,,Y,"EXH;ECM controlled, Oil pressure driven INT;ECM and VTC controller controlled, Electric driven",N,,,,,,,,,,,,,,,,,GDI,Spark Ignition Direct Injection,,,N,SAE 0W-20,N,No,,27.5,4,4,TNSXV03.0BXW,2,,8000.0,524,371,469,,,
2026,BMW,TOYOTA,Supra 2.0,BMX,20,2.0,4,Auto(S8),25,31,27,32.5943,43.9,36.8668,25.1996,30.6012,27.374,TC,Turbocharged,SA,Semi-Automatic,8,Y,N,R,"2-Wheel Drive, Rear",10.0,GP,Gasoline (Premium Unleaded Recommended),MPG,miles per gallon,N,Not exempt,,,,,2300,2300,SIDI; ,2,2,1,Two Seaters,car,Derived 5-cycle label,2025-03-01,36361,Y,N,N,N,,N,,Y,variable valve timing at inlet and outlet valves,Y,variable valve lift only at inlet valves,,,,,,,,,,,,,,,,GDI,Spark Ignition Direct Injection,,,N,0W20,Y,Yes,,37.1,5,5,TBMXV02.0B4X,6,,3000.0,350,288,322,,,
2026,BMW,TOYOTA,Supra 3.0,BMX,21,3.0,6,Auto(S8),22,29,25,28.5,42.0,33.3194,22.3233,29.401,25.0353,TC,Turbocharged,SA,Semi-Automatic,8,Y,N,R,"2-Wheel Drive, Rear",10.0,GP,Gasoline (Premium Unleaded Recommended),MPG,miles per gallon,N,Not exempt,,,,,2500,2500,SIDI; ,2,2,1,Two Seaters,car,Derived 5-cycle label,2025-03-01,36362,N,N,N,N,,N,,Y,variable valve timing at inlet and outlet valves,Y,variable valve lift only at inlet valves,,,,,,,,,,,,,,,,GDI,Spark Ignition Direct Injection,,,N,0W20,Y,Yes,,33.5,5,5,TBMXV03.0B5X,4,,4000.0,391,298,349,,,
2026,BMW,TOYOTA,Supra 3.0,BMX,22,3.0,6,Manual(M6),19,26,21,23.5,37.0,28.1164,18.7066,26.1934,21.4679,TC,Turbocharged,M,Manual,6,N,N,R,"2-Wheel Drive, Rear",10.0,GP,Gasoline (Premium Unleaded Recommended),MPG,miles per gallon,N,Not exempt,,,,,2950,2950,SIDI; ,2,2,1,Two Seaters,car,Derived 5-cycle label,2025-03-01,36363,N,N,N,N,,N,,Y,variable valve timing at inlet and outlet valves,Y,variable valve lift only at inlet valves,,,,,,,,,,,,,,,,GDI,Spark Ignition Direct Injection,,,N,0W20,Y,Yes,,28.3,4,4,TBMXV03.0B5X,4,,6250.0,468,334,408,,,
2026,aston martin,Aston Martin Lagonda Ltd,DB12 V8,ASX,1,4.0,8,Auto(A8),15,22,17,18.2632,31.2873,22.4729,14.7902,22.4388,17.4699,TC,Turbocharged,A,Automatic,8,Y,N,R,"2-Wheel Drive, Rear",10.0,GP,Gasoline (Premium Unleaded Recommended),MPG,miles per gallon,N,Not exempt,72.0,9.0,,,3650,3650,SIDI; ,2,2,2,Minicompact Cars,car,Derived 5-cycle label,2025-06-06,37417,N,N,N,N,Power specification DB12,N,,Y,Inlet and Exhaust Cam Phasing,N,,,,,,,,,,,,,,,,,GDI,Spark Ignition Direct Injection,N,,N,0W40,N,No,DB12 V8,22.6,3,3,TASXJ04.0AEX,4,,9750.0,599,395,507,,,
2026,Ferrari,Ferrari S.p.A.,Roma Spider,FEX,174,3.9,8,Auto(AM8),17,22,19,21.0545,31.1461,26.6483,16.8945,22.3448,18.9775,TC,Turbocharged,AM,Automated Manual,8,N,N,R,"2-Wheel Drive, Rear",10.0,GPR,Gasoline (Premium Unleaded Required),MPG,miles per gallon,N,Not exempt,78.0,6.0,,,3300,3300,SIDI; ,2,2,2,Minicompact Cars,car,Derived 5-cycle label,2025-09-30,37589,Y,N,N,N,,N,Not applicable.,Y,Variable camshaft timing for exhaust and inlet.,N,Not applicable.,,,,,,,,,,,,,,,,GDI,Spark Ignition Direct Injection,N,,N,5W40,Y,Yes,Ferrari Roma Spider,24.8,4,4,TFEXV03.9T50,5,,8000.0,524,397,467,,,
2026,Toyota,LEXUS,LC 500 CONVERTIBLE,TYX,114,5.0,8,Auto(S10),15,25,18,18.2,34.9,23.1944,14.7421,24.8246,18.039,,Naturally Aspirated,SA,Semi-Automatic,10,Y,N,R,"2-Wheel Drive, Rear",15.0,GPR,Gasoline (Premium Unleaded Required),MPG,miles per gallon,N,Not exempt,75.0,3.0,,,3450,3450,SIDI & PFI; ,2,2,2,Minicompact Cars,car,Derived 5-cycle label,2025-08-18,36988,N,N,N,N,,N,,Y,Intake and exhaust,N,,,,,,,,,,,,,,,,,GDPI,Spark Ignition direct & ported injection,,,N,5W-30,N,No,,23.5,3,3,TTYXV05.0B5A,4,,8750.0,598,356,489,,,
2026,Mercedes-Benz,Mercedes-Benz,AMG SL 43,MBX,222,2.0,4,Auto(A9),19,27,22,24.2,38.0,28.9273,19.22,26.8407,22.0354,TC,Turbocharged,A,Automatic,9,Y,N,R,"2-Wheel Drive, Rear",10.0,GPR,Gasoline (Premium Unleaded Required),MPG,miles per gallon,N,Not exempt,76.0,6.0,,,2850,2850,SIDI; Mild Hybrid; ,2,2,2,Minicompact Cars,car,Derived 5-cycle label,2025-07-30,37225,,N,N,N,M139-20DETC,N,,Y,Allows timing of the intake / exhaust valves to be changed while the engine is in operation,Y,Camtronic on the exhaust camshift with 2 cams for each cylinder: Low/High,Battery(s),1.0,Lithium Ion,48.0,11.3,78.2,On-Board,Electrical Regen Brake,Both,N,RSG Engine with 48V Technology,1.0,DC Brushless,,10,GDI,Spark Ignition Direct Injection,N,N,N,0W30,Y,Yes,AMG SL 43,29.1,4,4,TMBXV02.0HY7,4,,5750.0,459,329,400,,,
2026,Mercedes-Benz,Mercedes-Benz,AMG SL 55 4MATIC+,MBX,232,4.0,8,Auto(A9),14,21,16,16.7,28.5,20.5239,13.5947,20.571,16.043,TC,Turbocharged,A,Automatic,9,Y,N,A,All Wheel Drive,10.0,GPR,Gasoline (Premium Unleaded Required),MPG,miles per gallon,N,Not exempt,76.0,6.0,,,3900,3900,SIDI; ,2,2,2,Minicompact Cars,car,Derived 5-cycle label,2025-08-02,37258,,N,N,N,"AMG SL 63 4MATIC+, AMG GT 63 4MATIC+, SL 680 Maybach",N,,Y,Allows timing of the intake / exhaust valves to be changed while the engine is in operation,N,,,,,,,,,,,,,,,,,GDI,Spark Ignition Direct Injection,,,N,5W40,Y,Yes,AMG SL 55 4MATIC+,20.7,3,3,TMBXV04.0U3A,4,,11000.0,651,430,552,,,
2026,Mercedes-Benz,Mercedes-Benz,AMG SL 63 4MATIC+,MBX,231,4.0,8,Auto(A9),14,21,16,16.7,28.5,20.5239,13.5947,20.571,16.043,TC,Turbocharged,A,Automatic,9,Y,N,A,All Wheel Drive,10.0,GPR,Gasoline (Premium Unleaded Required),MPG,miles per gallon,N,Not exempt,76.0,6.0,,,3900,3900,SIDI; ,2,],2,Minicompact Cars,car,Derived 5-cycle label,2025-08-02,37257,,N,N,N,"AMG SL 63 4MATIC+, AMG GT 63 4MATIC+, SL 680 Maybach",N,,Y,Allows timing of the intake / exhaust valves to be changed while the engine is in operation,N,,,,,,,,,,,,,,,,,GDI,Spark Ignition Direct Injection,,,N,5W40,Y,Yes,AMG SL 63 4MATIC+,20.7,3,3,TMBXV04.0U3A,4,,11000.0,651,430,552,,,
2026,Mercedes-Benz,Mercedes-Benz,SL 680 Maybach,MBX,230,4.0,8,Auto(A9),13,20,16,16.5,28.3,20.311,13.4408,20.4361,15.8881,TC,Turbocharged,A,Automatic,9,Y,N,A,All Wheel Drive,10.0,GPR,Gasoline (Premium Unleaded Required),MPG,miles per gallon,N,Not exempt,76.0,6.0,,,3900,3900,SIDI; ,2,2,2,Minicompact Cars,car,Derived 5-cycle label,2025-08-02,37256,,N,N,N,"AMG SL 63 4MATIC+, AMG GT 63 4MATIC+, SL 680 Maybach",N,,Y,Allows timing of the intake / exhaust valves to be changed while the engine is in operation,N,,,,,,,,,,,,,,,,,GDI,Spark Ignition Direct Injection,,,N,5W40,Y,Yes,SL 680 Maybach,20.5,3,3,TMBXV04.0U3A,4,,11000.0,659,434,558,,,
2026,BMW,Mini,Cooper C Convertible,BMX,37,2.0,4,Auto(AM-S7),27,37,30,34.7914,53.7781,41.3629,26.7127,36.6809,30.4345,TC,Turbocharged,AMS,Automated Manual- Selectable (e.g. Automated Manual with paddles),7,N,N,F,"2-Wheel Drive, Front",10.0,GP,Gasoline (Premium Unleaded Recommended),MPG,miles per gallon,N,Not exempt,77.0,5.0,,,2100,2100,SIDI & PFI; ,2,2,2,Minicompact Cars,car,Derived 5-cycle label,2025-08-01,36951,Y,N,N,N,,N,,Y,variable valve timing at inlet and outlet valves,Y,variable valve lift only at inlet valves,,,,,,,,,,,,,,,,GDPI,Spark Ignition direct & ported injection,,,N,0W20,Y,Yes,,41.7,6,6,TBMXV02.0F6X,6,,2000.0,327,238,287,,,
2026,BMW,Mini,Cooper S Convertible,BMX,59,2.0,4,Auto(AM-S7),26,36,30,34.4267,52.2002,40.6559,26.4629,35.7274,29.9588,TC,Turbocharged,AMS,Automated Manual- Selectable (e.g. Automated Manual with paddles),7,N,N,F,"2-Wheel Drive, Front",10.0,GP,Gasoline (Premium Unleaded Recommended),MPG,miles per gallon,N,Not exempt,77.0,5.0,,,2100,2100,SIDI & PFI; ,2,2,2,Minicompact Cars,car,Derived 5-cycle label,2025-08-01,36952,Y,N,N,N,,N,,Y,variable valve timing at inlet and outlet valves,Y,variable valve lift only at inlet valves,,,,,,,,,,,,,,,,GDPI,Spark Ignition direct & ported injection,,,N,0W20,Y,Yes,,40.9,6,6,TBMXV02.0F6X,6,,2000.0,330,245,292,,,
2026,BMW,Mini,JCW Convertible,BMX,82,2.0,4,Auto(AM-S7),26,35,30,33.9606,51.7166,40.1662,26.143,35.4338,29.6403,TC,Turbocharged,AMS,Automated Manual- Selectable (e.g. Automated Manual with paddles),7,N,N,F,"2-Wheel Drive, Front",10.0,GP,Gasoline (Premium Unleaded Recommended),MPG,miles per gallon,N,Not exempt,77.0,5.0,,,2100,2100,SIDI & PFI; ,2,2,2,Minicompact Cars,car,Derived 5-cycle label,2025-08-01,37044,Y,N,N,N,,N,,Y,Variable Valve Timing at inlet and outlet valves,Y,Variable Valve Lift at inlet valves,,,,,,,,,,,,,,,,GDPI,Spark Ignition direct & ported injection,N,N,N,0W-20,Y,Yes,,40.4,6,6,TBMXJ02.0M4P,7,,2000.0,335,247,296,,,
2026,Porsche,Porsche,911 Carrera,PRX,102,3.0,6,Auto(AM-S8),18,25,21,22.8,35.9,27.2795,18.1909,25.478,20.878,TC,Turbocharged,AMS,Automated Manual- Selectable (e.g. Automated Manual with paddles),8,N,N,R,"2-Wheel Drive, Rear",10.0,GPR,Gasoline (Premium Unleaded Required),MPG,miles per gallon,N,Not exempt,70.0,5.0,,,2950,2950,SIDI; ,2,2,2,Minicompact Cars,car,Derived 5-cycle label,2025-08-18,37333,,N,N,N,Base models; engine code DYH,N,,Y,VarioCam Plus,Y,VarioCam Plus,,,,,,,,,,,,,,,,GDI,Spark Ignition Direct Injection,,,N,0W40,Y,Yes,,27.5,4,4,TPRXV03.0C92,4,,6250.0,486,348,424,,,
2026,Porsche,Porsche,911 Carrera 4 GTS,PRX,134,3.6,6,Auto(AM-S8),17,23,19,21.9,32.9,25.7785,17.0,23.0,19.0,TC,Turbocharged,AMS,Automated Manual- Selectable (e.g. Automated Manual with paddles),8,N,N,A,All Wheel Drive,10.0,GPR,Gasoline (Premium Unleaded Required),MPG,miles per gallon,N,Not exempt,70.0,5.0,,,3300,3300,SIDI; ,2,2,2,Minicompact Cars,car,Derived 5-cycle label,2025-08-28,37436,,N,N,N,,N,,Y,VarioCam,N,,,,,,,,,,,,,,,,,GDI,Spark Ignition Direct Injection,,,N,0W40,Y,Yes,,26.0,4,4,TPRXV03.6T92,5,,8000.0,523,387,468,,,
2026,Porsche,Porsche,911 Carrera 4 GTS Cabriolet,PRX,136,3.6,6,Auto(AM-S8),17,23,19,21.4,32.9,25.3944,17.1523,23.0,19.0,TC,Turbocharged,AMS,Automated Manual- Selectable (e.g. Automated Manual with paddles),8,N,N,A,All Wheel Drive,10.0,GPR,Gasoline (Premium Unleaded Required),MPG,miles per gallon,N,Not exempt,68.0,5.0,,,3300,3300,SIDI; ,2,2,2,Minicompact Cars,car,Derived 5-cycle label,2025-08-28,37434,,N,N,N,,N,,Y,VarioCam,N,,,,,,,,,,,,,,,,,GDI,Spark Ignition Direct Injection,,,N,0W40,Y,Yes,,25.6,4,4,TPRXV03.6T92,5,,8000.0,520,388,469,,,
2026,Porsche,Porsche,911 Carrera Cabriolet,PRX,104,3.0,6,Auto(AM-S8),18,25,21,22.7,36.2,27.2777,18.117,25.0,20.8829,TC,Turbocharged,AMS,Automated Manual- Selectable (e.g. Automated Manual with paddles),8,N,N,R,"2-Wheel Drive, Rear",10.0,GPR,Gasoline (Premium Unleaded Required),MPG,miles per gallon,N,Not exempt,68.0,5.0,,,2950,2950,SIDI; ,2,2,2,Minicompact Cars,car,Derived 5-cycle label,2025-08-15,37334,,N,N,N,Base models; engine code DYH,N,,Y,VarioCam Plus,Y,VarioCam Plus,,,,,,,,,,,,,,,,GDI,Spark Ignition Direct Injection,,,N,0W40,Y,Yes,,27.5,4,4,TPRXV03.0C92,4,,6250.0,489,354,429,,,
2026,Porsche,Porsche,911 Carrera GTS,PRX,130,3.6,6,Auto(AM-S8),17,24,20,22.3,33.9,26.3588,17.0,24.1681,20.2093,TC,Turbocharged,AMS,Automated Manual- Selectable (e.g. Automated Manual with paddles),8,N,N,R,"2-Wheel Drive, Rear",10.0,GPR,Gasoline (Premium Unleaded Required),MPG,miles per gallon,N,Not exempt,70.0,5.0,,,3100,3100,SIDI; ,2,2,2,Minicompact Cars,car,Derived 5-cycle label,2025-08-28,37432,,N,N,N,,N,,Y,VarioCam,N,,,,,,,,,,,,,,,,,GDI,Spark Ignition Direct Injection,,,N,0W40,Y,Yes,,26.6,4,4,TPRXV03.6T92,5,,7000.0,522,367,453,,,
2026,Porsche,Porsche,911 Carrera GTS Cabriolet,PRX,132,3.6,6,Auto(AM-S8),17,23,19,22.0,33.5,26.0194,17.0,23.0,19.0,TC,Turbocharged,AMS,Automated Manual- Selectable (e.g. Automated Manual with paddles),8,N,N,R,"2-Wheel Drive, Rear",10.0,GPR,Gasoline (Premium Unleaded Required),MPG,miles per gallon,N,Not exempt,68.0,5.0,,,3300,3300,SIDI; ,2,2,2,Minicompact Cars,car,Derived 5-cycle label,2025-08-28,37433,,N,N,N,,N,,Y,VarioCam,N,,,,,,,,,,,,,,,,,GDI,Spark Ignition Direct Injection,,,N,0W40,Y,Yes,,26.2,4,4,TPRXV03.6T92,5,,8000.0,522,386,467,,,
2026,Porsche,Porsche,911 Carrera S,PRX,106,3.0,6,Auto(AM-S8),17,24,20,22.8,34.7,26.9606,17.0,24.0,20.0,TC,Turbocharged,AMS,Automated Manual- Selectable (e.g. Automated Manual with paddles),8,N,N,R,"2-Wheel Drive, Rear",10.0,GPR,Gasoline (Premium Unleaded Required),MPG,miles per gallon,N,Not exempt,70.0,5.0,,,3100,3100,SIDI; ,2,2,2,Minicompact Cars,car,Derived 5-cycle label,2025-08-15,37335,,N,N,N,"S models, engine code DYH",N,,Y,VarioCam Plus,Y,VarioCam Plus,,,,,,,,,,,,,,,,GDI,Spark Ignition Direct Injection,,,N,0W40,Y,Yes,,27.2,4,4,TPRXV03.0C92,4,,7000.0,524,371,445,,,
2026,Porsche,Porsche,911 Carrera S Cabriolet,PRX,108,3.0,6,Auto(AM-S8),17,24,20,22.3,35.1,26.6779,17.0,24.0,20.4522,TC,Turbocharged,AMS,Automated Manual- Selectable (e.g. Automated Manual with paddles),8,N,N,R,"2-Wheel Drive, Rear",10.0,GPR,Gasoline (Premium Unleaded Required),MPG,miles per gallon,N,Not exempt,68.0,5.0,,,3100,3100,SIDI; ,2,2,2,Minicompact Cars,car,Derived 5-cycle label,2025-08-15,37336,,N,N,N,"S models, engine code DYH",N,,Y,VarioCam Plus,Y,VarioCam Plus,,,,,,,,,,,,,,,,GDI,Spark Ignition Direct Injection,,,N,0W40,Y,Yes,,26.9,4,4,TPRXV03.0C92,4,,7000.0,524,372,455,,,
2026,Porsche,Porsche,911 Carrera T,PRX,109,3.0,6,Manual(M6),17,25,20,21.3,35.2,25.9029,17.0777,25.0209,19.924,TC,Turbocharged,M,Manual,6,N,N,R,"2-Wheel Drive, Rear",10.0,GPR,Gasoline (Premium Unleaded Required),MPG,miles per gallon,N,Not exempt,70.0,5.0,,,3100,3100,SIDI; ,2,2,2,Minicompact Cars,car,Derived 5-cycle label,2025-08-15,37337,,N,N,N,Base models; engine code DYH,N,,Y,VarioCam Plus,Y,VarioCam Plus,,,,,,,,,,,,,,,,GDI,Spark Ignition Direct Injection,,,N,0W40,Y,Yes,,26.1,4,4,TPRXV03.0C92,4,,7000.0,523,356,448,,,
2026,Porsche,Porsche,911 Carrera T Cabriolet,PRX,111,3.0,6,Manual(M6),17,25,19,21.1,35.2,25.7397,16.9285,25.0209,19.0,TC,Turbocharged,M,Manual,6,N,N,R,"2-Wheel Drive, Rear",10.0,GPR,Gasoline (Premium Unleaded Required),MPG,miles per gallon,N,Not exempt,68.0,5.0,,,3300,3300,SIDI; ,2,2,2,Minicompact Cars,car,Derived 5-cycle label,2025-08-15,37338,,N,N,N,Base models; engine code DYH,N,,Y,VarioCam Plus,Y,VarioCam Plus,,,,,,,,,,,,,,,,GDI,Spark Ignition Direct Injection,,,N,0W40,Y,Yes,,25.9,4,4,TPRXV03.0C92,4,,8000.0,526,356,469,,,
2026,Porsche,Porsche,911 Targa 4 GTS,PRX,138,3.6,6,Auto(AM-S8),17,23,19,22.1,33.3,26.0414,17.0,23.0,19.0,TC,Turbocharged,AMS,Automated Manual- Selectable (e.g. Automated Manual with paddles),8,N,N,A,All Wheel Drive,10.0,GPR,Gasoline (Premium Unleaded Required),MPG,miles per gallon,N,Not exempt,70.0,5.0,,,3300,3300,SIDI; ,2,2,2,Minicompact Cars,car,Derived 5-cycle label,2025-08-28,37435,,N,N,N,,N,,Y,VarioCam,N,,,,,,,,,,,,,,,,,GDI,Spark Ignition Direct Injection,,,N,0W40,Y,Yes,,26.0,4,4,TPRXV03.6T92,5,,8000.0,523,385,467,,,
2026,Subaru,Subaru,BRZ,FJX,1,2.4,4,Manual(M6),20,27,22,24.7,37.8,29.2638,19.5853,26.7115,22.2574,,Naturally Aspirated,M,Manual,6,N,N,R,"2-Wheel Drive, Rear",15.0,GPR,Gasoline (Premium Unleaded Required),MPG,miles per gallon,N,Not exempt,77.0,6.0,,,2850,2850,SIDI & PFI; ,2,2,2,Minicompact Cars,car,Derived 5-cycle label,2025-09-01,37529,N,N,N,N,,N,,Y,Intake and Exhaust,N,,,,,,,,,,,,,,,,,GDPI,Spark Ignition direct & ported injection,,,N,ILSAC GF-6 0W-20,N,No,,29.3,4,4,TFJXV02.4AJM,2,,5750.0,453,333,399,,,
2026,Subaru,Subaru,BRZ,FJX,2,2.4,4,Auto(S6),21,30,25,27.0,43.5,32.5572,21.2505,30.3494,24.5646,,Naturally Aspirated,SA,Semi-Automatic,6,Y,N,R,"2-Wheel Drive, Rear",15.0,GPR,Gasoline (Premium Unleaded Required),MPG,miles per gallon,N,Not exempt,77.0,6.0,,,2500,2500,SIDI & PFI; ,2,2,2,Minicompact Cars,car,Derived 5-cycle label,2025-09-01,37530,N,N,N,N,,N,,Y,Intake and Exhaust,N,,,,,,,,,,,,,,,,,GDPI,Spark Ignition direct & ported injection,,,N,ILSAC GF-6 0W-20,N,No,,32.6,5,5,TFJXV02.4AJM,2,,4000.0,419,292,362,,,
2026,Volkswagen Group of,Audi,A3 quattro,VGA,22,2.0,4,Auto(AM-S7),24,34,28,30.9,48.6,36.9568,24.0184,33.5269,27.5322,TC,Turbocharged,AMS,Automated Manual- Selectable (e.g. Automated Manual with paddles),7,N,N,A,All Wheel Drive,15.0,GP,Gasoline (Premium Unleaded Recommended),MPG,miles per gallon,N,Not exempt,,,87.0,8.0,2200,2200,SIDI; ,2,2,3,Subcompact Cars,car,Derived 5-cycle label,2025-09-09,37564,Y,N,N,N,Applies to DYWA var: 0,N,,Y,CONTINUOUSLY VARIABLE VALVE TIMING,Y,AUDI VALVE LIFT SYSTEM,,,,,,,,,,,,,,,,GDI,Spark Ignition Direct Injection,N,N,N,0W20 VW50800,Y,Yes,,37.2,5,5,TVGAV02.0A3N,6,,2500.0,370,265,323,,,
2026,Volkswagen Group of,Audi,RS 3,VGA,26,2.5,5,Auto(AM-S7),20,29,23,24.2,40.6,29.5762,19.7175,28.6631,22.9391,TC,Turbocharged,AMS,Automated Manual- Selectable (e.g. Automated Manual with paddles),7,Y,N,A,All Wheel Drive,15.0,GP,Gasoline (Premium Unleaded Recommended),MPG,miles per gallon,N,Not exempt,,,87.0,8.0,2700,2700,SIDI; ,2,2,3,Subcompact Cars,car,Vehicle Specific 5-cycle label,2025-09-11,37583,Y,N,N,N,Applies to DXHB var: 0,N,,Y,CONTINUOUSLY VARIABLE VALVE TIMING,Y,AUDI VALVE LIFT SYSTEM,,,,,,,,,,,,,,,,GDI,Spark Ignition Direct Injection,N,N,N,0W30 VW50400 / VW50700,N,No,,29.8,5,5,TVGAV02.5NAG,2,,5000.0,450,310,387,,,
2026,Volkswagen Group of,Audi,S3,VGA,23,2.0,4,Auto(AM-S7),23,31,26,27.9,43.0,33.1363,22.5587,30.9192,25.6839,TC,Turbocharged,AMS,Automated Manual- Selectable (e.g. Automated Manual with paddles),7,N,N,A,All Wheel Drive,15.0,GP,Gasoline (Premium Unleaded Recommended),MPG,miles per gallon,N,Not exempt,,,87.0,8.0,2400,2400,SIDI; ,2,2,3,Subcompact Cars,car,Vehicle Specific 5-cycle label,2025-09-11,37585,Y,N,N,N,Applies to DSFD var: 0,N,,Y,CONTINUOUSLY VARIABLE VALVE TIMING,Y,AUDI VALVE LIFT SYSTEM,,,,,,,,,,,,,,,,GDI,Spark Ignition Direct Injection,N,N,N,0W30 VW50400 / VW50700,Y,Yes,,33.4,5,5,TVGAV02.0A7N,4,,3500.0,394,288,346,,,
2026,BMW,BMW,230i Coupe,BMX,200,2.0,4,Auto(S8),26,35,30,34.3,50.9,40.1996,26.3761,34.9367,29.6448,TC,Turbocharged,SA,Semi-Automatic,8,Y,N,R,"2-Wheel Drive, Rear",10.0,GP,Gasoline (Premium Unleaded Recommended),MPG,miles per gallon,N,Not exempt,88.0,10.0,,,2100,2100,SIDI; ,2,2,3,Subcompact Cars,car,Derived 5-cycle label,2025-08-01,36641,Y,N,N,N,,N,,Y,variable valve timing at inlet and outlet valves,Y,variable valve lift only at inlet valves,,,,,,,,,,,,,,,,GDI,Spark Ignition Direct Injection,,,N,0W20,Y,Yes,,40.5,6,6,TBMXV02.0M48,2,,2000.0,333,251,296,,,
2026,BMW,BMW,230i xDrive Coupe,BMX,201,2.0,4,Auto(S8),25,33,28,31.8,48.2,37.5492,24.6475,33.2803,27.9047,TC,Turbocharged,SA,Semi-Automatic,8,Y,N,A,All Wheel Drive,10.0,GP,Gasoline (Premium Unleaded Recommended),MPG,miles per gallon,N,Not exempt,88.0,10.0,,,2200,2200,SIDI; ,2,2,3,Subcompact Cars,car,Derived 5-cycle label,2025-08-01,36643,N,N,N,N,,N,,Y,variable valve timing at inlet and outlet valves,Y,variable valve lift only at inlet valves,,,,,,,,,,,,,,,,GDI,Spark Ignition Direct Injection,,,N,0W20,Y,Yes,,37.8,5,5,TBMXV02.0M48,2,,2500.0,355,262,313,,,
2026,BMW,BMW,430i Convertible,BMX,404,2.0,4,Auto(S8),27,35,30,34.5329,50.4671,40.2519,26.5357,34.6724,29.6688,TC,Turbocharged,SA,Semi-Automatic,8,Y,N,R,"2-Wheel Drive, Rear",10.0,GP,Gasoline (Premium Unleaded Recommended),MPG,miles per gallon,N,Not exempt,84.0,9.0,,,2100,2100,SIDI & PFI; Mild Hybrid; ,2,2,3,Subcompact Cars,car,Derived 5-cycle label,2025-04-01,36634,Y,N,N,N,,N,,Y,Variable Valve Timing at inlet and outlet valves,Y,Variable Valve Lift at inlet valves and two settings at outlet valves,Battery(s),1.0,Lithium Ion,44.0,10.0,40.0,On-Board,Electrical Regen Brake,Both,N,"330i Sedan, 330i xDrive Sedan, 430i Convertible, 430i Coupe, 430i xDrive Convertible 430i xDrive Coupe, 430i Gran Coupe and 430i xDrive Gran Coupe: Battery Energy Capacity 10.0 Ah, Total Voltage of Battery Pack(s) 44 V, Battery Specific Energy 40.0 Wh/kg, Motor/Generator Type: EESM 8 kW Starter Generator Engine with 48V Technology; Motor/Generator Type: externally excited synchronuous machine (EESM); X3 xDrive30i: Battery Energy Capacity 19.2 Ah, Total Voltage of Battery Pack(s) 43.9 V, Battery Specific Energy 65.0 Wh/kg, Motor/Generator Type: EESM 8 kW Starter Generator Engine with 48V Technology; Motor/Generator Type: externally excited synchronuous machine (EESM)",1.0,Other,EESM,8,GDPI,Spark Ignition direct & ported injection,N,N,N,0W-12,Y,Yes,,40.5,6,6,TBMXJ02.0B4P,7,,2000.0,329,253,295,,,
2026,BMW,BMW,430i Coupe,BMX,400,2.0,4,Auto(S8),28,36,31,36.3054,52.4427,42.1407,27.7432,35.8743,30.8942,TC,Turbocharged,SA,Semi-Automatic,8,Y,N,R,"2-Wheel Drive, Rear",10.0,GP,Gasoline (Premium Unleaded Recommended),MPG,miles per gallon,N,Not exempt,86.0,12.0,,,2000,2000,SIDI & PFI; Mild Hybrid; ,2,2,3,Subcompact Cars,car,Derived 5-cycle label,2025-04-01,36635,Y,N,N,N,,N,,Y,Variable Valve Timing at inlet and outlet valves,Y,Variable Valve Lift at inlet valves and two settings at outlet valves,Battery(s),1.0,Lithium Ion,44.0,10.0,40.0,On-Board,Electrical Regen Brake,Both,N,"330i Sedan, 330i xDrive Sedan, 430i Convertible, 430i Coupe, 430i xDrive Convertible 430i xDrive Coupe, 430i Gran Coupe and 430i xDrive Gran Coupe: Battery Energy Capacity 10.0 Ah, Total Voltage of Battery Pack(s) 44 V, Battery Specific Energy 40.0 Wh/kg, Motor/Generator Type: EESM 8 kW Starter Generator Engine with 48V Technology; Motor/Generator Type: externally excited synchronuous machine (EESM); X3 xDrive30i: Battery Energy Capacity 19.2 Ah, Total Voltage of Battery Pack(s) 43.9 V, Battery Specific Energy 65.0 Wh/kg, Motor/Generator Type: EESM 8 kW Starter Generator Engine with 48V Technology; Motor/Generator Type: externally excited synchronuous machine (EESM)",1.0,Other,EESM,8,GDPI,Spark Ignition direct & ported injection,N,N,N,0W-12,Y,Yes,,42.4,6,6,TBMXJ02.0B4P,7,,1500.0,315,248,285,,,
2026,BMW,BMW,430i xDrive Convertible,BMX,405,2.0,4,Auto(S8),24,33,28,31.443,47.9883,37.2172,24.3984,33.1495,27.6875,TC,Turbocharged,SA,Semi-Automatic,8,Y,N,A,All Wheel Drive,10.0,GP,Gasoline (Premium Unleaded Recommended),MPG,miles per gallon,N,Not exempt,84.0,9.0,,,2200,2200,SIDI & PFI; Mild Hybrid; ,2,2,3,Subcompact Cars,car,Derived 5-cycle label,2025-04-01,36636,N,N,N,N,,N,,Y,Variable Valve Timing at inlet and outlet valves,Y,Variable Valve Lift at inlet valves and two settings at outlet valves,Battery(s),1.0,Lithium Ion,44.0,10.0,40.0,On-Board,Electrical Regen Brake,Both,N,"330i Sedan, 330i xDrive Sedan, 430i Convertible, 430i Coupe, 430i xDrive Convertible 430i xDrive Coupe, 430i Gran Coupe and 430i xDrive Gran Coupe: Battery Energy Capacity 10.0 Ah, Total Voltage of Battery Pack(s) 44 V, Battery Specific Energy 40.0 Wh/kg, Motor/Generator Type: EESM 8 kW Starter Generator Engine with 48V Technology; Motor/Generator Type: externally excited synchronuous machine (EESM); X3 xDrive30i: Battery Energy Capacity 19.2 Ah, Total Voltage of Battery Pack(s) 43.9 V, Battery Specific Energy 65.0 Wh/kg, Motor/Generator Type: EESM 8 kW Starter Generator Engine with 48V Technology; Motor/Generator Type: externally excited synchronuous machine (EESM)",1.0,Other,EESM,8,GDPI,Spark Ignition direct & ported injection,N,N,N,0W-12,Y,Yes,,37.5,5,5,TBMXJ02.0B4P,7,,2500.0,359,263,316,,,
2026,BMW,BMW,430i xDrive Coupe,BMX,402,2.0,4,Auto(S8),27,34,30,35.148,49.7118,40.4853,26.9563,34.2101,29.7997,TC,Turbocharged,SA,Semi-Automatic,8,Y,N,A,All Wheel Drive,10.0,GP,Gasoline (Premium Unleaded Recommended),MPG,miles per gallon,N,Not exempt,86.0,12.0,,,2100,2100,SIDI & PFI; Mild Hybrid; ,2,2,3,Subcompact Cars,car,Derived 5-cycle label,2025-04-01,36637,Y,N,N,N,,N,,Y,Variable Valve Timing at inlet and outlet valves,Y,Variable Valve Lift at inlet valves and two settings at outlet valves,Battery(s),1.0,Lithium Ion,44.0,10.0,40.0,On-Board,Electrical Regen Brake,Both,N,"330i Sedan, 330i xDrive Sedan, 430i Convertible, 430i Coupe, 430i xDrive Convertible 430i xDrive Coupe, 430i Gran Coupe and 430i xDrive Gran Coupe: Battery Energy Capacity 10.0 Ah, Total Voltage of Battery Pack(s) 44 V, Battery Specific Energy 40.0 Wh/kg, Motor/Generator Type: EESM 8 kW Starter Generator Engine with 48V Technology; Motor/Generator Type: externally excited synchronuous machine (EESM); X3 xDrive30i: Battery Energy Capacity 19.2 Ah, Total Voltage of Battery Pack(s) 43.9 V, Battery Specific Energy 65.0 Wh/kg, Motor/Generator Type: EESM 8 kW Starter Generator Engine with 48V Technology; Motor/Generator Type: externally excited synchronuous machine (EESM)",1.0,Other,EESM,8,GDPI,Spark Ignition direct & ported injection,N,N,N,0W-12,Y,Yes,,40.8,6,6,TBMXJ02.0B4P,7,,2000.0,325,256,294,,,
2026,BMW,BMW,840i Convertible,BMX,804,3.0,6,Auto(S8),21,29,24,26.808,41.4574,31.8767,21.1125,29.0564,24.0743,TC,Turbocharged,SA,Semi-Automatic,8,Y,N,R,"2-Wheel Drive, Rear",10.0,GP,Gasoline (Premium Unleaded Recommended),MPG,miles per gallon,N,Not exempt,81.0,12.0,,,2600,2600,SIDI; ,2,2,3,Subcompact Cars,car,Derived 5-cycle label,2025-04-01,36406,N,N,N,N,,N,,Y,Variable Valve Timing at inlet and outlet valves,Y,Variable Valve Lift at inlet valves,,,,,,,,,,,,,,,,GDI,Spark Ignition Direct Injection,,,N,0W-20,Y,Yes,,32.1,5,5,TBMXV03.0B07,2,,4500.0,420,305,368,,,
2026,BMW,BMW,840i Coupe,BMX,800,3.0,6,Auto(S8),21,29,24,26.8085,41.458,31.8773,21.1128,29.0568,24.0747,TC,Turbocharged,SA,Semi-Automatic,8,Y,N,R,"2-Wheel Drive, Rear",10.0,GP,Gasoline (Premium Unleaded Recommended),MPG,miles per gallon,N,Not exempt,81.0,15.0,,,2600,2600,SIDI; ,2,2,3,Subcompact Cars,car,Derived 5-cycle label,2025-04-01,36403,Y,N,N,N,,N,,Y,Variable Valve Timing at inlet and outlet valves,Y,Variable Valve Lift at inlet valves,,,,,,,,,,,,,,,,GDI,Spark Ignition Direct Injection,,,N,0W-20,Y,Yes,,32.1,5,5,TBMXV03.0B07,2,,4500.0,420,305,368,,,
2026,BMW,BMW,840i xDrive Convertible,BMX,806,3.0,6,Auto(S8),21,29,24,26.2738,40.8328,31.295,20.7274,28.6587,23.676,TC,Turbocharged,SA,Semi-Automatic,8,Y,N,A,All Wheel Drive,10.0,GP,Gasoline (Premium Unleaded Recommended),MPG,miles per gallon,N,Not exempt,81.0,12.0,,,2600,2600,SIDI; ,2,2,3,Subcompact Cars,car,Derived 5-cycle label,2025-04-01,36398,N,N,N,N,,N,,Y,Variable Valve Timing at inlet and outlet valves,Y,Variable Valve Lift at inlet valves,,,,,,,,,,,,,,,,GDI,Spark Ignition Direct Injection,,,N,0W-20,Y,Yes,,31.5,5,5,TBMXV03.0B07,2,,4500.0,426,308,373,,,
2026,BMW,BMW,840i xDrive Coupe,BMX,802,3.0,6,Auto(S8),21,29,24,26.2749,40.8342,31.2962,20.7282,28.6596,23.6768,TC,Turbocharged,SA,Semi-Automatic,8,Y,N,A,All Wheel Drive,10.0,GP,Gasoline (Premium Unleaded Recommended),MPG,miles per gallon,N,Not exempt,81.0,15.0,,,2600,2600,SIDI; ,2,2,3,Subcompact Cars,car,Derived 5-cycle label,2025-04-01,36396,Y,N,N,N,,N,,Y,Variable Valve Timing at inlet and outlet valves,Y,Variable Valve Lift at inlet valves,,,,,,,,,,,,,,,,GDI,Spark Ignition Direct Injection,,,N,0W-20,Y,Yes,,31.5,5,5,TBMXV03.0B07,2,,4500.0,426,308,373,,,
2026,BMW,BMW,M2 Coupe,BMX,280,3.0,6,Manual(M6),16,23,19,19.8398,32.8408,24.1403,15.9835,23.4695,18.6622,TC,Turbocharged,M,Manual,6,N,N,R,"2-Wheel Drive, Rear",10.0,GPR,Gasoline (Premium Unleaded Required),MPG,miles per gallon,N,Not exempt,88.0,10.0,,,3300,3300,SIDI; ,2,2,3,Subcompact Cars,car,Derived 5-cycle label,2025-08-01,36658,Y,N,N,N,,N,,Y,variable valve timing at inlet and outlet valves,Y,variable valve lift at inlet valves,,,,,,,,,,,,,,,,GDI,Spark Ignition Direct Injection,,,N,0W30,Y,Yes,,24.3,4,4,TBMXV03.0SM3,4,,8000.0,552,377,473,,,
2026,BMW,BMW,M2 Coupe,BMX,281,3.0,6,Auto(S8),16,23,19,20.3213,31.983,24.3101,16.3455,22.9013,18.7625,TC,Turbocharged,SA,Semi-Automatic,8,Y,N,R,"2-Wheel Drive, Rear",10.0,GPR,Gasoline (Premium Unleaded Required),MPG,miles per gallon,N,Not exempt,88.0,10.0,,,3300,3300,SIDI; ,2,2,3,Subcompact Cars,car,Derived 5-cycle label,2025-08-01,36659,Y,N,N,N,,N,,Y,variable valve timing at inlet and outlet valves,Y,variable valve lift at inlet valves,,,,,,,,,,,,,,,,GDI,Spark Ignition Direct Injection,,,N,0W30,Y,Yes,,24.5,4,4,TBMXV03.0SM3,4,,8000.0,535,381,466,,,
2026,BMW,BMW,M2 Coupe CS,BMX,295,3.0,6,Auto(S8),16,23,19,19.8765,32.3005,24.037,16.0112,23.1119,18.5799,TC,Turbocharged,SA,Semi-Automatic,8,Y,N,R,"2-Wheel Drive, Rear",10.0,GPR,Gasoline (Premium Unleaded Required),MPG,miles per gallon,N,Not exempt,88.0,10.0,,,3300,3300,SIDI; ,2,2,3,Subcompact Cars,car,Derived 5-cycle label,2025-08-01,37124,Y,N,N,N,,N,,Y,variable valve timing at inlet and outlet valves,Y,variable valve lift at inlet valves,,,,,,,,,,,,,,,,GDI,Spark Ignition Direct Injection,,,N,0W30,Y,Yes,,24.2,4,4,TBMXV03.0SM3,4,,8000.0,551,382,475,,,
2026,BMW,BMW,M240i Coupe,BMX,236,3.0,6,Auto(S8),23,32,26,28.8451,46.1111,34.6904,22.5686,31.9852,26.0152,TC,Turbocharged,SA,Semi-Automatic,8,Y,N,R,"2-Wheel Drive, Rear",10.0,GP,Gasoline (Premium Unleaded Recommended),MPG,miles per gallon,N,Not exempt,88.0,10.0,,,2400,2400,SIDI; ,2,2,3,Subcompact Cars,car,Derived 5-cycle label,2025-08-01,36646,Y,N,N,N,,N,,Y,variable valve timing at inlet and outlet valves,Y,variable valve lift only at inlet valves,,,,,,,,,,,,,,,,GDI,Spark Ignition Direct Injection,,,N,0W20,Y,Yes,,34.9,5,5,TBMXV03.0B5X,4,,3500.0,391,276,339,,,
2026,BMW,BMW,M240i xDrive Coupe,BMX,237,3.0,6,Auto(S8),23,32,26,29.1431,46.5663,35.0435,22.7801,32.2684,26.254,TC,Turbocharged,SA,Semi-Automatic,8,Y,N,A,All Wheel Drive,10.0,GP,Gasoline (Premium Unleaded Recommended),MPG,miles per gallon,N,Not exempt,88.0,10.0,,,2400,2400,SIDI; ,2,2,3,Subcompact Cars,car,Derived 5-cycle label,2025-08-01,36647,Y,N,N,N,,N,,Y,variable valve timing at inlet and outlet valves,Y,variable valve lift only at inlet valves,,,,,,,,,,,,,,,,GDI,Spark Ignition Direct Injection,,,N,0W20,Y,Yes,,35.3,5,5,TBMXV03.0B5X,4,,3500.0,387,274,336,,,
2026,BMW,BMW,M4 Competition Coupe,BMX,491,3.0,6,Auto(S8),16,23,19,20.182,32.0616,24.2204,16.2409,22.9535,18.7021,TC,Turbocharged,SA,Semi-Automatic,8,Y,N,R,"2-Wheel Drive, Rear",10.0,GPR,Gasoline (Premium Unleaded Required),MPG,miles per gallon,N,Not exempt,87.0,12.0,,,3300,3300,SIDI; ,2,2,3,Subcompact Cars,car,Derived 5-cycle label,2025-04-01,36432,N,N,N,N,,N,,Y,variable valve timing at inlet and outlet valves,Y,variable valve lift at inlet valves,,,,,,,,,,,,,,,,GDI,Spark Ignition Direct Injection,,,N,0W30,Y,Yes,,24.4,4,4,TBMXV03.0SM3,4,,8000.0,541,383,470,,,
2026,BMW,BMW,M4 Competition M xDrive Coupe,BMX,492,3.0,6,Auto(S8),16,23,18,19.8015,32.0624,23.9173,15.9547,22.954,18.4921,TC,Turbocharged,SA,Semi-Automatic,8,Y,N,A,All Wheel Drive,10.0,GPR,Gasoline (Premium Unleaded Required),MPG,miles per gallon,N,Not exempt,87.0,12.0,,,3450,3450,SIDI; ,2,2,3,Subcompact Cars,car,Derived 5-cycle label,2025-04-01,36430,Y,N,N,N,,N,,Y,variable valve timing at inlet and outlet valves,Y,variable valve lift at inlet valves,,,,,,,,,,,,,,,,GDI,Spark Ignition Direct Injection,,,N,0W30,Y,Yes,,24.1,3,3,TBMXV03.0SM3,4,,8750.0,547,381,472,,,
2026,BMW,BMW,M4 Coupe,BMX,480,3.0,6,Manual(M6),16,23,19,19.8955,32.4972,24.1012,16.0255,23.2422,18.6283,TC,Turbocharged,M,Manual,6,N,N,R,"2-Wheel Drive, Rear",10.0,GPR,Gasoline (Premium Unleaded Required),MPG,miles per gallon,N,Not exempt,87.0,12.0,,,3300,3300,SIDI; ,2,2,3,Subcompact Cars,car,Derived 5-cycle label,2025-04-01,36429,N,N,N,N,,N,,Y,variable valve timing at inlet and outlet valves,Y,variable valve lift at inlet valves,,,,,,,,,,,,,,,,GDI,Spark Ignition Direct Injection,,,N,0W30,Y,Yes,,24.3,4,4,TBMXV03.0SM3,4,,8000.0,548,379,472,,,
2026,BMW,BMW,M440i Convertible,BMX,414,3.0,6,Auto(S8),27,33,29,34.8321,47.6232,39.6209,26.7405,32.9238,29.209,TC,Turbocharged,SA,Semi-Automatic,8,Y,N,R,"2-Wheel Drive, Rear",10.0,GP,Gasoline (Premium Unleaded Recommended),MPG,miles per gallon,N,Not exempt,84.0,9.0,,,2150,2150,SIDI & PFI; Mild Hybrid; ,2,2,3,Subcompact Cars,car,Derived 5-cycle label,2025-04-01,36394,Y,N,N,N,,N,,Y,Variable Valve Timing at inlet and outlet valves,Y,Variable Valve Lift at inlet valves and two settings at outlet valves,Battery(s),1.0,Lithium Ion,44.0,10.0,38.0,On-Board,Electrical Regen Brake,Both,N,"M440i Convertible, M440i Coupe, M440i xDrive Convertible, M440i xDrive Coupe, M340i Sedan, M340i xDrive Sedan, M440i Gran Coupe and M440i xDrive Gran Coupe: Battery Energy Capacity 10.0 Ah, Total Voltage of Battery Pack(s) 44 V, Battery Specific Energy 38.0 Wh/kg, Motor/Generator Type: PMSM 9 kW; 540i xDrive Sedan: Battery Energy Capacity 20.0 Ah, Total Voltage of Battery Pack(s) 46.2 V, Battery Specific Energy 47.0 Wh/kg, Motor/Generator Type: PMSM 13 kW; X3 M50: Battery Energy Capacity 19.2 Ah, Total Voltage of Battery Pack(s) 43.9 V, Battery Specific Energy 65.0 Wh/kg, Motor/Generator Type: PMSM 13 kW Starter Generator Engine with 48V Technology; Motor/Generator Type: permanent magnet synchronous machine (PMSM)",1.0,Other,PMSM,9,GDPI,Spark Ignition direct & ported injection,N,N,N,0W-12,Y,Yes,,39.9,6,6,TBMXJ03.0B5P,6,,2250.0,327,266,300,,,
2026,BMW,BMW,M440i Coupe,BMX,410,3.0,6,Auto(S8),27,34,30,35.3324,49.355,40.512,27.082,33.9912,29.8086,TC,Turbocharged,SA,Semi-Automatic,8,Y,N,R,"2-Wheel Drive, Rear",10.0,GP,Gasoline (Premium Unleaded Recommended),MPG,miles per gallon,N,Not exempt,86.0,12.0,,,2100,2100,SIDI & PFI; Mild Hybrid; ,2,2,3,Subcompact Cars,car,Derived 5-cycle label,2025-04-01,36393,Y,N,N,N,,N,,Y,Variable Valve Timing at inlet and outlet valves,Y,Variable Valve Lift at inlet valves and two settings at outlet valves,Battery(s),1.0,Lithium Ion,44.0,10.0,38.0,On-Board,Electrical Regen Brake,Both,N,"M440i Convertible, M440i Coupe, M440i xDrive Convertible, M440i xDrive Coupe, M340i Sedan, M340i xDrive Sedan, M440i Gran Coupe and M440i xDrive Gran Coupe: Battery Energy Capacity 10.0 Ah, Total Voltage of Battery Pack(s) 44 V, Battery Specific Energy 38.0 Wh/kg, Motor/Generator Type: PMSM 9 kW; 540i xDrive Sedan: Battery Energy Capacity 20.0 Ah, Total Voltage of Battery Pack(s) 46.2 V, Battery Specific Energy 47.0 Wh/kg, Motor/Generator Type: PMSM 13 kW; X3 M50: Battery Energy Capacity 19.2 Ah, Total Voltage of Battery Pack(s) 43.9 V, Battery Specific Energy 65.0 Wh/kg, Motor/Generator Type: PMSM 13 kW Starter Generator Engine with 48V Technology; Motor/Generator Type: permanent magnet synchronous machine (PMSM)",1.0,Other,PMSM,9,GDPI,Spark Ignition direct & ported injection,N,N,N,0W-12,Y,Yes,,40.8,6,6,TBMXJ03.0B5P,6,,2000.0,323,262,296,,,
2026,BMW,BMW,M440i xDrive Convertible,BMX,415,3.0,6,Auto(S8),25,32,28,32.967,46.349,37.8898,25.4578,32.1333,28.0831,TC,Turbocharged,SA,Semi-Automatic,8,Y,N,A,All Wheel Drive,10.0,GP,Gasoline (Premium Unleaded Recommended),MPG,miles per gallon,N,Not exempt,84.0,9.0,,,2200,2200,SIDI & PFI; Mild Hybrid; ,2,2,3,Subcompact Cars,car,Derived 5-cycle label,2025-04-01,36391,Y,N,N,N,,N,,Y,Variable Valve Timing at inlet and outlet valves,Y,Variable Valve Lift at inlet valves and two settings at outlet valves,Battery(s),1.0,Lithium Ion,44.0,10.0,38.0,On-Board,Electrical Regen Brake,Both,N,"M440i Convertible, M440i Coupe, M440i xDrive Convertible, M440i xDrive Coupe, M340i Sedan, M340i xDrive Sedan, M440i Gran Coupe and M440i xDrive Gran Coupe: Battery Energy Capacity 10.0 Ah, Total Voltage of Battery Pack(s) 44 V, Battery Specific Energy 38.0 Wh/kg, Motor/Generator Type: PMSM 9 kW; 540i xDrive Sedan: Battery Energy Capacity 20.0 Ah, Total Voltage of Battery Pack(s) 46.2 V, Battery Specific Energy 47.0 Wh/kg, Motor/Generator Type: PMSM 13 kW; X3 M50: Battery Energy Capacity 19.2 Ah, Total Voltage of Battery Pack(s) 43.9 V, Battery Specific Energy 65.0 Wh/kg, Motor/Generator Type: PMSM 13 kW Starter Generator Engine with 48V Technology; Motor/Generator Type: permanent magnet synchronous machine (PMSM)",1.0,Other,PMSM,9,GDPI,Spark Ignition direct & ported injection,N,N,N,0W-12,Y,Yes,,38.1,5,5,TBMXJ03.0B5P,6,,2500.0,344,273,312,,,
2026,BMW,BMW,M440i xDrive Coupe,BMX,412,3.0,6,Auto(S8),26,33,29,34.3219,48.2615,39.4494,26.3911,33.3182,29.1151,TC,Turbocharged,SA,Semi-Automatic,8,Y,N,A,All Wheel Drive,10.0,GP,Gasoline (Premium Unleaded Recommended),MPG,miles per gallon,N,Not exempt,86.0,12.0,,,2150,2150,SIDI & PFI; Mild Hybrid; ,2,2,3,Subcompact Cars,car,Derived 5-cycle label,2025-04-01,36390,Y,N,N,N,,N,,Y,Variable Valve Timing at inlet and outlet valves,Y,Variable Valve Lift at inlet valves and two settings at outlet valves,Battery(s),1.0,Lithium Ion,44.0,10.0,38.0,On-Board,Electrical Regen Brake,Both,N,"M440i Convertible, M440i Coupe, M440i xDrive Convertible, M440i xDrive Coupe, M340i Sedan, M340i xDrive Sedan, M440i Gran Coupe and M440i xDrive Gran Coupe: Battery Energy Capacity 10.0 Ah, Total Voltage of Battery Pack(s) 44 V, Battery Specific Energy 38.0 Wh/kg, Motor/Generator Type: PMSM 9 kW; 540i xDrive Sedan: Battery Energy Capacity 20.0 Ah, Total Voltage of Battery Pack(s) 46.2 V, Battery Specific Energy 47.0 Wh/kg, Motor/Generator Type: PMSM 13 kW; X3 M50: Battery Energy Capacity 19.2 Ah, Total Voltage of Battery Pack(s) 43.9 V, Battery Specific Energy 65.0 Wh/kg, Motor/Generator Type: PMSM 13 kW Starter Generator Engine with 48V Technology; Motor/Generator Type: permanent magnet synchronous machine (PMSM)",1.0,Other,PMSM,9,GDPI,Spark Ignition direct & ported injection,N,N,N,0W-12,Y,Yes,,39.7,6,6,TBMXJ03.0B5P,6,,2250.0,332,263,301,,,
2026,BMW,BMW,M4CompetitionMxDriveConvertible,BMX,493,3.0,6,Auto(S8),16,22,18,19.6355,31.377,23.6115,15.8296,22.4985,18.2661,TC,Turbocharged,SA,Semi-Automatic,8,Y,N,A,All Wheel Drive,10.0,GPR,Gasoline (Premium Unleaded Required),MPG,miles per gallon,N,Not exempt,84.0,9.0,,,3450,3450,SIDI; ,2,2,3,Subcompact Cars,car,Derived 5-cycle label,2025-04-01,36431,N,N,N,N,,N,,Y,variable valve timing at inlet and outlet valves,Y,variable valve lift at inlet valves,,,,,,,,,,,,,,,,GDI,Spark Ignition Direct Injection,,,N,0W30,Y,Yes,,23.8,3,3,TBMXV03.0SM3,4,,8750.0,553,388,479,,,
2026,BMW,BMW,M850i xDrive Convertible,BMX,852,4.4,8,Auto(S8),17,24,19,20.8099,33.3597,25.0507,16.7116,23.8122,19.3016,TC,Turbocharged,SA,Semi-Automatic,8,Y,N,A,All Wheel Drive,10.0,GP,Gasoline (Premium Unleaded Recommended),MPG,miles per gallon,N,Not exempt,81.0,12.0,,,3300,3300,SIDI; ,2,2,3,Subcompact Cars,car,Derived 5-cycle label,2025-04-01,36414,N,N,N,N,,N,,Y,Variable Valve Timing at inlet and outlet valves,Y,Variable Valve Lift at inlet valves,,,,,,,,,,,,,,,,GDI,Spark Ignition Direct Injection,,,N,0W30,Y,Yes,,25.2,4,4,TBMXV04.4N63,2,,8000.0,526,371,456,,,
2026,BMW,BMW,M850i xDrive Coupe,BMX,850,4.4,8,Auto(S8),17,24,19,20.81,33.3596,25.0507,16.7117,23.8121,19.3017,TC,Turbocharged,SA,Semi-Automatic,8,Y,N,A,All Wheel Drive,10.0,GP,Gasoline (Premium Unleaded Recommended),MPG,miles per gallon,N,Not exempt,81.0,15.0,,,3300,3300,SIDI; ,2,2,3,Subcompact Cars,car,Derived 5-cycle label,2025-04-01,36413,N,N,N,N,,N,,Y,Variable Valve Timing at inlet and outlet valves,Y,Variable Valve Lift at inlet valves,,,,,,,,,,,,,,,,GDI,Spark Ignition Direct Injection,,,N,0W30,Y,Yes,,25.2,4,4,TBMXV04.4N63,2,,8000.0,526,371,456,,,
2026,Ford Motor Company,Ford,MUSTANG,FMX,3,5.0,8,Auto(S10),16,24,19,19.7422,35.931,24.7628,15.91,24.0,19.1506,,Naturally Aspirated,SA,Semi-Automatic,10,Y,N,R,"2-Wheel Drive, Rear",10.0,G,Gasoline (Regular Unleaded Recommended),MPG,miles per gallon,N,Not exempt,81.0,12.0,,,2600,2600,,2,2,3,Subcompact Cars,car,Derived 5-cycle label,2025-09-08,37743,N,N,N,N,Mustang GT Active Exhaust,N,,Y,TiVCT,N,,,,,,,,,,,,,,,,,MFI,Multipoint/sequential fuel injection,,,N,SAE 5W-30 / ILSAC GF-6,Y,Yes,,24.9,4,4,TFMXV05.0VKN,2,,4500.0,558,370,468,,,
2026,Ford Motor Company,Ford,MUSTANG,FMX,4,5.0,8,Manual(M6),15,23,18,18.7776,32.9537,23.2852,15.1809,23.0,18.0692,,Naturally Aspirated,M,Manual,6,N,N,R,"2-Wheel Drive, Rear",10.0,G,Gasoline (Regular Unleaded Recommended),MPG,miles per gallon,N,Not exempt,81.0,12.0,,,2750,2750,,2,2,3,Subcompact Cars,car,Derived 5-cycle label,2025-09-08,37744,N,N,N,N,Mustang GT Active Exhaust,N,,Y,TiVCT,N,,,,,,,,,,,,,,,,,MFI,Multipoint/sequential fuel injection,,,N,SAE 5W-30 / ILSAC GF-6,Y,Yes,,23.5,3,3,TFMXV05.0VKN,2,,5250.0,586,386,494,,,
2026,Ford Motor Company,Ford,MUSTANG,FMX,5,2.3,4,Auto(A10),22,33,26,29.2,49.6,35.8318,22.0,33.0,26.0,TC,Turbocharged,A,Automatic,10,Y,N,R,"2-Wheel Drive, Rear",85.0,G,Gasoline (Regular Unleaded Recommended),MPG,miles per gallon,N,Not exempt,81.0,12.0,,,1900,1900,SIDI & PFI; ,2,2,3,Subcompact Cars,car,Derived 5-cycle label,2025-09-08,37414,N,N,N,N,,N,,N,,N,,,,,,,,,,,,,,,,,GDPI,Spark Ignition direct & ported injection,,,N,SAE 5W-30 / ILSAC GF-7,Y,Yes,,36.1,5,5,TFMXV02.3VJY,6,,1000.0,404,269,341,,,
2026,Ford Motor Company,Ford,MUSTANG DARK HORSE,FMX,6,5.0,8,Auto(S10),14,22,17,17.6,30.0187,21.626,14.2845,21.5917,16.8508,,Naturally Aspirated,SA,Semi-Automatic,10,Y,N,R,"2-Wheel Drive, Rear",10.0,G,Gasoline (Regular Unleaded Recommended),MPG,miles per gallon,N,Not exempt,81.0,12.0,,,2900,2900,,2,2,3,Subcompact Cars,car,Derived 5-cycle label,2025-09-08,37741,N,N,N,N,Mustang Dark Horse,N,,Y,TiVCT,N,,,,,,,,,,,,,,,,,MFI,Multipoint/sequential fuel injection,,,N,SAE 5W-30 / ILSAC GF-6,N,No,,21.8,3,3,TFMXV05.0VKN,2,,6000.0,619,410,525,,,
2026,Ford Motor Company,Ford,MUSTANG DARK HORSE,FMX,7,5.0,8,Manual(M6),14,22,17,17.0,30.4,21.2064,13.8251,21.8468,16.5616,,Naturally Aspirated,M,Manual,6,N,N,R,"2-Wheel Drive, Rear",10.0,G,Gasoline (Regular Unleaded Recommended),MPG,miles per gallon,N,Not exempt,81.0,12.0,,,2900,2900,,2,2,3,Subcompact Cars,car,Derived 5-cycle label,2025-09-08,37742,N,N,N,N,Mustang Dark Horse,N,,Y,TiVCT,N,,,,,,,,,,,,,,,,,MFI,Multipoint/sequential fuel injection,,,N,SAE 5W-30 / ILSAC GF-6,N,No,,21.4,3,3,TFMXV05.0VKN,2,,6000.0,638,405,533,,,
2026,Toyota,LEXUS,LC 500,TYX,115,5.0,8,Auto(S10),16,24,18,19.2,33.9,23.8549,15.5008,24.1681,18.4837,,Naturally Aspirated,SA,Semi-Automatic,10,Y,N,R,"2-Wheel Drive, Rear",15.0,GPR,Gasoline (Premium Unleaded Required),MPG,miles per gallon,N,Not exempt,86.0,5.0,,,3450,3450,SIDI & PFI; ,2,2,3,Subcompact Cars,car,Derived 5-cycle label,2025-08-18,36987,Y,N,N,N,,N,,Y,Intake and exhaust,N,,,,,,,,,,,,,,,,,GDPI,Spark Ignition direct & ported injection,,,N,5W-30,N,No,,24.1,3,3,TTYXV05.0B5A,4,,8750.0,573,368,481,,,
2026,Maserati,MASERATI,Grancabrio,MAX,77,3.0,6,Auto(A8),17,26,20,21.3,35.2,25.9029,17.0777,26.4878,20.3274,TC,Turbocharged,A,Automatic,8,Y,N,A,All Wheel Drive,10.0,GPR,Gasoline (Premium Unleaded Required),MPG,miles per gallon,N,Not exempt,89.0,7.0,,,3100,3100,SIDI & PFI; ,2,2,3,Subcompact Cars,car,Derived Vehicle Specific 5-cycle Calculation Approach for city label but Modified 5-cycle Calculation Approach for Highway label,2025-08-22,37639,N,N,N,N,,Y,Half Engine Mode,Y,Variable camshaft timing for exhaust and inlet,N,,,,,,,,,,,,,,,,,GDPI,Spark Ignition direct & ported injection,N,,N,SAE 5W-40,Y,Yes,,27.3,4,4,TMAXJ03.0TJI,4,,7000.0,512,330,430,,,
2026,Maserati,MASERATI,Grancabrio Trofeo,MAX,73,3.0,6,Auto(A8),17,26,20,21.3,35.2,25.9029,17.0777,26.4878,20.3274,TC,Turbocharged,A,Automatic,8,Y,N,A,All Wheel Drive,10.0,GPR,Gasoline (Premium Unleaded Required),MPG,miles per gallon,N,Not exempt,89.0,7.0,,,3100,3100,SIDI & PFI; ,2,2,3,Subcompact Cars,car,Derived Vehicle Specific 5-cycle Calculation Approach for city label but Modified 5-cycle Calculation Approach for Highway label,2025-08-22,37638,N,N,N,N,,Y,Half Engine Mode,Y,Variable camshaft timing for exhaust and inlet,N,,,,,,,,,,,,,,,,,GDPI,Spark Ignition direct & ported injection,N,,N,SAE 5W-40,Y,Yes,,27.3,4,4,TMAXJ03.0TJI,4,,7000.0,512,330,430,,,
2026,Maserati,MASERATI,Granturismo,MAX,76,3.0,6,Auto(A8),18,27,21,22.4598,36.266,27.1028,17.9394,27.4669,21.2575,TC,Turbocharged,A,Automatic,8,Y,N,A,All Wheel Drive,10.0,GPR,Gasoline (Premium Unleaded Required),MPG,miles per gallon,N,Not exempt,89.0,9.0,,,2950,2950,SIDI & PFI; ,2,2,3,Subcompact Cars,car,Derived Vehicle Specific 5-cycle Calculation Approach for city label but Modified 5-cycle Calculation Approach for Highway label,2025-08-22,37637,N,N,N,N,,Y,Half Engine Mode,Y,Variable camshaft timing for exhaust and inlet,N,,,,,,,,,,,,,,,,,GDPI,Spark Ignition direct & ported injection,N,,N,SAE 5W-40,Y,Yes,,27.3,4,4,TMAXJ03.0TJI,4,,6250.0,489,318,412,,,
2026,Maserati,MASERATI,Granturismo Trofeo,MAX,70,3.0,6,Auto(A8),18,27,21,22.4598,36.266,27.1028,17.9394,27.4669,21.2575,TC,Turbocharged,A,Automatic,8,Y,N,A,All Wheel Drive,10.0,GPR,Gasoline (Premium Unleaded Required),MPG,miles per gallon,N,Not exempt,89.0,9.0,,,2950,2950,SIDI & PFI; ,2,2,3,Subcompact Cars,car,Derived Vehicle Specific 5-cycle Calculation Approach for city label but Modified 5-cycle Calculation Approach for Highway label,2025-08-22,37636,N,N,N,N,,Y,Half Engine Mode,Y,Variable camshaft timing for exhaust and inlet,N,,,,,,,,,,,,,,,,,GDPI,Spark Ignition direct & ported injection,N,,N,SAE 5W-40,Y,Yes,,27.3,4,4,TMAXJ03.0TJI,4,,6250.0,489,318,412,,,
2026,Mercedes-Benz,Mercedes-Benz,AMG CLE 53 4MATIC+ (convertible),MBX,344,3.0,6,Auto(A9),19,26,22,24.4,36.2,28.5944,19.3663,25.6735,21.7734,TS,Turbocharged+Supercharged,A,Automatic,9,Y,N,A,All Wheel Drive,10.0,GPR,Gasoline (Premium Unleaded Required),MPG,miles per gallon,N,Not exempt,86.0,10.0,,,2850,2850,SIDI; Mild Hybrid; ,2,2,3,Subcompact Cars,car,Derived 5-cycle label,2025-07-25,37138,,N,N,N,"AMG CLE 53 4MATIC+ (coupe), AMG CLE 53 4MATIC+ (convertible)",N,,Y,Allows timing of the intake / exhaust valves to be changed while the engine is in operation,Y,Camtronic on the intake camshaft,Battery(s),1.0,Lithium Ion,48.0,20.0,80.0,On-Board,Electrical Regen Brake,Both,N,"ISG Engine 48V Technologie Data for battery type BB200 as above (GLS 450 4MATIC, GLE 450 4MATIC, GLE 450 4MATIC (coupe), AMG GLE 53 4MATIC+, AMG GLE 53 4MATIC+ (coupe)) / Data for battery type BB300 as follows (AMG CLE 53 4MATIC+ (coupe), AMG CLE 53 4MATIC+ (convertible)): Battery Type: LI; Number of Battery Packs: 1; Total Voltage of Battery Pack (Volts): 48; Battery Energy Capacity (Ah): 17.5; Battery Specific Energy (Whr/kg): 78.2; Battery Charger Type: ON / Data of the electric motor for GLS 450 4MATIC, GLE 450 4MATIC, GLE 450 4MATIC (coupe), AMG GLE 53 4MATIC+, AMG GLE 53 4MATIC+ (coupe) as above / Data of the electric motor for AMG CLE 53 4MATIC+ (coupe), AMG CLE 53 4MATIC+ (convertible) as follows: Motor Type: PSM; Rated Motor Power (kWatt): 17",1.0,Other,PSM,15,GDI,Spark Ignition Direct Injection,N,N,N,5W30,Y,Yes,AMG CLE 53 4MATIC+ (convert.),28.8,4,4,TMBXJ03.0HY1,6,,5750.0,459,346,408,,,
2026,Mercedes-Benz,Mercedes-Benz,AMG CLE 53 4MATIC+ (coupe),MBX,345,3.0,6,Auto(A9),20,27,23,25.3,38.4,29.8883,20.0221,27.0988,22.6883,TS,Turbocharged+Supercharged,A,Automatic,9,Y,N,A,All Wheel Drive,10.0,GPR,Gasoline (Premium Unleaded Required),MPG,miles per gallon,N,Not exempt,88.0,11.0,,,2700,2700,SIDI; Mild Hybrid; ,2,2,3,Subcompact Cars,car,Derived 5-cycle label,2025-07-25,37137,,N,N,N,"AMG CLE 53 4MATIC+ (coupe), AMG CLE 53 4MATIC+ (convertible)",N,,Y,Allows timing of the intake / exhaust valves to be changed while the engine is in operation,Y,Camtronic on the intake camshaft,Battery(s),1.0,Lithium Ion,48.0,20.0,80.0,On-Board,Electrical Regen Brake,Both,N,"ISG Engine 48V Technologie Data for battery type BB200 as above (GLS 450 4MATIC, GLE 450 4MATIC, GLE 450 4MATIC (coupe), AMG GLE 53 4MATIC+, AMG GLE 53 4MATIC+ (coupe)) / Data for battery type BB300 as follows (AMG CLE 53 4MATIC+ (coupe), AMG CLE 53 4MATIC+ (convertible)): Battery Type: LI; Number of Battery Packs: 1; Total Voltage of Battery Pack (Volts): 48; Battery Energy Capacity (Ah): 17.5; Battery Specific Energy (Whr/kg): 78.2; Battery Charger Type: ON / Data of the electric motor for GLS 450 4MATIC, GLE 450 4MATIC, GLE 450 4MATIC (coupe), AMG GLE 53 4MATIC+, AMG GLE 53 4MATIC+ (coupe) as above / Data of the electric motor for AMG CLE 53 4MATIC+ (coupe), AMG CLE 53 4MATIC+ (convertible) as follows: Motor Type: PSM; Rated Motor Power (kWatt): 17",1.0,Other,PSM,15,GDI,Spark Ignition Direct Injection,N,N,N,5W30,Y,Yes,AMG CLE 53 4MATIC+ (coupe),30.1,5,5,TMBXJ03.0HY1,6,,5000.0,444,327,391,,,
2026,Mercedes-Benz,Mercedes-Benz,AMG GT 43 (coupe),MBX,537,2.0,4,Auto(A9),19,27,22,23.9,37.6,28.5872,19.0003,26.5822,21.7981,TC,Turbocharged,A,Automatic,9,Y,N,R,"2-Wheel Drive, Rear",10.0,GPR,Gasoline (Premium Unleaded Required),MPG,miles per gallon,N,Not exempt,81.0,16.0,,,2850,2850,SIDI; Mild Hybrid; ,2,2,3,Subcompact Cars,car,Derived 5-cycle label,2025-07-30,37228,,N,N,N,M139-20DETC,N,,Y,Allows timing of the intake / exhaust valves to be changed while the engine is in operation,Y,Camtronic on the exhaust camshift with 2 cams for each cylinder: Low/High,Battery(s),1.0,Lithium Ion,48.0,11.3,78.2,On-Board,Electrical Regen Brake,Both,N,RSG Engine with 48V Technology,1.0,DC Brushless,,10,GDI,Spark Ignition Direct Injection,N,N,N,0W30,Y,Yes,AMG GT 43 (coupe),28.8,4,4,TMBXV02.0HY7,4,,5750.0,464,333,405,,,
2026,Mercedes-Benz,Mercedes-Benz,CLE 300 4MATIC (convertible),MBX,340,2.0,4,Auto(A9),23,32,26,29.0,45.5,34.6553,22.6786,31.604,25.9803,TC,Turbocharged,A,Automatic,9,Y,N,A,All Wheel Drive,10.0,GPR,Gasoline (Premium Unleaded Required),MPG,miles per gallon,N,Not exempt,86.0,10.0,,,2400,2400,SIDI; Mild Hybrid; ,2,2,3,Subcompact Cars,car,Derived 5-cycle label,2025-07-22,37094,,N,N,N,M254-20DETC 48V (ISG2),N,,Y,Allows timing of the intake / exhaust valves to be changed while the engine is in operation,Y,Allows variable valve lift of the intake valves to be changed while the engine is in operation,Battery(s),1.0,Lithium Ion,48.0,17.5,78.2,On-Board,Electrical Regen Brake,Both,N,ISG2 Engine 48V technology (BB300),1.0,Other,permanent magnet synchronous,17,GDI,Spark Ignition Direct Injection,N,N,N,0W30,Y,Yes,CLE 300 4MATIC (convertible),34.9,5,5,TMBXV02.0HY1,7,,3500.0,389,279,340,,,
2026,Mercedes-Benz,Mercedes-Benz,CLE 300 4MATIC (Coupe),MBX,341,2.0,4,Auto(A9),24,33,27,30.8,47.7,36.642,23.9483,32.9713,27.3117,TC,Turbocharged,A,Automatic,9,Y,N,A,All Wheel Drive,10.0,GPR,Gasoline (Premium Unleaded Required),MPG,miles per gallon,N,Not exempt,88.0,11.0,,,2300,2300,SIDI; Mild Hybrid; ,2,2,3,Subcompact Cars,car,Derived 5-cycle label,2025-07-22,37095,,N,N,N,M254-20DETC 48V (ISG2),N,,Y,Allows timing of the intake / exhaust valves to be changed while the engine is in operation,Y,Allows variable valve lift of the intake valves to be changed while the engine is in operation,Battery(s),1.0,Lithium Ion,48.0,17.5,78.2,On-Board,Electrical Regen Brake,Both,N,ISG2 Engine 48V technology (BB300),1.0,Other,permanent magnet synchronous,17,GDI,Spark Ignition Direct Injection,N,N,N,0W30,Y,Yes,CLE 300 4MATIC (coupe),36.9,5,5,TMBXV02.0HY1,7,,3000.0,368,268,323,,,
2026,Mercedes-Benz,Mercedes-Benz,CLE 450 4MATIC (Convertible),MBX,342,3.0,6,Auto(A9),23,32,26,29.6,46.0,35.2563,23.1035,31.9159,26.3814,TS,Turbocharged+Supercharged,A,Automatic,9,Y,N,A,All Wheel Drive,10.0,GPR,Gasoline (Premium Unleaded Required),MPG,miles per gallon,N,Not exempt,86.0,10.0,,,2400,2400,SIDI; Mild Hybrid; ,2,2,3,Subcompact Cars,car,Derived 5-cycle label,2025-08-01,37131,,N,N,N,"E 450 4MATIC (sedan and station wagon), CLE 450 4MATIC (convertible and coupe)",N,,Y,Allows timing of the intake/exhaust valves to be changed while the engine is in operation,Y,Camtronic on the intake camshaft with 3 cams for each cylinder: low/mid/high,Battery(s),1.0,Lithium Ion,48.0,17.5,78.2,On-Board,Electrical Regen Brake,Both,N,ISG2 Engine 48V technology,1.0,Other,permanent magnet synchronous,17,GDI,Spark Ignition Direct Injection,N,N,N,5W30,Y,Yes,CLE 450 4MATIC (convertible),35.5,5,5,TMBXV03.0HY3,6,,3500.0,386,279,338,,,
2026,Mercedes-Benz,Mercedes-Benz,CLE 450 4MATIC (Coupe),MBX,343,3.0,6,Auto(A9),23,33,26,28.7986,47.583,35.0198,22.5356,32.899,26.2577,TS,Turbocharged+Supercharged,A,Automatic,9,Y,N,A,All Wheel Drive,10.0,GPR,Gasoline (Premium Unleaded Required),MPG,miles per gallon,N,Not exempt,88.0,11.0,,,2400,2400,SIDI; Mild Hybrid; ,2,2,3,Subcompact Cars,car,Derived 5-cycle label,2025-08-01,37133,,N,N,N,"E 450 4MATIC (sedan and station wagon), CLE 450 4MATIC (convertible and coupe)",N,,Y,Allows timing of the intake/exhaust valves to be changed while the engine is in operation,Y,Camtronic on the intake camshaft with 3 cams for each cylinder: low/mid/high,Battery(s),1.0,Lithium Ion,48.0,17.5,78.2,On-Board,Electrical Regen Brake,Both,N,ISG2 Engine 48V technology,1.0,Other,permanent magnet synchronous,17,GDI,Spark Ignition Direct Injection,N,N,N,5W30,Y,Yes,CLE 450 4MATIC (coupe),35.3,5,5,TMBXV03.0HY3,6,,3500.0,394,271,339,,,
2026,BMW,Mini,Cooper C 2 Door,BMX,33,2.0,4,Auto(AM-S7),27,39,32,35.8957,57.4689,43.1919,27.4653,38.886,31.648,TC,Turbocharged,AMS,Automated Manual- Selectable (e.g. Automated Manual with paddles),7,N,N,F,"2-Wheel Drive, Front",10.0,GP,Gasoline (Premium Unleaded Recommended),MPG,miles per gallon,N,Not exempt,,,,,1950,1950,SIDI & PFI; ,2,2,3,Subcompact Cars,car,Derived 5-cycle label,2025-08-01,37038,Y,N,N,N,,N,,Y,variable valve timing at inlet and outlet valves,Y,variable valve lift only at inlet valves,,,,,,,,,,,,,,,,GDPI,Spark Ignition direct & ported injection,,,N,0W20,Y,Yes,,43.5,6,6,TBMXV02.0F6X,6,,1250.0,320,227,278,,,
2026,BMW,Mini,Cooper S 2 Door,BMX,55,2.0,4,Auto(AM-S7),28,39,32,36.2273,57.2696,43.4037,27.6902,38.7678,31.7761,TC,Turbocharged,AMS,Automated Manual- Selectable (e.g. Automated Manual with paddles),7,N,N,F,"2-Wheel Drive, Front",10.0,GP,Gasoline (Premium Unleaded Recommended),MPG,miles per gallon,N,Not exempt,,,,,1950,1950,SIDI & PFI; ,2,2,3,Subcompact Cars,car,Derived 5-cycle label,2025-08-01,37037,Y,N,N,N,,N,,Y,variable valve timing at inlet and outlet valves,Y,variable valve lift only at inlet valves,,,,,,,,,,,,,,,,GDPI,Spark Ignition direct & ported injection,,,N,0W20,Y,Yes,,43.7,6,6,TBMXV02.0F6X,6,,1250.0,315,225,275,,,
2026,BMW,Mini,JCW 2 Door,BMX,85,2.0,4,Auto(AM-S7),27,37,30,34.6881,54.0142,41.345,26.642,36.823,30.4278,TC,Turbocharged,AMS,Automated Manual- Selectable (e.g. Automated Manual with paddles),7,N,N,F,"2-Wheel Drive, Front",10.0,GP,Gasoline (Premium Unleaded Recommended),MPG,miles per gallon,N,Not exempt,,,,,2100,2100,SIDI & PFI; ,2,2,3,Subcompact Cars,car,Derived 5-cycle label,2025-08-01,37043,Y,N,N,N,,N,,Y,Variable Valve Timing at inlet and outlet valves,Y,Variable Valve Lift at inlet valves,,,,,,,,,,,,,,,,GDPI,Spark Ignition direct & ported injection,N,N,N,0W-20,Y,Yes,,41.6,6,6,TBMXJ02.0M4P,7,,2000.0,328,238,288,,,
2026,BMW,BMW,228 Gran Coupe,BMX,211,2.0,4,Auto(AM-S7),27,39,31,35.4018,57.6542,42.8429,27.1293,38.9957,31.4337,TC,Turbocharged,AMS,Automated Manual- Selectable (e.g. Automated Manual with paddles),7,N,N,F,"2-Wheel Drive, Front",10.0,GP,Gasoline (Premium Unleaded Recommended),MPG,miles per gallon,N,Not exempt,,,91.0,12.0,2000,2000,SIDI & PFI; ,2,2,4,Compact Cars,car,Derived 5-cycle label,2025-04-01,36389,Y,N,N,N,,N,,Y,Variable Valve Timing at inlet and outlet valves,Y,Variable Valve Lift at inlet valves,,,,,,,,,,,,,,,,GDPI,Spark Ignition direct & ported injection,N,N,N,0W-20,Y,Yes,,43.1,6,6,TBMXJ02.0M4P,7,,1500.0,323,225,279,,,
2026,BMW,BMW,228 xDrive Gran Coupe,BMX,210,2.0,4,Auto(AM-S7),26,38,30,34.1131,55.2577,41.2091,26.2478,37.5691,30.3655,TC,Turbocharged,AMS,Automated Manual- Selectable (e.g. Automated Manual with paddles),7,N,N,A,All Wheel Drive,10.0,GP,Gasoline (Premium Unleaded Recommended),MPG,miles per gallon,N,Not exempt,,,91.0,12.0,2100,2100,SIDI & PFI; ,2,2,4,Compact Cars,car,Derived 5-cycle label,2025-08-01,37099,Y,N,N,N,,N,,Y,Variable Valve Timing at inlet and outlet valves,Y,Variable Valve Lift at inlet valves,,,,,,,,,,,,,,,,GDPI,Spark Ignition direct & ported injection,N,N,N,0W-20,Y,Yes,,41.5,6,6,TBMXJ02.0M4P,7,,2000.0,333,233,288,,,
2026,BMW,BMW,330i Sedan,BMX,300,2.0,4,Auto(S8),28,35,31,36.0662,51.3606,41.6471,27.581,35.2173,30.5632,TC,Turbocharged,SA,Semi-Automatic,8,Y,N,R,"2-Wheel Drive, Rear",10.0,GP,Gasoline (Premium Unleaded Recommended),MPG,miles per gallon,N,Not exempt,,,94.0,13.0,2000,2000,SIDI & PFI; Mild Hybrid; ,2,2,4,Compact Cars,car,Derived 5-cycle label,2025-08-01,36725,Y,N,N,N,,N,,Y,Variable Valve Timing at inlet and outlet valves,Y,Variable Valve Lift at inlet valves and two settings at outlet valves,Battery(s),1.0,Lithium Ion,44.0,10.0,40.0,On-Board,Electrical Regen Brake,Both,N,"330i Sedan, 330i xDrive Sedan, 430i Convertible, 430i Coupe, 430i xDrive Convertible 430i xDrive Coupe, 430i Gran Coupe and 430i xDrive Gran Coupe: Battery Energy Capacity 10.0 Ah, Total Voltage of Battery Pack(s) 44 V, Battery Specific Energy 40.0 Wh/kg, Motor/Generator Type: EESM 8 kW Starter Generator Engine with 48V Technology; Motor/Generator Type: externally excited synchronuous machine (EESM); X3 xDrive30i: Battery Energy Capacity 19.2 Ah, Total Voltage of Battery Pack(s) 43.9 V, Battery Specific Energy 65.0 Wh/kg, Motor/Generator Type: EESM 8 kW Starter Generator Engine with 48V Technology; Motor/Generator Type: externally excited synchronuous machine (EESM)",1.0,Other,EESM,8,GDPI,Spark Ignition direct & ported injection,N,N,N,0W-12,Y,Yes,,41.9,6,6,TBMXJ02.0B4P,7,,1500.0,317,248,286,,,
2026,BMW,BMW,330i xDrive Sedan,BMX,304,2.0,4,Auto(S8),26,34,29,34.1714,49.7296,39.7704,26.2878,34.2211,29.3496,TC,Turbocharged,SA,Semi-Automatic,8,Y,N,A,All Wheel Drive,10.0,GP,Gasoline (Premium Unleaded Recommended),MPG,miles per gallon,N,Not exempt,,,94.0,13.0,2150,2150,SIDI & PFI; Mild Hybrid; ,2,2,4,Compact Cars,car,Derived 5-cycle label,2025-08-01,36687,Y,N,N,N,,N,,Y,Variable Valve Timing at inlet and outlet valves,Y,Variable Valve Lift at inlet valves and two settings at outlet valves,Battery(s),1.0,Lithium Ion,44.0,10.0,40.0,On-Board,Electrical Regen Brake,Both,N,"330i Sedan, 330i xDrive Sedan, 430i Convertible, 430i Coupe, 430i xDrive Convertible 430i xDrive Coupe, 430i Gran Coupe and 430i xDrive Gran Coupe: Battery Energy Capacity 10.0 Ah, Total Voltage of Battery Pack(s) 44 V, Battery Specific Energy 40.0 Wh/kg, Motor/Generator Type: EESM 8 kW Starter Generator Engine with 48V Technology; Motor/Generator Type: externally excited synchronuous machine (EESM); X3 xDrive30i: Battery Energy Capacity 19.2 Ah, Total Voltage of Battery Pack(s) 43.9 V, Battery Specific Energy 65.0 Wh/kg, Motor/Generator Type: EESM 8 kW Starter Generator Engine with 48V Technology; Motor/Generator Type: externally excited synchronuous machine (EESM)",1.0,Other,EESM,8,GDPI,Spark Ignition direct & ported injection,N,N,N,0W-12,Y,Yes,,40.0,6,6,TBMXJ02.0B4P,7,,2250.0,332,256,298,,,
2026,BMW,BMW,430i Gran Coupe,BMX,406,2.0,4,Auto(S8),27,35,30,35.5613,50.6951,41.0798,27.2379,34.8117,30.194,TC,Turbocharged,SA,Semi-Automatic,8,Y,N,R,"2-Wheel Drive, Rear",10.0,GP,Gasoline (Premium Unleaded Recommended),MPG,miles per gallon,N,Not exempt,,,91.0,12.0,2100,2100,SIDI & PFI; Mild Hybrid; ,2,2,4,Compact Cars,car,Derived 5-cycle label,2025-08-01,36724,Y,N,N,N,,N,,Y,Variable Valve Timing at inlet and outlet valves,Y,Variable Valve Lift at inlet valves and two settings at outlet valves,Battery(s),1.0,Lithium Ion,44.0,10.0,40.0,On-Board,Electrical Regen Brake,Both,N,"330i Sedan, 330i xDrive Sedan, 430i Convertible, 430i Coupe, 430i xDrive Convertible 430i xDrive Coupe, 430i Gran Coupe and 430i xDrive Gran Coupe: Battery Energy Capacity 10.0 Ah, Total Voltage of Battery Pack(s) 44 V, Battery Specific Energy 40.0 Wh/kg, Motor/Generator Type: EESM 8 kW Starter Generator Engine with 48V Technology; Motor/Generator Type: externally excited synchronuous machine (EESM); X3 xDrive30i: Battery Energy Capacity 19.2 Ah, Total Voltage of Battery Pack(s) 43.9 V, Battery Specific Energy 65.0 Wh/kg, Motor/Generator Type: EESM 8 kW Starter Generator Engine with 48V Technology; Motor/Generator Type: externally excited synchronuous machine (EESM)",1.0,Other,EESM,8,GDPI,Spark Ignition direct & ported injection,N,N,N,0W-12,Y,Yes,,41.4,6,6,TBMXJ02.0B4P,7,,2000.0,320,252,290,,,
2026,BMW,BMW,430i xDrive Gran Coupe,BMX,407,2.0,4,Auto(S8),25,34,29,32.8329,49.1804,38.6078,25.365,33.884,28.6008,TC,Turbocharged,SA,Semi-Automatic,8,Y,N,A,All Wheel Drive,10.0,GP,Gasoline (Premium Unleaded Recommended),MPG,miles per gallon,N,Not exempt,,,91.0,12.0,2150,2150,SIDI & PFI; Mild Hybrid; ,2,2,4,Compact Cars,car,Derived 5-cycle label,2025-08-01,36723,Y,N,N,N,,N,,Y,Variable Valve Timing at inlet and outlet valves,Y,Variable Valve Lift at inlet valves and two settings at outlet valves,Battery(s),1.0,Lithium Ion,44.0,10.0,40.0,On-Board,Electrical Regen Brake,Both,N,"330i Sedan, 330i xDrive Sedan, 430i Convertible, 430i Coupe, 430i xDrive Convertible 430i xDrive Coupe, 430i Gran Coupe and 430i xDrive Gran Coupe: Battery Energy Capacity 10.0 Ah, Total Voltage of Battery Pack(s) 44 V, Battery Specific Energy 40.0 Wh/kg, Motor/Generator Type: EESM 8 kW Starter Generator Engine with 48V Technology; Motor/Generator Type: externally excited synchronuous machine (EESM); X3 xDrive30i: Battery Energy Capacity 19.2 Ah, Total Voltage of Battery Pack(s) 43.9 V, Battery Specific Energy 65.0 Wh/kg, Motor/Generator Type: EESM 8 kW Starter Generator Engine with 48V Technology; Motor/Generator Type: externally excited synchronuous machine (EESM)",1.0,Other,EESM,8,GDPI,Spark Ignition direct & ported injection,N,N,N,0W-12,Y,Yes,,38.9,6,6,TBMXJ02.0B4P,7,,2250.0,345,257,305,,,
2026,BMW,BMW,M235 xDrive Gran Coupe,BMX,212,2.0,4,Auto(AM-S7),24,33,27,30.5218,47.9856,36.4994,23.753,33.1479,27.2254,TC,Turbocharged,AMS,Automated Manual- Selectable (e.g. Automated Manual with paddles),7,N,N,A,All Wheel Drive,10.0,GP,Gasoline (Premium Unleaded Recommended),MPG,miles per gallon,N,Not exempt,,,91.0,12.0,2300,2300,SIDI & PFI; ,2,2,4,Compact Cars,car,Derived 5-cycle label,2025-08-01,37107,Y,N,N,N,,N,,Y,Variable Valve Timing at inlet and outlet valves,Y,Variable Valve Lift at inlet valves,,,,,,,,,,,,,,,,GDPI,Spark Ignition direct & ported injection,,,N,0W-20,Y,Yes,,36.8,5,5,TBMXJ02.0T4P,5,,3000.0,368,264,321,,,
2026,BMW,BMW,M3 Competition M xDrive Sedan,BMX,392,3.0,6,Auto(S8),16,23,18,19.5195,32.0433,23.6852,15.7421,22.9413,18.3307,TC,Turbocharged,SA,Semi-Automatic,8,Y,N,A,All Wheel Drive,10.0,GPR,Gasoline (Premium Unleaded Required),MPG,miles per gallon,N,Not exempt,,,95.0,13.0,3450,3450,SIDI; ,2,2,4,Compact Cars,car,Derived 5-cycle label,2025-08-01,36655,Y,N,N,N,,N,,Y,variable valve timing at inlet and outlet valves,Y,variable valve lift at inlet valves,,,,,,,,,,,,,,,,GDI,Spark Ignition Direct Injection,,,N,0W30,Y,Yes,,24.1,3,3,TBMXV03.0SM3,4,,8750.0,556,381,477,,,
2026,BMW,BMW,M3 Competition Sedan,BMX,391,3.0,6,Auto(S8),16,23,19,20.182,32.0616,24.2204,16.2409,22.9535,18.7021,TC,Turbocharged,SA,Semi-Automatic,8,Y,N,R,"2-Wheel Drive, Rear",10.0,GPR,Gasoline (Premium Unleaded Required),MPG,miles per gallon,N,Not exempt,,,95.0,13.0,3300,3300,SIDI; ,2,2,4,Compact Cars,car,Derived 5-cycle label,2025-08-01,36656,Y,N,N,N,,N,,Y,variable valve timing at inlet and outlet valves,Y,variable valve lift at inlet valves,,,,,,,,,,,,,,,,GDI,Spark Ignition Direct Injection,,,N,0W30,Y,Yes,,24.4,4,4,TBMXV03.0SM3,4,,8000.0,541,383,470,,,
2026,BMW,BMW,M3 Sedan,BMX,380,3.0,6,Manual(M6),16,23,19,19.8955,32.4972,24.1012,16.0255,23.2422,18.6283,TC,Turbocharged,M,Manual,6,N,N,R,"2-Wheel Drive, Rear",10.0,GPR,Gasoline (Premium Unleaded Required),MPG,miles per gallon,N,Not exempt,,,95.0,13.0,3300,3300,SIDI; ,2,2,4,Compact Cars,car,Derived 5-cycle label,2025-08-01,36657,Y,N,N,N,,N,,Y,variable valve timing at inlet and outlet valves,Y,variable valve lift at inlet valves,,,,,,,,,,,,,,,,GDI,Spark Ignition Direct Injection,,,N,0W30,Y,Yes,,24.3,4,4,TBMXV03.0SM3,4,,8000.0,548,379,472,,,
2026,BMW,BMW,M340i Sedan,BMX,340,3.0,6,Auto(S8),27,33,29,34.8392,47.8141,39.6852,26.7453,33.0419,29.254,TC,Turbocharged,SA,Semi-Automatic,8,Y,N,R,"2-Wheel Drive, Rear",10.0,GP,Gasoline (Premium Unleaded Recommended),MPG,miles per gallon,N,Not exempt,,,94.0,13.0,2150,2150,SIDI & PFI; Mild Hybrid; ,2,2,4,Compact Cars,car,Derived 5-cycle label,2025-08-01,36783,Y,N,N,N,,N,,Y,Variable Valve Timing at inlet and outlet valves,Y,Variable Valve Lift at inlet valves and two settings at outlet valves,Battery(s),1.0,Lithium Ion,44.0,10.0,38.0,On-Board,Electrical Regen Brake,Both,N,"M440i Convertible, M440i Coupe, M440i xDrive Convertible, M440i xDrive Coupe, M340i Sedan, M340i xDrive Sedan, M440i Gran Coupe and M440i xDrive Gran Coupe: Battery Energy Capacity 10.0 Ah, Total Voltage of Battery Pack(s) 44 V, Battery Specific Energy 38.0 Wh/kg, Motor/Generator Type: PMSM 9 kW; 540i xDrive Sedan: Battery Energy Capacity 20.0 Ah, Total Voltage of Battery Pack(s) 46.2 V, Battery Specific Energy 47.0 Wh/kg, Motor/Generator Type: PMSM 13 kW; X3 M50: Battery Energy Capacity 19.2 Ah, Total Voltage of Battery Pack(s) 43.9 V, Battery Specific Energy 65.0 Wh/kg, Motor/Generator Type: PMSM 13 kW Starter Generator Engine with 48V Technology; Motor/Generator Type: permanent magnet synchronous machine (PMSM)",1.0,Other,PMSM,9,GDPI,Spark Ignition direct & ported injection,N,N,N,0W-12,Y,Yes,,39.9,6,6,TBMXJ03.0B5P,6,,2250.0,326,265,299,,,
2026,BMW,BMW,M340i xDrive Sedan,BMX,341,3.0,6,Auto(S8),26,33,29,33.8218,47.8366,38.9579,26.0475,33.0558,28.7947,TC,Turbocharged,SA,Semi-Automatic,8,Y,N,A,All Wheel Drive,10.0,GP,Gasoline (Premium Unleaded Recommended),MPG,miles per gallon,N,Not exempt,,,94.0,13.0,2150,2150,SIDI & PFI; Mild Hybrid; ,2,2,4,Compact Cars,car,Derived 5-cycle label,2025-08-01,36779,Y,N,N,N,,N,,Y,Variable Valve Timing at inlet and outlet valves,Y,Variable Valve Lift at inlet valves and two settings at outlet valves,Battery(s),1.0,Lithium Ion,44.0,10.0,38.0,On-Board,Electrical Regen Brake,Both,N,"M440i Convertible, M440i Coupe, M440i xDrive Convertible, M440i xDrive Coupe, M340i Sedan, M340i xDrive Sedan, M440i Gran Coupe and M440i xDrive Gran Coupe: Battery Energy Capacity 10.0 Ah, Total Voltage of Battery Pack(s) 44 V, Battery Specific Energy 38.0 Wh/kg, Motor/Generator Type: PMSM 9 kW; 540i xDrive Sedan: Battery Energy Capacity 20.0 Ah, Total Voltage of Battery Pack(s) 46.2 V, Battery Specific Energy 47.0 Wh/kg, Motor/Generator Type: PMSM 13 kW; X3 M50: Battery Energy Capacity 19.2 Ah, Total Voltage of Battery Pack(s) 43.9 V, Battery Specific Energy 65.0 Wh/kg, Motor/Generator Type: PMSM 13 kW Starter Generator Engine with 48V Technology; Motor/Generator Type: permanent magnet synchronous machine (PMSM)",1.0,Other,PMSM,9,GDPI,Spark Ignition direct & ported injection,N,N,N,0W-12,Y,Yes,,39.2,6,6,TBMXJ03.0B5P,6,,2250.0,336,264,304,,,
2026,BMW,BMW,M440i Gran Coupe,BMX,416,3.0,6,Auto(S8),26,32,28,33.1,45.7,37.7884,25.5497,31.7289,28.0039,TC,Turbocharged,SA,Semi-Automatic,8,Y,N,R,"2-Wheel Drive, Rear",10.0,GP,Gasoline (Premium Unleaded Recommended),MPG,miles per gallon,N,Not exempt,,,91.0,12.0,2200,2200,SIDI & PFI; Mild Hybrid; ,2,2,4,Compact Cars,car,Derived 5-cycle label,2025-08-01,36784,Y,N,N,N,,N,,Y,Variable Valve Timing at inlet and outlet valves,Y,Variable Valve Lift at inlet valves and two settings at outlet valves,Battery(s),1.0,Lithium Ion,44.0,10.0,38.0,On-Board,Electrical Regen Brake,Both,N,"M440i Convertible, M440i Coupe, M440i xDrive Convertible, M440i xDrive Coupe, M340i Sedan, M340i xDrive Sedan, M440i Gran Coupe and M440i xDrive Gran Coupe: Battery Energy Capacity 10.0 Ah, Total Voltage of Battery Pack(s) 44 V, Battery Specific Energy 38.0 Wh/kg, Motor/Generator Type: PMSM 9 kW; 540i xDrive Sedan: Battery Energy Capacity 20.0 Ah, Total Voltage of Battery Pack(s) 46.2 V, Battery Specific Energy 47.0 Wh/kg, Motor/Generator Type: PMSM 13 kW; X3 M50: Battery Energy Capacity 19.2 Ah, Total Voltage of Battery Pack(s) 43.9 V, Battery Specific Energy 65.0 Wh/kg, Motor/Generator Type: PMSM 13 kW Starter Generator Engine with 48V Technology; Motor/Generator Type: permanent magnet synchronous machine (PMSM)",1.0,Other,PMSM,9,GDPI,Spark Ignition direct & ported injection,N,N,N,0W-12,Y,Yes,,38.0,5,5,TBMXJ03.0B5P,6,,2500.0,342,275,312,,,
2026,BMW,BMW,M440i xDrive Gran Coupe,BMX,417,3.0,6,Auto(S8),25,31,27,32.2,44.1431,36.6638,24.9259,30.754,27.2497,TC,Turbocharged,SA,Semi-Automatic,8,Y,N,A,All Wheel Drive,10.0,GP,Gasoline (Premium Unleaded Recommended),MPG,miles per gallon,N,Not exempt,,,91.0,12.0,2300,2300,SIDI & PFI; Mild Hybrid; ,2,2,4,Compact Cars,car,Derived 5-cycle label,2025-08-01,36780,Y,N,N,N,,N,,Y,Variable Valve Timing at inlet and outlet valves,Y,Variable Valve Lift at inlet valves and two settings at outlet valves,Battery(s),1.0,Lithium Ion,44.0,10.0,38.0,On-Board,Electrical Regen Brake,Both,N,"M440i Convertible, M440i Coupe, M440i xDrive Convertible, M440i xDrive Coupe, M340i Sedan, M340i xDrive Sedan, M440i Gran Coupe and M440i xDrive Gran Coupe: Battery Energy Capacity 10.0 Ah, Total Voltage of Battery Pack(s) 44 V, Battery Specific Energy 38.0 Wh/kg, Motor/Generator Type: PMSM 9 kW; 540i xDrive Sedan: Battery Energy Capacity 20.0 Ah, Total Voltage of Battery Pack(s) 46.2 V, Battery Specific Energy 47.0 Wh/kg, Motor/Generator Type: PMSM 13 kW; X3 M50: Battery Energy Capacity 19.2 Ah, Total Voltage of Battery Pack(s) 43.9 V, Battery Specific Energy 65.0 Wh/kg, Motor/Generator Type: PMSM 13 kW Starter Generator Engine with 48V Technology; Motor/Generator Type: permanent magnet synchronous machine (PMSM)",1.0,Other,PMSM,9,GDPI,Spark Ignition direct & ported injection,N,N,N,0W-12,Y,Yes,,36.9,5,5,TBMXJ03.0B5P,6,,3000.0,350,284,320,,,
2026,General Motors,Cadillac,CT4,GMX,300,2.7,4,Auto(S10),21,31,25,27.2,44.2,32.893,21.3942,30.7898,24.7997,TC,Turbocharged,SA,Semi-Automatic,10,Y,N,R,"2-Wheel Drive, Rear",10.0,GPR,Gasoline (Premium Unleaded Required),MPG,miles per gallon,N,Not exempt,,,90.0,11.0,2500,2500,SIDI; ,2,2,4,Compact Cars,car,Derived 5-cycle label,2025-06-02,36591,N,N,N,N,AFM and Stop/Start,Y,Active Fuel Management,Y,Cam Phaser,Y,"High,Low,Zero(Cylinder Deactivation)",,,,,,,,,,,,,,,,GDI,Spark Ignition Direct Injection,,,N,0W20,Y,Yes,,33.1,5,5,TGMXV02.7105,5,,4000.0,412,287,356,,,
2026,General Motors,Cadillac,CT4,GMX,312,2.0,4,Auto(S8),22,32,26,28.3,46.4998,34.35,22.1809,32.2271,25.8001,TC,Turbocharged,SA,Semi-Automatic,8,Y,N,R,"2-Wheel Drive, Rear",10.0,GPR,Gasoline (Premium Unleaded Required),MPG,miles per gallon,N,Not exempt,,,90.0,11.0,2400,2400,SIDI; ,2,2,4,Compact Cars,car,Derived 5-cycle label,2025-06-02,36601,N,N,N,N,,Y,Active Fuel Management,Y,Cam Phaser,Y,"High,Low,Zero(Cylinder Deactivation)",,,,,,,,,,,,,,,,GDI,Spark Ignition Direct Injection,,,N,0W20,Y,Yes,,34.6,5,5,TGMXV02.0041,6,,3500.0,401,276,345,,,
2026,General Motors,Cadillac,CT4 AWD,GMX,302,2.7,4,Auto(S10),21,29,24,26.4,41.3,31.5167,20.8185,28.9563,23.8325,TC,Turbocharged,SA,Semi-Automatic,10,Y,N,A,All Wheel Drive,10.0,GPR,Gasoline (Premium Unleaded Required),MPG,miles per gallon,N,Not exempt,,,90.0,11.0,2600,2600,SIDI; ,2,2,4,Compact Cars,car,Derived 5-cycle label,2025-06-02,36592,N,N,N,N,AFM and Stop/Start,Y,Active Fuel Management,Y,Cam Phaser,Y,"High,Low,Zero(Cylinder Deactivation)",,,,,,,,,,,,,,,,GDI,Spark Ignition Direct Injection,,,N,0W20,Y,Yes,,31.7,5,5,TGMXV02.7105,5,,4500.0,425,305,371,,,
2026,General Motors,Cadillac,CT4 AWD ,GMX,313,2.0,4,Auto(S8),21,31,25,27.3,45.9,33.3885,21.4659,31.0,25.1578,TC,Turbocharged,SA,Semi-Automatic,8,Y,N,A,All Wheel Drive,10.0,GPR,Gasoline (Premium Unleaded Required),MPG,miles per gallon,N,Not exempt,,,90.0,11.0,2500,2500,SIDI; ,2,2,4,Compact Cars,car,Derived 5-cycle label,2025-06-02,36602,N,N,N,N,,Y,Active Fuel Management,Y,Cam Phaser,Y,"High,Low,Zero(Cylinder Deactivation)",,,,,,,,,,,,,,,,GDI,Spark Ignition Direct Injection,,,N,0W20,Y,Yes,,33.6,5,5,TGMXV02.0041,6,,4000.0,415,287,357,,,
2026,General Motors,Cadillac,CT4 V,GMX,301,2.7,4,Auto(S10),20,29,23,25.2987,40.7877,30.5129,20.0212,28.6299,23.1542,TC,Turbocharged,SA,Semi-Automatic,10,Y,N,R,"2-Wheel Drive, Rear",10.0,GPR,Gasoline (Premium Unleaded Required),MPG,miles per gallon,N,Not exempt,,,90.0,11.0,2700,2700,SIDI; ,2,2,4,Compact Cars,car,Derived 5-cycle label,2025-06-02,36594,N,N,N,N,AFM and Stop/Start,Y,Active Fuel Management,Y,Cam Phaser,Y,"High,Low,Zero(Cylinder Deactivation)",,,,,,,,,,,,,,,,GDI,Spark Ignition Direct Injection,,,N,0W20,Y,Yes,,30.7,5,5,TGMXV02.7105,5,,5000.0,443,309,383,,,
2026,General Motors,Cadillac,CT4 V,GMX,308,3.6,6,Auto(S10),16,24,19,19.4,33.9,24.0241,15.6519,24.1681,18.6015,TC,Turbocharged,SA,Semi-Automatic,10,Y,N,R,"2-Wheel Drive, Rear",10.0,GPR,Gasoline (Premium Unleaded Required),MPG,miles per gallon,N,Not exempt,,,90.0,11.0,3300,3300,SIDI; ,2,2,4,Compact Cars,car,Derived 5-cycle label,2025-06-02,36587,N,N,N,N,,N,,Y,CAM PHASER,N,,,,,,,,,,,,,,,,,GDI,Spark Ignition Direct Injection,,,N,5W30,N,No,,24.2,4,4,TGMXV03.6043,4,,8000.0,568,368,478,,,
2026,General Motors,Cadillac,CT4 V,GMX,309,3.6,6,Manual(M6),15,23,18,18.7107,30.3733,22.619,15.0,22.9523,18.2983,TC,Turbocharged,M,Manual,6,N,N,R,"2-Wheel Drive, Rear",10.0,GPR,Gasoline (Premium Unleaded Required),MPG,miles per gallon,N,Not exempt,,,90.0,11.0,3450,3450,SIDI; ,2,2,4,Compact Cars,car,Vehicle Specific 5-cycle label,2025-06-02,36585,N,N,N,N,,N,,Y,CAM PHASER,N,,,,,,,,,,,,,,,,,GDI,Spark Ignition Direct Injection,,,N,5W30,N,No,,22.8,3,3,TGMXV03.6043,4,,8750.0,591,387,493,,,
2026,General Motors,Cadillac,CT4 V AWD,GMX,303,2.7,4,Auto(S10),20,28,23,26.0,40.6,31.0197,20.0,28.0,23.4883,TC,Turbocharged,SA,Semi-Automatic,10,Y,N,A,All Wheel Drive,10.0,GPR,Gasoline (Premium Unleaded Required),MPG,miles per gallon,N,Not exempt,,,90.0,11.0,2700,2700,SIDI; ,2,2,4,Compact Cars,car,Derived 5-cycle label,2025-06-02,36593,N,N,N,N,AFM and Stop/Start,Y,Active Fuel Management,Y,Cam Phaser,Y,"High,Low,Zero(Cylinder Deactivation)",,,,,,,,,,,,,,,,GDI,Spark Ignition Direct Injection,,,N,0W20,Y,Yes,,31.2,5,5,TGMXV02.7105,5,,5000.0,445,318,387,,,
2026,Ferrari,Ferrari S.p.A.,Purosangue,FEX,175,6.5,12,Auto(AM8),11,15,12,12.9752,20.9973,15.6691,10.6952,15.4222,12.4064,,Naturally Aspirated,AM,Automated Manual,8,N,N,A,All Wheel Drive,10.0,GPR,Gasoline (Premium Unleaded Required),MPG,miles per gallon,N,Not exempt,,,,,5200,5200,SIDI; ,2,2,4,Compact Cars,car,Derived 5-cycle label,2025-09-30,37588,Y,N,N,N,,N,Not applicable.,Y,Variable camshaft timing for exhaust and inlet.,N,Not applicable.,,,,,,,,,,,,,,,,GDI,Spark Ignition Direct Injection,N,,N,10W60,Y,Yes,Ferrari Purosangue,15.8,1,1,TFEXV06.5G50,5,,17500.0,825,573,711,,,
2026,Hyundai,GENESIS,G70 AWD,HYX,6,3.3,6,Auto(S8),17,23,19,19.7747,30.8904,23.5955,16.7566,22.8911,19.0544,TC,Turbocharged,SA,Semi-Automatic,8,Y,N,A,All Wheel Drive,15.0,GP,Gasoline (Premium Unleaded Recommended),MPG,miles per gallon,N,Not exempt,,,94.0,10.0,3300,3300,SIDI; ,2,2,4,Compact Cars,car,Vehicle Specific 5-cycle label,2025-03-03,36324,N,N,N,N,This engine match with Variable Exhaust Valve option only.,N,,Y,Fixed3(more than two or continuous),N,,,,,,,,,,,,,,,,,GDI,Spark Ignition Direct Injection,,,N,5W30 ACEA A5,N,No,,23.8,4,4,THYXV03.3GK7,4,,8000.0,528,389,466,,,
2026,Hyundai,GENESIS,G70 AWD,HYX,8,2.5,4,Auto(S8),20,28,23,24.7647,37.595,29.258,20.1561,27.866,23.0225,TC,Turbocharged,SA,Semi-Automatic,8,Y,N,A,All Wheel Drive,15.0,GP,Gasoline (Premium Unleaded Recommended),MPG,miles per gallon,N,Not exempt,,,94.0,10.0,2700,2700,SIDI & PFI; ,2,2,4,Compact Cars,car,Vehicle Specific 5-cycle label,2025-03-03,36322,N,N,N,N,,N,,Y,APPLY CVVT,N,,,,,,,,,,,,,,,,,GDPI,Spark Ignition direct & ported injection,,,N,0W-30,N,No,,29.5,5,5,THYXV02.5GP5,5,,5000.0,440,319,385,,,
2026,Hyundai,GENESIS,G70 RWD,HYX,7,3.3,6,Auto(S8),17,25,20,20.6684,32.6864,24.766,16.8402,25.0569,19.7554,TC,Turbocharged,SA,Semi-Automatic,8,Y,N,R,"2-Wheel Drive, Rear",15.0,GP,Gasoline (Premium Unleaded Recommended),MPG,miles per gallon,N,Not exempt,,,94.0,10.0,3100,3100,SIDI; ,2,2,4,Compact Cars,car,Vehicle Specific 5-cycle label,2025-03-03,36325,N,N,N,N,This engine match with Variable Exhaust Valve option only.,N,,Y,Fixed3(more than two or continuous),N,,,,,,,,,,,,,,,,,GDI,Spark Ignition Direct Injection,,,N,5W30 ACEA A5,N,No,,24.9,4,4,THYXV03.3GK7,4,,7000.0,526,355,449,,,
2026,Hyundai,GENESIS,G70 RWD,HYX,9,2.5,4,Auto(S8),21,29,24,25.375,40.4461,30.4871,20.6699,29.3306,23.8373,TC,Turbocharged,SA,Semi-Automatic,8,Y,N,R,"2-Wheel Drive, Rear",15.0,GP,Gasoline (Premium Unleaded Recommended),MPG,miles per gallon,N,Not exempt,,,94.0,10.0,2600,2600,SIDI & PFI; ,2,2,4,Compact Cars,car,Vehicle Specific 5-cycle label,2025-03-03,36323,N,N,N,N,,N,,Y,APPLY CVVT,N,,,,,,,,,,,,,,,,,GDPI,Spark Ignition direct & ported injection,,,N,0W-30,N,No,,30.7,5,5,THYXV02.5GP5,5,,4500.0,429,304,373,,,
2026,MAZDA,MAZDA,MAZDA3 4-Door 2WD,TKX,305,2.5,4,Auto(S6),27,36,30,34.8819,52.2268,41.0109,26.7745,35.7435,30.1826,,Naturally Aspirated,SA,Semi-Automatic,6,Y,N,F,"2-Wheel Drive, Front",10.0,G,Gasoline (Regular Unleaded Recommended),MPG,miles per gallon,N,Not exempt,,,93.0,13.0,1650,1650,SIDI; ,2,2,4,Compact Cars,car,Derived 5-cycle label,2025-08-19,36718,N,N,N,N,MAZDA3 2.5L-DI w/o cylinder deactivation,N,,Y,This technology optimizes the valve timing by using computer control to continuously switch the intake and exhaust valve opening/closing timing according to driving conditions.,N,,,,,,,,,,,,,,,,,GDI,Spark Ignition Direct Injection,,,N,GF-6 0W-20,N,No,without cylinder deactivation,41.3,6,6,TTKXV02.5CDH,6,250.0,,331,248,294,,,
2026,MAZDA,MAZDA,MAZDA3 4-Door 4WD,TKX,311,2.5,4,Auto(S6),26,34,29,33.3,50.1,39.2179,25.6879,34.4479,29.0073,,Naturally Aspirated,SA,Semi-Automatic,6,Y,N,4,4-Wheel Drive,10.0,G,Gasoline (Regular Unleaded Recommended),MPG,miles per gallon,N,Not exempt,,,93.0,13.0,1700,1700,SIDI; ,2,2,4,Compact Cars,car,Derived 5-cycle label,2025-08-19,36719,N,N,N,N,MAZDA3 2.5L-DI w/o cylinder deactivation,N,,Y,This technology optimizes the valve timing by using computer control to continuously switch the intake and exhaust valve opening/closing timing according to driving conditions.,N,,,,,,,,,,,,,,,,,GDI,Spark Ignition Direct Injection,,,N,GF-6 0W-20,N,No,without cylinder deactivation,39.5,6,6,TTKXV02.5CDH,6,0.0,,345,257,306,,,
2026,MAZDA,MAZDA,MAZDA3 4-Door 4WD,TKX,315,2.5,4,Auto(S6),23,32,27,29.8,46.8,35.623,23.2447,32.4136,26.6352,TC,Turbocharged,SA,Semi-Automatic,6,Y,N,4,4-Wheel Drive,10.0,G,Gasoline (Regular Unleaded Recommended),MPG,miles per gallon,N,Not exempt,,,93.0,13.0,1850,1850,SIDI; ,2,2,4,Compact Cars,car,Derived 5-cycle label,2025-08-19,36705,N,N,N,N,,N,,Y,This technology optimizes the valve timing by using computer control to continuously switch the intake and exhaust valve opening/closing timing according to driving conditions.,N,,,,,,,,,,,,,,,,,GDI,Spark Ignition Direct Injection,,,N,GF-6 5W-30,N,No,,35.9,5,5,TTKXV02.5EGA,4,,750.0,382,274,334,,,
2026,Mercedes-Benz,Mercedes-Benz,AMG C 43 4MATIC,MBX,312,2.0,4,Auto(A9),19,27,22,23.7,38.0,28.5316,18.8536,26.8407,21.7686,TC,Turbocharged,A,Automatic,9,Y,N,A,All Wheel Drive,10.0,GPR,Gasoline (Premium Unleaded Required),MPG,miles per gallon,N,Not exempt,,,93.0,12.0,2850,2850,SIDI; Mild Hybrid; ,2,2,4,Compact Cars,car,Derived 5-cycle label,2025-07-30,37227,,N,N,N,M139-20DETC,N,,Y,Allows timing of the intake / exhaust valves to be changed while the engine is in operation,Y,Camtronic on the exhaust camshift with 2 cams for each cylinder: Low/High,Battery(s),1.0,Lithium Ion,48.0,11.3,78.2,On-Board,Electrical Regen Brake,Both,N,RSG Engine with 48V Technology,1.0,DC Brushless,,10,GDI,Spark Ignition Direct Injection,N,N,N,0W30,Y,Yes,AMG C 43 4MATIC,28.7,4,4,TMBXV02.0HY7,4,,5750.0,468,329,405,,,
2026,Mercedes-Benz,Mercedes-Benz,AMG CLA 35 4MATIC,MBX,182,2.0,4,Auto(AM8),22,29,25,27.8,41.4,32.6224,21.824,29.0199,24.5651,TC,Turbocharged,AM,Automated Manual,8,Y,N,A,All Wheel Drive,10.0,GPR,Gasoline (Premium Unleaded Required),MPG,miles per gallon,N,Not exempt,,,89.0,12.0,2500,2500,SIDI; Mild Hybrid; ,2,2,4,Compact Cars,car,Derived 5-cycle label,2025-05-28,37411,,N,N,N,,N,,Y,Allows timing of the intake / exhaust valves to be changed while the engine is in operation,Y,High/Low position on inlet side,Battery(s),1.0,Lithium Ion,48.0,7.6,53.0,On-Board,Electrical Regen Brake,Both,N,,1.0,Other,permanent magnet synchronous,10,GDI,Spark Ignition Direct Injection,N,N,N,5W40,Y,Yes,AMG CLA 35 4MATIC,32.8,5,5,TMBXV02.0HY4,5,,4000.0,406,305,361,,,
2026,Mercedes-Benz,Mercedes-Benz,AMG CLA 45 S 4MATIC,MBX,211,2.0,4,Auto(AM8),20,28,23,25.5,39.9,30.4443,20.1673,28.0626,23.0907,TC,Turbocharged,AM,Automated Manual,8,Y,N,A,All Wheel Drive,10.0,GPR,Gasoline (Premium Unleaded Required),MPG,miles per gallon,N,Not exempt,,,89.0,12.0,2700,2700,SIDI; ,2,2,4,Compact Cars,car,Derived 5-cycle label,2025-05-01,36498,,,N,N,Engine has both Direct Fuel Injection and Port Fuel Injection.,N,,Y,Allows timing of the intake / exhaust valves to be changed while the engine is in operation,Y,Camtronic on the exhaust camshaft with 2 cam profiles for each cylinder: low/high,,,,,,,,,,,,,,,,GDI,Spark Ignition Direct Injection,,,N,0W20,Y,Yes,AMG CLA 45 S 4MATIC+,30.7,5,5,TMBXV02.0U3B,2,,5000.0,438,308,379,,,
2026,Mercedes-Benz,Mercedes-Benz,C 300,MBX,150,2.0,4,Auto(A9),25,35,29,32.7,51.5,39.1276,25.2729,35.3021,28.9775,TC,Turbocharged,A,Automatic,9,Y,N,R,"2-Wheel Drive, Rear",10.0,GPR,Gasoline (Premium Unleaded Required),MPG,miles per gallon,N,Not exempt,,,93.0,12.0,2150,2150,SIDI; Mild Hybrid; ,2,2,4,Compact Cars,car,Derived 5-cycle label,2025-07-22,37090,,N,N,N,M254-20DETC 48V (ISG2),N,,Y,Allows timing of the intake / exhaust valves to be changed while the engine is in operation,Y,Allows variable valve lift of the intake valves to be changed while the engine is in operation,Battery(s),1.0,Lithium Ion,48.0,17.5,78.2,On-Board,Electrical Regen Brake,Both,N,ISG2 Engine 48V technology (BB300),1.0,Other,permanent magnet synchronous,17,GDI,Spark Ignition Direct Injection,N,N,N,0W30,Y,Yes,C 300,39.4,6,6,TMBXV02.0HY1,7,,2250.0,352,252,307,,,
2026,Mercedes-Benz,Mercedes-Benz,C 300 4MATIC,MBX,151,2.0,4,Auto(A9),24,33,27,30.2,48.1,36.2747,23.5267,33.2185,27.0824,TC,Turbocharged,A,Automatic,9,Y,N,A,All Wheel Drive,10.0,GPR,Gasoline (Premium Unleaded Required),MPG,miles per gallon,N,Not exempt,,,93.0,12.0,2300,2300,SIDI; Mild Hybrid; ,2,2,4,Compact Cars,car,Derived 5-cycle label,2025-07-22,37091,,N,N,N,M254-20DETC 48V (ISG2),N,,Y,Allows timing of the intake / exhaust valves to be changed while the engine is in operation,Y,Allows variable valve lift of the intake valves to be changed while the engine is in operation,Battery(s),1.0,Lithium Ion,48.0,17.5,78.2,On-Board,Electrical Regen Brake,Both,N,ISG2 Engine 48V technology (BB300),1.0,Other,permanent magnet synchronous,17,GDI,Spark Ignition Direct Injection,N,N,N,0W30,Y,Yes,C 300 4MATIC,36.5,5,5,TMBXV02.0HY1,7,,3000.0,379,268,329,,,
2026,Mercedes-Benz,Mercedes-Benz,CLA 250,MBX,240,2.0,4,Auto(AM8),26,36,30,34.1,52.7,40.5385,26.2388,36.0301,29.8946,TC,Turbocharged,AM,Automated Manual,8,Y,N,F,"2-Wheel Drive, Front",10.0,GPR,Gasoline (Premium Unleaded Required),MPG,miles per gallon,N,Not exempt,,,89.0,12.0,2100,2100,SIDI; Mild Hybrid; ,2,2,4,Compact Cars,car,Derived 5-cycle label,2025-04-18,36441,,,N,N,,N,,Y,Allows timing of the intake/exhaust valves to be changed while the engine is in operation,Y,High/Low position on inlet side,Battery(s),1.0,Lithium Ion,48.0,7.7,52.9,On-Board,Electrical Regen Brake,Both,N,RSG2 Engine 48V technology,1.0,Other,permanent magnet synchronous,10,GDI,Spark Ignition Direct Injection,N,N,N,5W40,Y,Yes,CLA 250,40.8,6,6,TMBXJ02.0HY3,6,,2000.0,339,247,298,,,
2026,Mercedes-Benz,Mercedes-Benz,CLA 250 4MATIC,MBX,212,2.0,4,Auto(AM8),25,34,29,32.6,49.7,38.5721,25.2036,34.2029,28.5885,TC,Turbocharged,AM,Automated Manual,8,Y,N,A,All Wheel Drive,10.0,GPR,Gasoline (Premium Unleaded Required),MPG,miles per gallon,N,Not exempt,,,89.0,12.0,2150,2150,SIDI; Mild Hybrid; ,2,2,4,Compact Cars,car,Derived 5-cycle label,2025-04-17,36440,,N,N,N,,N,,Y,Allows timing of the intake/exhaust valves to be changed while the engine is in operation,Y,High/Low position on inlet side,Battery(s),1.0,Lithium Ion,48.0,7.7,52.9,On-Board,Electrical Regen Brake,Both,N,RSG2 Engine 48V technology,1.0,Other,permanent magnet synchronous,10,GDI,Spark Ignition Direct Injection,N,N,N,5W40,Y,Yes,CLA 250 4MATIC,38.8,6,6,TMBXJ02.0HY3,6,,2250.0,353,260,311,,,
2026,BMW,Mini,Cooper C 4 Door,BMX,35,2.0,4,Auto(AM-S7),28,39,32,36.3255,57.7772,43.6121,27.7568,39.0686,31.915,TC,Turbocharged,AMS,Automated Manual- Selectable (e.g. Automated Manual with paddles),7,N,N,F,"2-Wheel Drive, Front",10.0,GP,Gasoline (Premium Unleaded Recommended),MPG,miles per gallon,N,Not exempt,,,,,1950,1950,SIDI & PFI; ,2,2,4,Compact Cars,car,Derived 5-cycle label,2025-08-01,36950,Y,N,N,N,,N,,Y,variable valve timing at inlet and outlet valves,Y,variable valve lift only at inlet valves,,,,,,,,,,,,,,,,GDPI,Spark Ignition direct & ported injection,,,N,0W20,Y,Yes,,43.9,6,6,TBMXV02.0F6X,6,,1250.0,318,225,276,,,
2026,BMW,Mini,Cooper S 4 Door,BMX,57,2.0,4,Auto(AM-S7),28,39,32,36.8091,57.1118,43.8188,28.0838,38.6741,32.0309,TC,Turbocharged,AMS,Automated Manual- Selectable (e.g. Automated Manual with paddles),7,N,N,F,"2-Wheel Drive, Front",10.0,GP,Gasoline (Premium Unleaded Recommended),MPG,miles per gallon,N,Not exempt,,,,,1950,1950,SIDI & PFI; ,2,2,4,Compact Cars,car,Derived 5-cycle label,2025-08-01,36945,Y,N,N,N,,N,,Y,variable valve timing at inlet and outlet valves,Y,variable valve lift only at inlet valves,,,,,,,,,,,,,,,,GDPI,Spark Ignition direct & ported injection,,,N,0W20,Y,Yes,,44.1,6,6,TBMXV02.0F6X,6,,1250.0,311,226,273,,,
2026,Toyota,TOYOTA,COROLLA,TYX,105,2.0,4,Auto(AV),32,41,35,43.5,62.6994,50.4521,32.0,41.0,35.0,,Naturally Aspirated,CVT,Continuously Variable,1,Y,N,F,"2-Wheel Drive, Front",15.0,G,Gasoline (Regular Unleaded Recommended),MPG,miles per gallon,N,Not exempt,,,89.0,13.0,1400,1400,SIDI & PFI; ,2,2,4,Compact Cars,car,Derived 5-cycle label,2025-08-17,37506,N,N,N,N,,N,,Y,Intake and exhaust,N,,,,,,,,,,,,,,,,,GDPI,Spark Ignition direct & ported injection,,,N,0W-8,N,No,1-mode TM,51.5,6,6,TTYXV02.0E4A,5,1500.0,,277,216,254,,,
2026,Toyota,TOYOTA,COROLLA,TYX,106,2.0,4,Auto(AV),31,40,34,41.0,58.7,47.4367,30.8774,39.6137,34.2793,,Naturally Aspirated,CVT,Continuously Variable,1,Y,N,F,"2-Wheel Drive, Front",15.0,G,Gasoline (Regular Unleaded Recommended),MPG,miles per gallon,N,Not exempt,,,89.0,13.0,1450,1450,SIDI & PFI; ,2,2,4,Compact Cars,car,Derived 5-cycle label,2025-08-17,37507,N,N,N,N,,N,,Y,Intake and exhaust,N,,,,,,,,,,,,,,,,,GDPI,Spark Ignition direct & ported injection,,,N,0W-8,N,No,3-mode TM,48.0,6,6,TTYXV02.0E4A,5,1250.0,,286,223,257,,,
2026,Toyota,TOYOTA,COROLLA,TYX,107,2.0,4,Auto(AV-S10),31,38,34,40.5,56.8,46.5056,30.5479,38.4889,33.6743,,Naturally Aspirated,SCV,Selectable Continuously Variable (e.g. CVT with paddles),10,Y,N,F,"2-Wheel Drive, Front",15.0,G,Gasoline (Regular Unleaded Recommended),MPG,miles per gallon,N,Not exempt,,,89.0,13.0,1450,1450,SIDI & PFI; ,2,2,4,Compact Cars,car,Derived 5-cycle label,2025-08-17,37508,N,N,N,N,,N,,Y,Intake and exhaust,N,,,,,,,,,,,,,,,,,GDPI,Spark Ignition direct & ported injection,,,N,0W-8,N,No,,47.0,6,6,TTYXV02.0E4A,5,1250.0,,292,232,265,,,
2026,Toyota,TOYOTA,COROLLA HATCHBACK,TYX,135,2.0,4,Auto(AV-S10),32,41,35,42.7963,62.2,49.7852,32.0528,41.0,35.0,,Naturally Aspirated,SCV,Selectable Continuously Variable (e.g. CVT with paddles),10,Y,N,F,"2-Wheel Drive, Front",15.0,G,Gasoline (Regular Unleaded Recommended),MPG,miles per gallon,N,Not exempt,,,,,1400,1400,SIDI & PFI; ,2,2,4,Compact Cars,car,Derived 5-cycle label,2025-09-17,37511,Y,N,N,N,,N,,Y,Intake and exhaust,N,,,,,,,,,,,,,,,,,GDPI,Spark Ignition direct & ported injection,,,N,0W-8,N,No,,50.3,6,6,TTYXV02.0E4A,5,1500.0,,278,217,254,,,
2026,Toyota,TOYOTA,COROLLA HATCHBACK FX,TYX,137,2.0,4,Auto(AV-S10),30,38,33,40.4,55.3,45.9743,30.4819,37.5944,33.3185,,Naturally Aspirated,SCV,Selectable Continuously Variable (e.g. CVT with paddles),10,Y,N,F,"2-Wheel Drive, Front",15.0,G,Gasoline (Regular Unleaded Recommended),MPG,miles per gallon,N,Not exempt,,,,,1500,1500,SIDI & PFI; ,2,2,4,Compact Cars,car,Derived 5-cycle label,2025-09-17,37510,Y,N,N,N,,N,,Y,Intake and exhaust,N,,,,,,,,,,,,,,,,,GDPI,Spark Ignition direct & ported injection,,,N,0W-8,N,No,,46.5,6,6,TTYXV02.0E4A,5,1000.0,,292,237,267,,,
2026,Toyota,TOYOTA,COROLLA HATCHBACK XSE,TYX,136,2.0,4,Auto(AV-S10),30,38,33,39.5,56.5,45.6858,29.8859,38.3105,33.1681,,Naturally Aspirated,SCV,Selectable Continuously Variable (e.g. CVT with paddles),10,Y,N,F,"2-Wheel Drive, Front",15.0,G,Gasoline (Regular Unleaded Recommended),MPG,miles per gallon,N,Not exempt,,,,,1500,1500,SIDI & PFI; ,2,2,4,Compact Cars,car,Derived 5-cycle label,2025-09-17,37509,Y,N,N,N,,N,,Y,Intake and exhaust,N,,,,,,,,,,,,,,,,,GDPI,Spark Ignition direct & ported injection,,,N,0W-8,N,No,,46.2,6,6,TTYXV02.0E4A,5,1000.0,,295,230,266,,,
2026,Toyota,TOYOTA,COROLLA HYBRID,TYX,96,1.8,4,Auto(AV),50,43,47,70.8,64.2,67.6695,50.3846,43.0,47.0,,Naturally Aspirated,CVT,Continuously Variable,1,N,N,F,"2-Wheel Drive, Front",15.0,G,Gasoline (Regular Unleaded Recommended),MPG,miles per gallon,N,Not exempt,,,89.0,13.0,1050,1050,Hybrid; ,2,2,4,Compact Cars,car,Vehicle Specific 5-cycle label,2025-08-01,37502,N,N,N,N,,N,,Y,Intake,N,,Battery(s),1.0,Lithium Ion,207.0,4.0,80.7,On-Board,Electrical Regen Brake,Both,N,"""30kWatt"" of Rated Motor/Generator Power is only for COROLLA HYBRID AWD.",2.0,Other,AC Synchronous,30 and 70,MFI,Multipoint/sequential fuel injection,N,N,N,0W-16,Y,Yes,HYBRID,68.4,8,8,TTYXV01.8H3A,6,3250.0,,173,204,186,,,
2026,Toyota,TOYOTA,COROLLA HYBRID,TYX,97,1.8,4,Auto(AV),53,46,50,77.1,72.2,74.8151,53.0,46.0,50.0,,Naturally Aspirated,CVT,Continuously Variable,1,N,N,F,"2-Wheel Drive, Front",15.0,G,Gasoline (Regular Unleaded Recommended),MPG,miles per gallon,N,Not exempt,,,89.0,13.0,1000,1000,Hybrid; ,2,2,4,Compact Cars,car,Vehicle Specific 5-cycle label,2025-08-17,37503,N,N,N,N,,N,,Y,Intake,N,,Battery(s),1.0,Lithium Ion,207.0,4.0,80.7,On-Board,Electrical Regen Brake,Both,N,"""30kWatt"" of Rated Motor/Generator Power is only for COROLLA HYBRID AWD.",2.0,Other,AC Synchronous,30 and 70,MFI,Multipoint/sequential fuel injection,N,N,N,0W-16,Y,Yes,HYBRID,75.6,8,8,TTYXV01.8H3A,6,3500.0,,165,191,176,,,
2026,Toyota,TOYOTA,COROLLA HYBRID AWD,TYX,98,1.8,4,Auto(AV),47,41,44,65.5,61.0,63.3955,47.0,41.0,44.0,,Naturally Aspirated,CVT,Continuously Variable,1,N,N,A,All Wheel Drive,15.0,G,Gasoline (Regular Unleaded Recommended),MPG,miles per gallon,N,Not exempt,,,89.0,12.0,1100,1100,Hybrid; ,2,2,4,Compact Cars,car,Vehicle Specific 5-cycle label,2025-08-17,37504,N,N,N,N,,N,,Y,Intake,N,,Battery(s),1.0,Lithium Ion,207.0,4.0,80.7,On-Board,Electrical Regen Brake,Both,N,"""30kWatt"" of Rated Motor/Generator Power is only for COROLLA HYBRID AWD.",2.0,Other,AC Synchronous,30 and 70,MFI,Multipoint/sequential fuel injection,N,N,N,0W-16,Y,Yes,HYBRID,64.1,7,7,TTYXV01.8H3A,6,3000.0,,186,214,199,,,
2026,Toyota,TOYOTA,COROLLA HYBRID AWD,TYX,99,1.8,4,Auto(AV),51,44,48,72.7,67.2,70.1175,51.0,44.0,48.0,,Naturally Aspirated,CVT,Continuously Variable,1,N,N,A,All Wheel Drive,15.0,G,Gasoline (Regular Unleaded Recommended),MPG,miles per gallon,N,Not exempt,,,89.0,12.0,1050,1050,Hybrid; ,2,2,4,Compact Cars,car,Vehicle Specific 5-cycle label,2025-08-17,37505,N,N,N,N,,N,,Y,Intake,N,,Battery(s),1.0,Lithium Ion,207.0,4.0,80.7,On-Board,Electrical Regen Brake,Both,N,"""30kWatt"" of Rated Motor/Generator Power is only for COROLLA HYBRID AWD.",2.0,Other,AC Synchronous,30 and 70,MFI,Multipoint/sequential fuel injection,N,N,N,0W-16,Y,Yes,HYBRID,70.9,8,8,TTYXV01.8H3A,6,3250.0,,172,200,183,,,
2026,Volkswagen Group of,Volkswagen,GLI,VGA,5,2.0,4,Auto(AM-S7),26,35,29,32.3,49.4,38.2597,25.5551,34.7913,29.0222,TC,Turbocharged,AMS,Automated Manual- Selectable (e.g. Automated Manual with paddles),7,N,N,F,"2-Wheel Drive, Front",15.0,G,Gasoline (Regular Unleaded Recommended),MPG,miles per gallon,N,Not exempt,,,94.0,16.0,1700,1700,SIDI; ,2,2,4,Compact Cars,car,Vehicle Specific 5-cycle label,2025-06-27,36814,Y,N,N,N,Applies to DXSA var: 0,N,,Y,CONTINOUSLY VARIABLE VALVE TIMING,Y,AUDI VALVE LIFT SYSTEM,,,,,,,,,,,,,,,,GDI,Spark Ignition Direct Injection,N,,N,0W20 VW50800,Y,Yes,,37.3,6,6,TVGAV02.0V3A,6,0.0,,348,256,307,,,
2026,Volkswagen Group of,Volkswagen,GLI,VGA,6,2.0,4,Manual(M6),26,36,29,31.5,49.6,37.6891,25.7404,36.0504,29.0,TC,Turbocharged,M,Manual,6,N,N,F,"2-Wheel Drive, Front",15.0,G,Gasoline (Regular Unleaded Recommended),MPG,miles per gallon,N,Not exempt,,,94.0,16.0,1700,1700,SIDI; ,2,2,4,Compact Cars,car,Vehicle Specific 5-cycle label,2025-05-12,36530,Y,N,N,N,Applies to DXSA var: 0,N,,Y,CONTINOUSLY VARIABLE VALVE TIMING,Y,AUDI VALVE LIFT SYSTEM,,,,,,,,,,,,,,,,GDI,Spark Ignition Direct Injection,N,,N,0W20 VW50800,Y,Yes,,38.0,6,6,TVGAV02.0V3A,6,0.0,,346,247,306,,,
2026,Volkswagen Group of,Volkswagen,Jetta,VGA,24,1.5,4,Auto(S8),29,40,34,38.8,60.1,46.1621,29.42,40.4366,33.5308,TC,Turbocharged,SA,Semi-Automatic,8,Y,N,F,"2-Wheel Drive, Front",15.0,G,Gasoline (Regular Unleaded Recommended),MPG,miles per gallon,N,Not exempt,,,94.0,16.0,1450,1450,SIDI; ,2,2,4,Compact Cars,car,Derived 5-cycle label,2025-07-04,36936,Y,N,N,N,Applies to DNKA var: 0,N,,Y,-,N,,,,,,,,,,,,,,,,,GDI,Spark Ignition Direct Injection,,,N,0W20 VW50800,Y,Yes,,46.5,6,6,TVGAV01.5V2Q,7,1250.0,,302,220,265,,,
2026,Volkswagen Group of,Volkswagen,Jetta Sport/SE/SEL,VGA,25,1.5,4,Auto(S8),29,40,33,37.8,59.1,45.1172,28.7509,39.8493,32.8705,TC,Turbocharged,SA,Semi-Automatic,8,Y,N,F,"2-Wheel Drive, Front",15.0,G,Gasoline (Regular Unleaded Recommended),MPG,miles per gallon,N,Not exempt,,,94.0,16.0,1500,1500,SIDI; ,2,2,4,Compact Cars,car,Derived 5-cycle label,2025-07-04,36937,Y,N,N,N,Applies to DNKA var: 0,N,,Y,-,N,,,,,,,,,,,,,,,,,GDI,Spark Ignition Direct Injection,,,N,0W20 VW50800,Y,Yes,,45.4,6,6,TVGAV01.5V2Q,7,1000.0,,310,224,271,,,
2026,Volkswagen Group of,Audi,RS 7,VGA,21,4.0,8,Auto(S8),14,21,16,16.88,27.498,20.4299,13.7655,21.1293,16.3259,TC,Turbocharged,SA,Semi-Automatic,8,Y,N,A,All Wheel Drive,15.0,GP,Gasoline (Premium Unleaded Recommended),MPG,miles per gallon,N,Not exempt,,,,,3900,3900,SIDI; Mild Hybrid; ,2,2,5,Midsize Cars,car,Vehicle Specific 5-cycle label,2025-05-28,36689,N,N,N,N,Applies to DYGA var: 0,Y,Fuel saving by reduction of active cylinders. Mechanical deactivation of 4 inlet and outlet vales with injection cut-off on these 4 cylinders.,Y,The variable valve timing is a substantial engine feature for: - Reducing engine out emissions - Optimizing full load performance - Optimizing fuel consumption - Reducing engine roughness Adjust the inlet and outlet camshaft position continously between retard and advanced position.,N,,Battery(s),1.0,Lithium Ion,48.0,9.5,50.1,On-Board,Electrical Regen Brake,Both,N,,1.0,Other,Belt-Driven-Starter-Generator,8,GDI,Spark Ignition Direct Injection,N,N,N,0W40 VW50200 / VW50500,Y,Yes,,20.6,3,3,TVGAJ04.0NAT,2,,11000.0,645,422,545,,,
2026,BMW,BMW,530i Sedan,BMX,530,2.0,4,Auto(S8),28,35,31,36.3978,51.3476,41.8855,27.8057,35.2094,30.7118,TC,Turbocharged,SA,Semi-Automatic,8,Y,N,R,"2-Wheel Drive, Rear",10.0,GP,Gasoline (Premium Unleaded Recommended),MPG,miles per gallon,N,Not exempt,,,98.0,14.0,2000,2000,SIDI & PFI; Mild Hybrid; ,2,2,5,Midsize Cars,car,Derived 5-cycle label,2025-04-01,36387,N,N,N,N,,N,,Y,Variable Valve Timing at inlet and outlet valves,Y,Variable Valve Lift at inlet valves and two settings at outlet valves,Battery(s),1.0,Lithium Ion,46.0,20.0,47.0,On-Board,Electrical Regen Brake,Both,N,Starter Generator Engine with 48V Technology; Motor/Generator Type: externally excited synchronuous machine (EESM),1.0,Other,EESM,8,GDPI,Spark Ignition direct & ported injection,N,N,N,0W-12,Y,Yes,,42.2,6,6,TBMXV02.0B4D,6,,1500.0,315,249,285,,,
2026,BMW,BMW,530i xDrive Sedan,BMX,531,2.0,4,Auto(S8),27,35,30,35.1193,50.2557,40.6255,26.9367,34.5432,29.8994,TC,Turbocharged,SA,Semi-Automatic,8,Y,N,A,All Wheel Drive,10.0,GP,Gasoline (Premium Unleaded Recommended),MPG,miles per gallon,N,Not exempt,,,98.0,14.0,2100,2100,SIDI & PFI; Mild Hybrid; ,2,2,5,Midsize Cars,car,Derived 5-cycle label,2025-04-01,36386,N,N,N,N,,N,,Y,Variable Valve Timing at inlet and outlet valves,Y,Variable Valve Lift at inlet valves and two settings at outlet valves,Battery(s),1.0,Lithium Ion,46.0,20.0,47.0,On-Board,Electrical Regen Brake,Both,N,Starter Generator Engine with 48V Technology; Motor/Generator Type: externally excited synchronuous machine (EESM),1.0,Other,EESM,8,GDPI,Spark Ignition direct & ported injection,N,N,N,0W-12,Y,Yes,,40.9,6,6,TBMXV02.0B4D,6,,2000.0,325,253,292,,,
2026,BMW,BMW,540i xDrive Sedan,BMX,541,3.0,6,Auto(S8),26,32,28,33.6102,46.7515,38.4772,25.9018,32.3835,28.4657,TC,Turbocharged,SA,Semi-Automatic,8,Y,N,A,All Wheel Drive,10.0,GP,Gasoline (Premium Unleaded Recommended),MPG,miles per gallon,N,Not exempt,,,98.0,14.0,2200,2200,SIDI & PFI; Mild Hybrid; ,2,2,5,Midsize Cars,car,Derived 5-cycle label,2025-04-01,36392,Y,N,N,N,,N,,Y,Variable Valve Timing at inlet and outlet valves,Y,Variable Valve Lift at inlet valves and two settings at outlet valves,Battery(s),1.0,Lithium Ion,44.0,10.0,38.0,On-Board,Electrical Regen Brake,Both,N,"M440i Convertible, M440i Coupe, M440i xDrive Convertible, M440i xDrive Coupe, M340i Sedan, M340i xDrive Sedan, M440i Gran Coupe and M440i xDrive Gran Coupe: Battery Energy Capacity 10.0 Ah, Total Voltage of Battery Pack(s) 44 V, Battery Specific Energy 38.0 Wh/kg, Motor/Generator Type: PMSM 9 kW; 540i xDrive Sedan: Battery Energy Capacity 20.0 Ah, Total Voltage of Battery Pack(s) 46.2 V, Battery Specific Energy 47.0 Wh/kg, Motor/Generator Type: PMSM 13 kW; X3 M50: Battery Energy Capacity 19.2 Ah, Total Voltage of Battery Pack(s) 43.9 V, Battery Specific Energy 65.0 Wh/kg, Motor/Generator Type: PMSM 13 kW Starter Generator Engine with 48V Technology; Motor/Generator Type: permanent magnet synchronous machine (PMSM)",1.0,Other,PMSM,9,GDPI,Spark Ignition direct & ported injection,N,N,N,0W-12,Y,Yes,,38.7,5,5,TBMXJ03.0B5P,6,,2500.0,338,271,308,,,
2026,BMW,BMW,840i Gran Coupe,BMX,808,3.0,6,Auto(S8),21,29,24,26.808,41.4574,31.8767,21.1125,29.0564,24.0743,TC,Turbocharged,SA,Semi-Automatic,8,Y,N,R,"2-Wheel Drive, Rear",10.0,GP,Gasoline (Premium Unleaded Recommended),MPG,miles per gallon,N,Not exempt,,,99.0,11.0,2600,2600,SIDI; ,2,2,5,Midsize Cars,car,Derived 5-cycle label,2025-04-01,36404,N,N,N,N,,N,,Y,Variable Valve Timing at inlet and outlet valves,Y,Variable Valve Lift at inlet valves,,,,,,,,,,,,,,,,GDI,Spark Ignition Direct Injection,,,N,0W-20,Y,Yes,,32.1,5,5,TBMXV03.0B07,2,,4500.0,420,305,368,,,
2026,BMW,BMW,840i xDrive Gran Coupe,BMX,810,3.0,6,Auto(S8),21,29,24,26.2738,40.8328,31.295,20.7274,28.6587,23.676,TC,Turbocharged,SA,Semi-Automatic,8,Y,N,A,All Wheel Drive,10.0,GP,Gasoline (Premium Unleaded Recommended),MPG,miles per gallon,N,Not exempt,,,99.0,11.0,2600,2600,SIDI; ,2,2,5,Midsize Cars,car,Derived 5-cycle label,2025-04-01,36399,N,N,N,N,,N,,Y,Variable Valve Timing at inlet and outlet valves,Y,Variable Valve Lift at inlet valves,,,,,,,,,,,,,,,,GDI,Spark Ignition Direct Injection,,,N,0W-20,Y,Yes,,31.5,5,5,TBMXV03.0B07,2,,4500.0,426,308,373,,,
2026,BMW,BMW,M850i xDrive Gran Coupe,BMX,854,4.4,8,Auto(S8),17,24,19,20.8099,33.3597,25.0507,16.7116,23.8122,19.3016,TC,Turbocharged,SA,Semi-Automatic,8,Y,N,A,All Wheel Drive,10.0,GP,Gasoline (Premium Unleaded Recommended),MPG,miles per gallon,N,Not exempt,,,100.0,16.0,3300,3300,SIDI; ,2,2,5,Midsize Cars,car,Derived 5-cycle label,2025-04-01,36415,N,N,N,N,,N,,Y,Variable Valve Timing at inlet and outlet valves,Y,Variable Valve Lift at inlet valves,,,,,,,,,,,,,,,,GDI,Spark Ignition Direct Injection,,,N,0W30,Y,Yes,,25.2,4,4,TBMXV04.4N63,2,,8000.0,526,371,456,,,
2026,General Motors,Cadillac,CT5,GMX,304,3.0,6,Auto(S10),19,28,22,24.1,40.7,29.5176,19.1468,28.0,22.485,TC,Turbocharged,SA,Semi-Automatic,10,Y,N,R,"2-Wheel Drive, Rear",10.0,GPR,Gasoline (Premium Unleaded Required),MPG,miles per gallon,N,Not exempt,,,99.0,11.0,2850,2850,SIDI; ,2,2,5,Midsize Cars,car,Derived 5-cycle label,2025-06-02,36586,N,N,N,N,,Y,Active Fuel Management,Y,CAM PHASER,N,,,,,,,,,,,,,,,,,GDI,Spark Ignition Direct Injection,,,N,5W30,Y,Yes,,29.7,4,4,TGMXV03.6043,4,,5750.0,466,318,399,,,
2026,General Motors,Cadillac,CT5,GMX,314,2.0,4,Auto(S10),22,31,26,28.3938,45.1467,34.0856,22.2477,31.3832,25.6013,TC,Turbocharged,SA,Semi-Automatic,10,Y,N,R,"2-Wheel Drive, Rear",10.0,GPR,Gasoline (Premium Unleaded Required),MPG,miles per gallon,N,Not exempt,,,99.0,11.0,2400,2400,SIDI; ,2,2,5,Midsize Cars,car,Derived 5-cycle label,2025-06-02,36603,N,N,N,N,,Y,Active Fuel Management,Y,Cam Phaser,Y,"High,Low,Zero(Cylinder Deactivation)",,,,,,,,,,,,,,,,GDI,Spark Ignition Direct Injection,,,N,0W20,Y,Yes,,34.3,5,5,TGMXV02.0041,6,,3500.0,399,282,346,,,
2026,General Motors,Cadillac,CT5 AWD,GMX,306,3.0,6,Auto(S10),18,27,21,22.9,37.8,27.8379,18.2647,26.7115,21.295,TC,Turbocharged,SA,Semi-Automatic,10,Y,N,A,All Wheel Drive,10.0,GPR,Gasoline (Premium Unleaded Required),MPG,miles per gallon,N,Not exempt,,,99.0,11.0,2950,2950,SIDI; ,2,2,5,Midsize Cars,car,Derived 5-cycle label,2025-06-02,36588,N,N,N,N,,Y,Active Fuel Management,Y,CAM PHASER,N,,,,,,,,,,,,,,,,,GDI,Spark Ignition Direct Injection,,,N,5W30,Y,Yes,,28.0,4,4,TGMXV03.6043,4,,6250.0,488,334,418,,,
2026,General Motors,Cadillac,CT5 AWD,GMX,315,2.0,4,Auto(S10),21,30,24,27.1463,43.1255,32.5783,21.3556,30.1132,24.0,TC,Turbocharged,SA,Semi-Automatic,10,Y,N,A,All Wheel Drive,10.0,GPR,Gasoline (Premium Unleaded Required),MPG,miles per gallon,N,Not exempt,,,99.0,11.0,2600,2600,SIDI; ,2,2,5,Midsize Cars,car,Derived 5-cycle label,2025-06-02,36604,N,N,N,N,,Y,Active Fuel Management,Y,Cam Phaser,Y,"High,Low,Zero(Cylinder Deactivation)",,,,,,,,,,,,,,,,GDI,Spark Ignition Direct Injection,,,N,0W20,Y,Yes,,32.8,5,5,TGMXV02.0041,6,,4500.0,416,294,370,,,
2026,General Motors,Cadillac,CT5 V,GMX,305,3.0,6,Auto(S10),18,27,21,22.3,38.2,27.4395,17.821,26.9699,21.0315,TC,Turbocharged,SA,Semi-Automatic,10,Y,N,R,"2-Wheel Drive, Rear",10.0,GPR,Gasoline (Premium Unleaded Required),MPG,miles per gallon,N,Not exempt,,,99.0,11.0,2950,2950,SIDI; ,2,2,5,Midsize Cars,car,Derived 5-cycle label,2025-06-02,36595,N,N,N,N,,Y,Active Fuel Management,Y,CAM PHASER,N,,,,,,,,,,,,,,,,,GDI,Spark Ignition Direct Injection,,,N,5W30,Y,Yes,,27.6,4,4,TGMXV03.6043,4,,6250.0,499,330,423,,,
2026,General Motors,Cadillac,CT5 V,GMX,310,6.2,8,Auto(S10),13,20,15,15.6,28.2343,19.5334,12.7459,20.3917,15.333,SC,Supercharged,SA,Semi-Automatic,10,Y,N,R,"2-Wheel Drive, Rear",10.0,GPR,Gasoline (Premium Unleaded Required),MPG,miles per gallon,N,Not exempt,,,99.0,11.0,4150,4150,SIDI; ,1,1,5,Midsize Cars,car,Derived 5-cycle label,2025-06-02,36573,N,N,N,N,,Y,Active Fuel Management,Y,Cam Phaser,N,,,,,,,,,,,,,,,,,GDI,Spark Ignition Direct Injection,,,N,0W40,N,No,,19.7,2,2,TGMXV06.2094,2,,12250.0,697,437,580,,,
2026,General Motors,Cadillac,CT5 V,GMX,311,6.2,8,Manual(M6),13,20,15,14.9,25.5,18.3285,12.5455,20.2844,15.1458,SC,Supercharged,M,Manual,6,N,N,R,"2-Wheel Drive, Rear",10.0,GPR,Gasoline (Premium Unleaded Required),MPG,miles per gallon,N,Not exempt,,,99.0,11.0,4150,4150,SIDI; ,1,1,5,Midsize Cars,car,Vehicle Specific 5-cycle label,2025-06-02,36574,N,N,N,N,,N,,Y,Cam Phaser,N,,,,,,,,,,,,,,,,,GDI,Spark Ignition Direct Injection,,,N,0W40,N,No,,18.5,2,2,TGMXV06.2094,2,,12250.0,708,438,587,,,
2026,General Motors,Cadillac,CT5 V AWD,GMX,307,3.0,6,Auto(S10),17,26,20,22.0416,36.8295,26.9025,17.0,26.0828,20.0,TC,Turbocharged,SA,Semi-Automatic,10,Y,N,A,All Wheel Drive,10.0,GPR,Gasoline (Premium Unleaded Required),MPG,miles per gallon,N,Not exempt,,,99.0,11.0,3100,3100,SIDI; ,2,2,5,Midsize Cars,car,Derived 5-cycle label,2025-06-02,36590,N,N,N,N,,Y,Active Fuel Management,Y,CAM PHASER,N,,,,,,,,,,,,,,,,,GDI,Spark Ignition Direct Injection,,,N,5W30,Y,Yes,,27.1,4,4,TGMXV03.6043,4,,7000.0,523,342,445,,,
2026,Honda,Honda,CIVIC 4Dr,HNX,4,1.5,4,Manual(M6),27,37,31,35.8,56.3,42.8155,27.4002,37.0,31.3917,TC,Turbocharged,M,Manual,6,N,N,F,"2-Wheel Drive, Front",10.0,GP,Gasoline (Premium Unleaded Recommended),MPG,miles per gallon,N,Not exempt,,,99.0,15.0,2000,2000,SIDI; ,2,2,5,Midsize Cars,car,Derived 5-cycle label,2025-06-12,36459,N,N,N,N,,N,,Y,Variable valve Timing and lift Electronic Control (VTEC) system and Variable valve Timing Control (VTC) system are applied.,Y,Variable valve Timing and lift Electronic Control (VTEC) system is applied.,,,,,,,,,,,,,,,,GDI,Spark Ignition Direct Injection,N,N,N,0W-20,Y,Yes,,43.5,6,6,THNXV01.5SDC,5,,1500.0,323,239,285,,,
2026,Honda,Honda,CIVIC 4Dr,HNX,5,2.0,4,Auto(AV),32,41,36,43.6,62.1,50.3498,32.0,41.0,36.1001,,Naturally Aspirated,CVT,Continuously Variable,1,Y,N,F,"2-Wheel Drive, Front",10.0,G,Gasoline (Regular Unleaded Recommended),MPG,miles per gallon,N,Not exempt,,,99.0,15.0,1400,1400,SIDI; ,2,2,5,Midsize Cars,car,Derived 5-cycle label,2025-06-12,36458,Y,N,N,N,,N,,Y,Variable valve Timing Control (VTC) system is applied.,N,,,,,,,,,,,,,,,,,GDI,Spark Ignition Direct Injection,N,N,N,0W-20,Y,Yes,,51.2,7,7,THNXV02.0JEK,6,1500.0,,276,215,248,,,
2026,Honda,Honda,CIVIC 4Dr,HNX,6,2.0,4,Auto(AV-S7),31,39,34,41.8,60.0,48.4076,31.4025,39.0,34.0,,Naturally Aspirated,SCV,Selectable Continuously Variable (e.g. CVT with paddles),7,Y,N,F,"2-Wheel Drive, Front",10.0,G,Gasoline (Regular Unleaded Recommended),MPG,miles per gallon,N,Not exempt,,,99.0,15.0,1450,1450,SIDI; ,2,2,5,Midsize Cars,car,Derived 5-cycle label,2025-06-12,36460,Y,N,N,N,,N,,Y,Variable valve Timing Control (VTC) system is applied.,N,,,,,,,,,,,,,,,,,GDI,Spark Ignition Direct Injection,N,N,N,0W-20,Y,Yes,,49.2,6,6,THNXV02.0JEK,6,1250.0,,281,226,260,,,
2026,Honda,Honda,CIVIC 4Dr,HNX,14,2.0,4,Auto(AV),50,47,49,74.6443,69.7396,72.3544,50.0,46.9538,49.2067,,Naturally Aspirated,CVT,Continuously Variable,1,Y,N,F,"2-Wheel Drive, Front",10.0,G,Gasoline (Regular Unleaded Recommended),MPG,miles per gallon,N,Not exempt,,,99.0,15.0,1000,1000,SIDI; Hybrid; ,2,2,5,Midsize Cars,car,Vehicle Specific 5-cycle label,2025-06-12,36599,Y,N,N,N,,N,,Y,Variable valve Timing Control (VTC) system is applied.,N,,Battery(s),1.0,Lithium Ion,263.0,4.07,77.3,On-Board,Electrical Regen Brake,Front Wheels,N,,1.0,Other,AC PMSM,181,GDI,Spark Ignition Direct Injection,N,N,N,0W-20,Y,Yes,,72.7,8,8,THNXV02.0GES,6,3500.0,,176,188,181,,,
2026,Hyundai,HYUNDAI MOTOR COMPANY,Elantra,HYX,26,1.6,4,Auto(AM-S7),28,35,31,35.4,50.9,41.0213,28.0055,34.9677,30.7616,TC,Turbocharged,AMS,Automated Manual- Selectable (e.g. Automated Manual with paddles),7,N,N,F,"2-Wheel Drive, Front",15.0,G,Gasoline (Regular Unleaded Recommended),MPG,miles per gallon,N,Not exempt,,,99.0,14.0,1600,1600,SIDI; ,2,2,5,Midsize Cars,car,Vehicle Specific 5-cycle label,2025-09-01,37355,N,N,N,N,,N,,Y,Fixed3 - Continuously variable cam timing both intake and exhaust for the best performance and fuel economy,N,,,,,,,,,,,,,,,,,GDI,Spark Ignition Direct Injection,,,N,"SAE 0W-20, API SN PLUS",N,No,,41.3,6,6,THYXV01.6CC7,4,500.0,,316,254,288,,,
2026,Hyundai,HYUNDAI MOTOR COMPANY,Elantra Hybrid,HYX,27,1.6,4,Auto(AM-S6),49,52,50,68.3,67.4,67.892,49.2526,52.0663,50.4802,,Naturally Aspirated,AMS,Automated Manual- Selectable (e.g. Automated Manual with paddles),6,N,N,F,"2-Wheel Drive, Front",15.0,G,Gasoline (Regular Unleaded Recommended),MPG,miles per gallon,N,Not exempt,,,99.0,14.0,1000,1000,SIDI; Hybrid; ,2,2,5,Midsize Cars,car,Vehicle Specific 5-cycle label,2025-09-01,37308,N,N,N,N,,N,,Y,APPLY VVT,N,,Battery(s),1.0,Lithium Ion,240.0,5.5,38.8,On-Board,Electrical Regen Brake,Front Wheels,N,,1.0,Other,PMSM,32,GDI,Spark Ignition Direct Injection,N,N,N,SAE 0W-20 API SN,Y,Yes,,68.3,8,8,THYXV01.6C13,6,3500.0,,180,172,177,,,
2026,Hyundai,HYUNDAI MOTOR COMPANY,Elantra Hybrid Blue,HYX,28,1.6,4,Auto(AM-S6),51,58,54,67.8,71.3,69.3315,50.6555,57.789,53.6348,,Naturally Aspirated,AMS,Automated Manual- Selectable (e.g. Automated Manual with paddles),6,N,N,F,"2-Wheel Drive, Front",15.0,G,Gasoline (Regular Unleaded Recommended),MPG,miles per gallon,N,Not exempt,,,99.0,14.0,900,900,SIDI; Hybrid; ,2,2,5,Midsize Cars,car,Vehicle Specific 5-cycle label,2025-09-01,37309,Y,N,N,N,,N,,Y,APPLY VVT,N,,Battery(s),1.0,Lithium Ion,240.0,5.5,38.8,On-Board,Electrical Regen Brake,Front Wheels,N,,1.0,Other,PMSM,32,GDI,Spark Ignition Direct Injection,N,N,N,SAE 0W-20 API SN,Y,Yes,,69.7,8,8,THYXV01.6C13,6,4000.0,,174,154,165,,,
2026,Hyundai,HYUNDAI MOTOR COMPANY,Elantra N,HYX,65,2.0,4,Auto(AM-S8),20,27,23,24.4978,37.3501,28.9862,19.8659,27.2768,22.6331,TC,Turbocharged,AMS,Automated Manual- Selectable (e.g. Automated Manual with paddles),8,N,N,F,"2-Wheel Drive, Front",15.0,GP,Gasoline (Premium Unleaded Recommended),MPG,miles per gallon,N,Not exempt,,,99.0,14.0,2700,2700,SIDI; ,2,2,5,Midsize Cars,car,Vehicle Specific 5-cycle label,2025-09-01,37367,N,N,N,N,,N,,Y,Fixed 3 (More than two or continuous),N,,,,,,,,,,,,,,,,,GDI,Spark Ignition Direct Injection,,,N,SAE 0W30,N,No,,29.2,5,5,THYXV02.0CG8,2,,5000.0,446,326,392,,,
2026,Hyundai,HYUNDAI MOTOR COMPANY,Elantra N,HYX,66,2.0,4,Manual(M6),21,29,24,26.3,41.1,31.3859,21.3796,28.9879,24.2429,TC,Turbocharged,M,Manual,6,N,N,F,"2-Wheel Drive, Front",15.0,GP,Gasoline (Premium Unleaded Recommended),MPG,miles per gallon,N,Not exempt,,,99.0,14.0,2600,2600,SIDI; ,2,2,5,Midsize Cars,car,Vehicle Specific 5-cycle label,2025-09-01,37368,N,N,N,N,,N,,Y,Fixed 3 (More than two or continuous),N,,,,,,,,,,,,,,,,,GDI,Spark Ignition Direct Injection,,,N,SAE 0W30,N,No,,31.6,5,5,THYXV02.0CG8,2,,4500.0,414,307,366,,,
2026,Hyundai,HYUNDAI MOTOR COMPANY,Elantra non-ISG,HYX,24,2.0,4,Auto(AV-S1),30,40,34,37.9484,57.5,44.804,29.763,39.9497,33.6208,,Naturally Aspirated,SCV,Selectable Continuously Variable (e.g. CVT with paddles),1,Y,N,F,"2-Wheel Drive, Front",15.0,G,Gasoline (Regular Unleaded Recommended),MPG,miles per gallon,N,Not exempt,,,99.0,14.0,1450,1450,,2,2,5,Midsize Cars,car,Vehicle Specific 5-cycle label,2025-09-01,37351,N,N,N,N,,N,,Y,Fixed3,N,,,,,,,,,,,,,,,,,MFI,Multipoint/sequential fuel injection,,,N,SAE 0W20,N,No,NON-ISG,45.5,6,6,THYXV02.0CE3,6,1250.0,,296,222,263,,,
2026,Hyundai,HYUNDAI MOTOR COMPANY,Elantra w/ Stop-Start,HYX,25,2.0,4,Auto(AV-S1),31,40,35,40.3,60.6,47.4532,31.3065,39.9228,34.6741,,Naturally Aspirated,SCV,Selectable Continuously Variable (e.g. CVT with paddles),1,Y,N,F,"2-Wheel Drive, Front",15.0,G,Gasoline (Regular Unleaded Recommended),MPG,miles per gallon,N,Not exempt,,,99.0,14.0,1400,1400,,2,2,5,Midsize Cars,car,Vehicle Specific 5-cycle label,2025-09-01,37352,N,N,N,N,,N,,Y,Fixed3,N,,,,,,,,,,,,,,,,,MFI,Multipoint/sequential fuel injection,,,N,SAE 0W20,Y,Yes,STOP-START,48.2,6,6,THYXV02.0CE3,6,1500.0,,281,221,254,,,
2026,MAZDA,MAZDA,MAZDA3 5-Door 2WD,TKX,312,2.5,4,Manual(M6),25,34,28,32.1,49.9,38.238,24.8563,34.3255,28.3793,,Naturally Aspirated,M,Manual,6,N,N,F,"2-Wheel Drive, Front",10.0,G,Gasoline (Regular Unleaded Recommended),MPG,miles per gallon,N,Not exempt,,,,,1750,1750,SIDI; ,2,2,5,Midsize Cars,car,Derived 5-cycle label,2025-08-19,36720,N,N,N,N,MAZDA3 2.5L-DI w/o cylinder deactivation,N,,Y,This technology optimizes the valve timing by using computer control to continuously switch the intake and exhaust valve opening/closing timing according to driving conditions.,N,,,,,,,,,,,,,,,,,GDI,Spark Ignition Direct Injection,,,N,GF-6 0W-20,N,No,without cylinder deactivation,38.5,5,5,TTKXV02.5CDH,6,,250.0,359,260,314,,,
2026,MAZDA,MAZDA,MAZDA3 5-Door 2WD,TKX,313,2.5,4,Auto(S6),26,34,29,33.94,50.16,39.7198,26.1288,34.4846,29.3265,,Naturally Aspirated,SA,Semi-Automatic,6,Y,N,F,"2-Wheel Drive, Front",10.0,G,Gasoline (Regular Unleaded Recommended),MPG,miles per gallon,N,Not exempt,,,,,1700,1700,SIDI; ,2,2,5,Midsize Cars,car,Derived 5-cycle label,2025-08-19,36721,Y,N,N,N,MAZDA3 2.5L-DI w/o cylinder deactivation,N,,Y,This technology optimizes the valve timing by using computer control to continuously switch the intake and exhaust valve opening/closing timing according to driving conditions.,N,,,,,,,,,,,,,,,,,GDI,Spark Ignition Direct Injection,,,N,GF-6 0W-20,N,No,without cylinder deactivation,40.0,6,6,TTKXV02.5CDH,6,0.0,,339,257,302,,,
2026,MAZDA,MAZDA,MAZDA3 5-Door 4WD,TKX,314,2.5,4,Auto(S6),25,34,28,32.7,49.0,38.4567,25.2729,33.7731,28.0,,Naturally Aspirated,SA,Semi-Automatic,6,Y,N,4,4-Wheel Drive,10.0,G,Gasoline (Regular Unleaded Recommended),MPG,miles per gallon,N,Not exempt,,,,,1750,1750,SIDI; ,2,2,5,Midsize Cars,car,Derived 5-cycle label,2025-08-19,36722,Y,N,N,N,MAZDA3 2.5L-DI w/o cylinder deactivation,N,,Y,This technology optimizes the valve timing by using computer control to continuously switch the intake and exhaust valve opening/closing timing according to driving conditions.,N,,,,,,,,,,,,,,,,,GDI,Spark Ignition Direct Injection,,,N,GF-6 0W-20,N,No,without cylinder deactivation,38.7,5,5,TTKXV02.5CDH,6,,250.0,351,263,317,,,
2026,MAZDA,MAZDA,MAZDA3 5-Door 4WD,TKX,316,2.5,4,Auto(S6),23,31,26,30.0,45.0,35.2941,23.3858,31.2914,26.3856,TC,Turbocharged,SA,Semi-Automatic,6,Y,N,4,4-Wheel Drive,10.0,G,Gasoline (Regular Unleaded Recommended),MPG,miles per gallon,N,Not exempt,,,,,1900,1900,SIDI; ,2,2,5,Midsize Cars,car,Derived 5-cycle label,2025-08-19,36706,Y,N,N,N,,N,,Y,This technology optimizes the valve timing by using computer control to continuously switch the intake and exhaust valve opening/closing timing according to driving conditions.,N,,,,,,,,,,,,,,,,,GDI,Spark Ignition Direct Injection,,,N,GF-6 5W-30,N,No,,35.5,5,5,TTKXV02.5EGA,4,,1000.0,380,285,337,,,
2026,Mercedes-Benz,Mercedes-Benz,E 350,MBX,301,2.0,4,Auto(A9),25,33,28,31.7,48.5,37.5537,24.5777,33.4653,27.9136,TC,Turbocharged,A,Automatic,9,Y,N,R,"2-Wheel Drive, Rear",10.0,GPR,Gasoline (Premium Unleaded Required),MPG,miles per gallon,N,Not exempt,,,100.0,13.0,2200,2200,SIDI; Mild Hybrid; ,2,2,5,Midsize Cars,car,Derived 5-cycle label,2025-07-22,37092,,N,N,N,M254-20DETC 48V (ISG2),N,,Y,Allows timing of the intake / exhaust valves to be changed while the engine is in operation,Y,Allows variable valve lift of the intake valves to be changed while the engine is in operation,Battery(s),1.0,Lithium Ion,48.0,17.5,78.2,On-Board,Electrical Regen Brake,Both,N,ISG2 Engine 48V technology (BB300),1.0,Other,permanent magnet synchronous,17,GDI,Spark Ignition Direct Injection,N,N,N,0W30,Y,Yes,E 350,37.8,5,5,TMBXV02.0HY1,7,,2500.0,359,264,316,,,
2026,Mercedes-Benz,Mercedes-Benz,E 350 4MATIC,MBX,306,2.0,4,Auto(A9),24,33,27,30.2,47.4,36.0938,23.5267,32.7857,26.9519,TC,Turbocharged,A,Automatic,9,Y,N,A,All Wheel Drive,10.0,GPR,Gasoline (Premium Unleaded Required),MPG,miles per gallon,N,Not exempt,,,100.0,13.0,2300,2300,SIDI; Mild Hybrid; ,2,2,5,Midsize Cars,car,Derived 5-cycle label,2025-07-22,37093,,N,N,N,M254-20DETC 48V (ISG2),N,,Y,Allows timing of the intake / exhaust valves to be changed while the engine is in operation,Y,Allows variable valve lift of the intake valves to be changed while the engine is in operation,Battery(s),1.0,Lithium Ion,48.0,17.5,78.2,On-Board,Electrical Regen Brake,Both,N,ISG2 Engine 48V technology (BB300),1.0,Other,permanent magnet synchronous,17,GDI,Spark Ignition Direct Injection,N,N,N,0W30,Y,Yes,E 350 4MATIC,36.3,5,5,TMBXV02.0HY1,7,,3000.0,375,269,327,,,
2026,Mercedes-Benz,Mercedes-Benz,E 450 4MATIC,MBX,302,3.0,6,Auto(A9),22,31,25,27.7,44.1,33.2672,21.7524,30.7269,25.044,TS,Turbocharged+Supercharged,A,Automatic,9,Y,N,A,All Wheel Drive,10.0,GPR,Gasoline (Premium Unleaded Required),MPG,miles per gallon,N,Not exempt,,,100.0,13.0,2500,2500,SIDI; Mild Hybrid; ,2,2,5,Midsize Cars,car,Derived 5-cycle label,2025-08-01,37132,,N,N,N,"E 450 4MATIC (sedan and station wagon), CLE 450 4MATIC (convertible and coupe)",N,,Y,Allows timing of the intake/exhaust valves to be changed while the engine is in operation,Y,Camtronic on the intake camshaft with 3 cams for each cylinder: low/mid/high,Battery(s),1.0,Lithium Ion,48.0,17.5,78.2,On-Board,Electrical Regen Brake,Both,N,ISG2 Engine 48V technology,1.0,Other,permanent magnet synchronous,17,GDI,Spark Ignition Direct Injection,N,N,N,5W30,Y,Yes,E 450 4MATIC,33.5,5,5,TMBXV03.0HY3,6,,4000.0,409,290,355,,,
2026,Toyota,TOYOTA,CAMRY HEV AWD LE,TYX,92,2.5,4,Auto(AV-S6),50,49,50,68.0,69.1,68.4906,50.4163,48.6867,49.623,,Naturally Aspirated,SCV,Selectable Continuously Variable (e.g. CVT with paddles),6,N,N,A,All Wheel Drive,15.0,G,Gasoline (Regular Unleaded Recommended),MPG,miles per gallon,N,Not exempt,,,100.0,15.0,1000,1000,SIDI & PFI; Hybrid; ,2,2,5,Midsize Cars,car,Vehicle Specific 5-cycle label,2025-09-03,37519,Y,N,N,N,,N,,Y,Intake and exhaust,N,,Battery(s),1.0,Lithium Ion,252.0,4.0,90.8,On-Board,Electrical Regen Brake,Both,N,"""30kWatt"" of Rated Motor/Generator Power is only for AWD.",2.0,Other,AC SYNCHRONOUS,30 and 100,GDPI,Spark Ignition direct & ported injection,N,N,N,0W-8,Y,Yes,HYBRID,69.2,8,8,TTYXV02.5V2A,7,3500.0,,175,181,178,,,
2026,Toyota,TOYOTA,CAMRY HEV AWD SE/XLE,TYX,88,2.5,4,Auto(AV-S6),46,46,46,64.5,63.1,63.8624,46.0,45.5249,46.1925,,Naturally Aspirated,SCV,Selectable Continuously Variable (e.g. CVT with paddles),6,N,N,A,All Wheel Drive,15.0,G,Gasoline (Regular Unleaded Recommended),MPG,miles per gallon,N,Not exempt,,,100.0,15.0,1100,1100,SIDI & PFI; Hybrid; ,2,2,5,Midsize Cars,car,Vehicle Specific 5-cycle label,2025-09-03,37518,N,N,N,N,,N,,Y,Intake and exhaust,N,,Battery(s),1.0,Lithium Ion,252.0,4.0,90.8,On-Board,Electrical Regen Brake,Both,N,"""30kWatt"" of Rated Motor/Generator Power is only for AWD.",2.0,Other,AC SYNCHRONOUS,30 and 100,GDPI,Spark Ignition direct & ported injection,N,N,N,0W-8,Y,Yes,HYBRID,64.6,7,7,TTYXV02.5V2A,7,3000.0,,191,194,192,,,
2026,Toyota,TOYOTA,CAMRY HEV AWD XSE,TYX,89,2.5,4,Auto(AV-S6),43,43,43,64.5,63.1,63.8624,43.0,43.0,43.0,,Naturally Aspirated,SCV,Selectable Continuously Variable (e.g. CVT with paddles),6,N,N,A,All Wheel Drive,15.0,G,Gasoline (Regular Unleaded Recommended),MPG,miles per gallon,N,Not exempt,,,100.0,15.0,1150,1150,SIDI & PFI; Hybrid; ,2,2,5,Midsize Cars,car,Vehicle Specific 5-cycle label,2025-09-03,37516,N,N,N,N,,N,,Y,Intake and exhaust,N,,Battery(s),1.0,Lithium Ion,252.0,4.0,90.8,On-Board,Electrical Regen Brake,Both,N,"""30kWatt"" of Rated Motor/Generator Power is only for AWD.",2.0,Other,AC SYNCHRONOUS,30 and 100,GDPI,Spark Ignition direct & ported injection,N,N,N,0W-8,Y,Yes,HYBRID,64.6,7,7,TTYXV02.5V2A,7,2750.0,,205,205,205,,,
2026,Toyota,TOYOTA,CAMRY HEV FF LE,TYX,90,2.5,4,Auto(AV-S6),52,49,51,70.7,69.6,70.2007,52.2475,49.42,50.9361,,Naturally Aspirated,SCV,Selectable Continuously Variable (e.g. CVT with paddles),6,N,N,F,"2-Wheel Drive, Front",15.0,G,Gasoline (Regular Unleaded Recommended),MPG,miles per gallon,N,Not exempt,,,100.0,15.0,950,950,SIDI & PFI; Hybrid; ,2,2,5,Midsize Cars,car,Vehicle Specific 5-cycle label,2025-09-03,37515,N,N,N,N,,N,,Y,Intake and exhaust,N,,Battery(s),1.0,Lithium Ion,252.0,4.0,90.8,On-Board,Electrical Regen Brake,Both,N,"""30kWatt"" of Rated Motor/Generator Power is only for AWD.",2.0,Other,AC SYNCHRONOUS,30 and 100,GDPI,Spark Ignition direct & ported injection,N,N,N,0W-8,Y,Yes,HYBRID,71.0,8,8,TTYXV02.5V2A,7,3750.0,,168,179,173,,,
2026,Toyota,TOYOTA,CAMRY HEV FF SE/XLE/XSE,TYX,91,2.5,4,Auto(AV-S6),47,45,46,63.7923,64.6,64.1533,46.7508,45.3974,46.1319,,Naturally Aspirated,SCV,Selectable Continuously Variable (e.g. CVT with paddles),6,N,N,F,"2-Wheel Drive, Front",15.0,G,Gasoline (Regular Unleaded Recommended),MPG,miles per gallon,N,Not exempt,,,100.0,15.0,1100,1100,SIDI & PFI; Hybrid; ,2,2,5,Midsize Cars,car,Vehicle Specific 5-cycle label,2025-09-03,37514,N,N,N,N,,N,,Y,Intake and exhaust,N,,Battery(s),1.0,Lithium Ion,252.0,4.0,90.8,On-Board,Electrical Regen Brake,Both,N,"""30kWatt"" of Rated Motor/Generator Power is only for AWD.",2.0,Other,AC SYNCHRONOUS,30 and 100,GDPI,Spark Ignition direct & ported injection,N,N,N,0W-8,Y,Yes,HYBRID,64.8,7,7,TTYXV02.5V2A,7,3000.0,,188,195,191,,,
2026,Toyota,TOYOTA,PRIUS,TYX,31,2.0,4,Auto(AV),57,56,57,82.8,77.8,80.4727,57.0,56.0,57.0,,Naturally Aspirated,CVT,Continuously Variable,1,N,N,F,"2-Wheel Drive, Front",15.0,G,Gasoline (Regular Unleaded Recommended),MPG,miles per gallon,N,Not exempt,,,,,850,850,SIDI & PFI; Hybrid; ,2,2,5,Midsize Cars,car,Vehicle Specific 5-cycle label,2025-07-18,36959,Y,N,N,N,,N,,Y,Intake and exhaust,N,,Battery(s),1.0,Lithium Ion,222.0,4.08,80.7,On-Board,Electrical Regen Brake,Both,N,"""30kWatt"" of Rated Motor/Generator Power is only for AWD.",2.0,Other,AC SYNCHRONOUS,83,GDPI,Spark Ignition direct & ported injection,N,N,N,0W-16,Y,Yes,HYBRID,81.3,8,8,TTYXV02.0H3B,6,4250.0,,154,158,155,,,
2026,Toyota,TOYOTA,PRIUS AWD,TYX,26,2.0,4,Auto(AV),53,54,54,77.9,74.6,76.3796,53.0,54.0,54.0,,Naturally Aspirated,CVT,Continuously Variable,1,N,N,A,All Wheel Drive,15.0,G,Gasoline (Regular Unleaded Recommended),MPG,miles per gallon,N,Not exempt,,,,,900,900,SIDI & PFI; Hybrid; ,2,2,5,Midsize Cars,car,Vehicle Specific 5-cycle label,2025-07-18,36958,N,N,N,N,,N,,Y,Intake and exhaust,N,,Battery(s),1.0,Lithium Ion,222.0,4.08,80.7,On-Board,Electrical Regen Brake,Both,N,"""30kWatt"" of Rated Motor/Generator Power is only for AWD.",2.0,Other,AC SYNCHRONOUS,30,GDPI,Spark Ignition direct & ported injection,N,N,N,0W-16,Y,Yes,HYBRID,77.2,8,8,TTYXV02.0H3B,6,4000.0,,166,163,163,,,
2026,Toyota,TOYOTA,PRIUS AWD XLE/LTD,TYX,29,2.0,4,Auto(AV),49,50,49,71.0,69.3,70.2248,49.0,50.0,49.0,,Naturally Aspirated,CVT,Continuously Variable,1,N,N,A,All Wheel Drive,15.0,G,Gasoline (Regular Unleaded Recommended),MPG,miles per gallon,N,Not exempt,,,,,1000,1000,SIDI & PFI; Hybrid; ,2,2,5,Midsize Cars,car,Vehicle Specific 5-cycle label,2025-07-18,36963,Y,N,N,N,,N,,Y,Intake and exhaust,N,,Battery(s),1.0,Lithium Ion,222.0,4.08,80.7,On-Board,Electrical Regen Brake,Both,N,"""30kWatt"" of Rated Motor/Generator Power is only for AWD.",2.0,Other,AC SYNCHRONOUS,30,GDPI,Spark Ignition direct & ported injection,N,N,N,0W-16,Y,Yes,HYBRID,71.0,8,8,TTYXV02.0H3B,6,3500.0,,179,176,179,,,
2026,Toyota,TOYOTA,PRIUS XLE/LTD,TYX,30,2.0,4,Auto(AV),52,52,52,75.7,73.2,74.5542,52.0,52.0,52.0,,Naturally Aspirated,CVT,Continuously Variable,1,N,N,F,"2-Wheel Drive, Front",15.0,G,Gasoline (Regular Unleaded Recommended),MPG,miles per gallon,N,Not exempt,,,,,950,950,SIDI & PFI; Hybrid; ,2,2,5,Midsize Cars,car,Vehicle Specific 5-cycle label,2025-07-18,36961,Y,N,N,N,,N,,Y,Intake and exhaust,N,,Battery(s),1.0,Lithium Ion,222.0,4.08,80.7,On-Board,Electrical Regen Brake,Both,N,"""30kWatt"" of Rated Motor/Generator Power is only for AWD.",2.0,Other,AC SYNCHRONOUS,83,GDPI,Spark Ignition direct & ported injection,N,N,N,0W-16,Y,Yes,HYBRID,75.4,8,8,TTYXV02.0H3B,6,3750.0,,168,169,169,,,
2026,Toyota,TOYOTA,TOYOTA CROWN AWD,TYX,2,2.4,4,Auto(AV-S6),29,32,30,39.2,46.8,42.2905,29.0,32.4136,30.0,TC,Turbocharged,SCV,Selectable Continuously Variable (e.g. CVT with paddles),6,N,N,A,All Wheel Drive,15.0,G,Gasoline (Regular Unleaded Recommended),MPG,miles per gallon,N,Not exempt,,,98.0,13.0,1650,1650,SIDI & PFI; Hybrid; ,2,2,5,Midsize Cars,car,Derived 5-cycle label,2025-05-06,36538,N,N,N,N,,N,,Y,Intake and exhaust,N,,Battery(s),1.0,NiMH,230.0,5.0,36.0,On-Board,Electrical Regen Brake,Both,N,"""59kWatt"" of Rated Motor/Generator Power is only for AWD.",2.0,Other,AC Synchronous,59 and 61,GDPI,Spark Ignition direct & ported injection,N,N,N,0W-20,Y,Yes,HYBRID,42.8,6,6,TTYXV02.4H3A,6,250.0,,303,272,293,,,
2026,Toyota,TOYOTA,TOYOTA CROWN AWD Hybrid,TYX,1,2.5,4,Auto(AV),42,41,41,58.7617,58.0427,58.436,42.0,41.0,41.0,,Naturally Aspirated,CVT,Continuously Variable,1,N,N,A,All Wheel Drive,15.0,G,Gasoline (Regular Unleaded Recommended),MPG,miles per gallon,N,Not exempt,,,98.0,13.0,1200,1200,SIDI & PFI; Hybrid; ,2,2,5,Midsize Cars,car,Vehicle Specific 5-cycle label,2025-05-06,36537,N,N,N,N,,N,,Y,Intake and exhaust,N,,Battery(s),1.0,NiMH,230.0,5.0,36.0,On-Board,Electrical Regen Brake,Both,N,,2.0,Other,AC SYNCHRONOUS,40,GDPI,Spark Ignition direct & ported injection,N,N,N,0W-8,Y,Yes,HYBRID,59.1,7,7,TTYXV02.5H3B,6,2500.0,,209,214,214,,,
2026,Volkswagen Group of,Volkswagen,Golf R,VGA,3,2.0,4,Auto(AM-S7),22,31,25,28.0,42.2,32.9964,22.3439,30.522,25.4074,TC,Turbocharged,AMS,Automated Manual- Selectable (e.g. Automated Manual with paddles),7,N,N,A,All Wheel Drive,15.0,GP,Gasoline (Premium Unleaded Recommended),MPG,miles per gallon,N,Not exempt,,,,,2500,2500,SIDI; ,2,2,5,Midsize Cars,car,Vehicle Specific 5-cycle label,2025-04-21,36452,Y,N,N,N,Applies to DSFD var: 1,N,,Y,-,Y,-,,,,,,,,,,,,,,,,GDI,Spark Ignition Direct Injection,N,N,N,0W30 VW50200 / VW50400,Y,Yes,,33.2,5,5,TVGAV02.0V7B,4,,4000.0,397,289,349,,,
2026,Volkswagen Group of,Volkswagen,GTI,VGA,4,2.0,4,Auto(AM-S7),24,32,27,31.5,46.2,36.7639,24.4382,32.0405,27.3594,TC,Turbocharged,AMS,Automated Manual- Selectable (e.g. Automated Manual with paddles),7,N,N,F,"2-Wheel Drive, Front",15.0,G,Gasoline (Regular Unleaded Recommended),MPG,miles per gallon,N,Not exempt,,,,,1850,1850,SIDI; ,2,2,5,Midsize Cars,car,Derived 5-cycle label,2025-04-21,36453,Y,N,N,N,Applies to DZMA var: 0,N,,Y,-,Y,-,,,,,,,,,,,,,,,,GDI,Spark Ignition Direct Injection,N,N,N,0W30 VW50200 / VW50400,Y,Yes,,37.0,5,5,TVGAV02.0V7B,4,,750.0,365,278,326,,,
2026,Volvo,"Volvo Cars of North America, LLC",S90 B5,VVX,281,2.0,4,Auto(S8),24,34,28,31.4,49.4,37.5584,24.3683,34.0189,27.9343,TC,Turbocharged,SA,Semi-Automatic,8,Y,N,F,"2-Wheel Drive, Front",10.0,GPR,Gasoline (Premium Unleaded Required),MPG,miles per gallon,N,Not exempt,,,102.0,14.0,2200,2200,SIDI; Mild Hybrid; ,2,2,5,Midsize Cars,car,Derived 5-cycle label,2025-05-23,36334,,N,N,N,"XC40 B5 AWD, S90 B5, V60CC B5 AWD",N,,Y,Timing on both intake and exhaust side.,N,,Battery(s),1.0,Lithium Ion,44.0,8.4,56.0,On-Board,Electrical Regen Brake,Both,N,,1.0,"DC Permanent Magnet, brushless",,10,GDI,Spark Ignition Direct Injection,N,N,N,0W-20 C6 (API SP),Y,Yes,Blank,37.6,5,5,TVVXJ02.0U70,4,,2500.0,365,261,318,,,
2026,Honda,Acura,INTEGRA,HNX,541,1.5,4,Auto(AV-S7),29,37,32,38.8,54.8,44.6689,29.42,37.295,32.0,TC,Turbocharged,SCV,Selectable Continuously Variable (e.g. CVT with paddles),7,Y,N,F,"2-Wheel Drive, Front",10.0,GP,Gasoline (Premium Unleaded Recommended),MPG,miles per gallon,N,Not exempt,,,96.0,24.0,1950,1950,SIDI; ,2,2,6,Large Cars,car,Derived 5-cycle label,2025-08-19,36953,N,N,N,N,,N,,Y,Variable valve Timing and lift Electronic Control (VTEC) system and Variable valve Timing Control (VTC) system are applied.,Y,Variable valve Timing and lift Electronic Control (VTEC) system is applied.,,,,,,,,,,,,,,,,GDI,Spark Ignition Direct Injection,N,N,N,0W-20,Y,Yes,,45.0,6,6,THNXV01.54FE,6,,1250.0,302,238,278,,,
2026,Honda,Acura,INTEGRA,HNX,544,2.0,4,Manual(M6),21,28,24,26.7996,40.347,31.5697,21.1064,28.3486,23.848,TC,Turbocharged,M,Manual,6,N,N,F,"2-Wheel Drive, Front",10.0,GP,Gasoline (Premium Unleaded Recommended),MPG,miles per gallon,N,Not exempt,,,96.0,24.0,2600,2600,SIDI; ,2,2,6,Large Cars,car,Derived 5-cycle label,2025-08-19,36956,N,N,N,N,INTEGRA TYPE-S,N,,Y,Variable Valve Timing (VTC) and Lift Electronic Control (VTEC) system is applied.,Y,Variable Valve Timing (VTC) and Lift Electronic Control (VTEC) system is applied.,,,,,,,,,,,,,,,,GDI,Spark Ignition Direct Injection,N,N,N,0W-20,N,No,,31.8,5,5,THNXV02.0TDC,5,,4500.0,419,312,371,,,
2026,Honda,Acura,INTEGRA A-SPEC,HNX,542,1.5,4,Auto(AV-S7),29,37,32,38.8938,55.185,44.8522,29.4825,37.0,32.0,TC,Turbocharged,SCV,Selectable Continuously Variable (e.g. CVT with paddles),7,Y,N,F,"2-Wheel Drive, Front",10.0,GP,Gasoline (Premium Unleaded Recommended),MPG,miles per gallon,N,Not exempt,,,96.0,24.0,1950,1950,SIDI; ,2,2,6,Large Cars,car,Derived 5-cycle label,2025-08-19,36954,N,N,N,N,,N,,Y,Variable valve Timing and lift Electronic Control (VTEC) system and Variable valve Timing Control (VTC) system are applied.,Y,Variable valve Timing and lift Electronic Control (VTEC) system is applied.,,,,,,,,,,,,,,,,GDI,Spark Ignition Direct Injection,N,N,N,0W-20,Y,Yes,,45.2,6,6,THNXV01.54FE,6,,1250.0,301,240,277,,,
2026,Honda,Acura,INTEGRA A-SPEC,HNX,543,1.5,4,Manual(M6),26,36,30,35.4925,53.3882,41.7972,26.0,36.4459,30.0,TC,Turbocharged,M,Manual,6,N,N,F,"2-Wheel Drive, Front",10.0,GP,Gasoline (Premium Unleaded Recommended),MPG,miles per gallon,N,Not exempt,,,96.0,24.0,2100,2100,SIDI; ,2,2,6,Large Cars,car,Derived 5-cycle label,2025-08-19,36955,N,N,N,N,,N,,Y,Variable valve Timing and lift Electronic Control (VTEC) system and Variable valve Timing Control (VTC) system are applied.,Y,Variable valve Timing and lift Electronic Control (VTEC) system is applied.,,,,,,,,,,,,,,,,GDI,Spark Ignition Direct Injection,N,N,N,0W-20,Y,Yes,,42.1,6,6,THNXV01.55DD,5,,2000.0,339,241,293,,,
2026,Volkswagen Group of,Audi,A8 quattro,VGA,16,3.0,6,Auto(S8),19,27,22,23.4,37.9,28.2665,18.6331,26.7761,21.5874,TC,Turbocharged,SA,Semi-Automatic,8,Y,N,A,All Wheel Drive,15.0,GP,Gasoline (Premium Unleaded Recommended),MPG,miles per gallon,N,Not exempt,,,111.0,13.0,2850,2850,SIDI; Mild Hybrid; ,2,2,6,Large Cars,car,Derived 5-cycle label,2025-09-11,37579,Y,N,N,N,Applies to CZSE var: 0,N,,Y,The variable valve timing is a substantial feature for: Â• Reducing engine emissions Â• Optimizing gas-exchange cycle Â• Optimizing fuel consumption Â• Reducing engine roughness Â• Optimizing full load performance,Y,Audi Valve Lift System,Battery(s),1.0,Lithium Ion,48.0,9.5,51.0,On-Board,Electrical Regen Brake,Both,N,,1.0,Other,Belt-Driven-Starter-Generator,8,GDI,Spark Ignition Direct Injection,N,N,N,0W20 VW50800,Y,Yes,,28.5,4,4,TVGAV03.0N7M,4,,5750.0,480,334,414,,,
2026,Volkswagen Group of,Audi,S8,VGA,13,4.0,8,Auto(S8),15,24,18,19.1467,32.8,23.5599,14.6875,23.5456,17.6808,TC,Turbocharged,SA,Semi-Automatic,8,Y,N,A,All Wheel Drive,15.0,GP,Gasoline (Premium Unleaded Recommended),MPG,miles per gallon,N,Not exempt,,,111.0,13.0,3450,3450,SIDI; Mild Hybrid; ,2,2,6,Large Cars,car,Vehicle Specific 5-cycle label,2025-09-11,37586,Y,N,N,N,Applies to DWKA var: 0,Y,Fuel saving by reduction of active cylinders. Mechanical deactivation of 4 inlet and outlet vales with injection cut-off on these 4 cylinders.,Y,The variable valve timing is a substantial engine feature for: - Reducing engine out emissions - Optimizing full load performance - Optimizing fuel consumption - Reducing engine roughness Adjust the inlet and outlet camshaft position continously between retard and advanced position.,N,,Battery(s),1.0,Lithium Ion,48.0,9.5,50.1,On-Board,Electrical Regen Brake,Both,N,,1.0,Other,Belt-Driven-Starter-Generator,8,GDI,Spark Ignition Direct Injection,N,N,N,0W40 VW50200 / VW50500,Y,Yes,,23.7,3,3,TVGAJ04.0NAT,2,,8750.0,605,377,502,,,
2026,BMW,BMW,740i Sedan,BMX,740,3.0,6,Auto(S8),25,31,28,32.587,45.1943,37.2649,25.1946,31.413,27.6584,TC,Turbocharged,SA,Semi-Automatic,8,Y,N,R,"2-Wheel Drive, Rear",10.0,GP,Gasoline (Premium Unleaded Recommended),MPG,miles per gallon,N,Not exempt,,,110.0,14.0,2200,2200,SIDI & PFI; Mild Hybrid; ,2,2,6,Large Cars,car,Derived 5-cycle label,2025-08-01,36853,N,N,N,N,,N,,Y,Variable Valve Timing at inlet and outlet valves,Y,Variable Valve Lift at inlet valves and two settings at outlet valves,Battery(s),1.0,Lithium Ion,44.0,10.0,38.0,On-Board,Electrical Regen Brake,Both,N,"Starter Generator Engine with 48V Technology; Motor/Generator Type: permanent magnet synchronous machine (PMSM); Rated Motor/Generator Power: 9 kW (X7 xDrive40i, X5 sDrive40i, X5 xDrive40i and X6 xDrive40i), 13 kW (740i Sedan and 740i xDrive Sedan) / X7 xDrive40i, X5 sDrive40i, X5 xDrive40i and X6 xDrive40i; Battery Energy Capacity: 10.0 Ah, Total Voltage of Battery Pack(s): 44 V, Battery Specific Energy: 38 Wh/kg / 740i Sedan and 740i xDrive Sedan; Battery Energy Capacity: 20.0 Ah, Total Voltage of Battery Pack(s): 46.2 V, Battery Specific Energy: 47 Wh/kg",1.0,Other,PMSM,9,GDPI,Spark Ignition direct & ported injection,N,N,N,0W-12,Y,Yes,,37.5,5,5,TBMXJ03.0B58,6,,2500.0,347,279,317,,,
2026,BMW,BMW,740i xDrive Sedan,BMX,741,3.0,6,Auto(S8),24,31,27,31.4181,44.1453,36.1018,24.381,30.7554,26.8888,TC,Turbocharged,SA,Semi-Automatic,8,Y,N,A,All Wheel Drive,10.0,GP,Gasoline (Premium Unleaded Recommended),MPG,miles per gallon,N,Not exempt,,,110.0,14.0,2300,2300,SIDI & PFI; Mild Hybrid; ,2,2,6,Large Cars,car,Derived 5-cycle label,2025-08-01,36852,N,N,N,N,,N,,Y,Variable Valve Timing at inlet and outlet valves,Y,Variable Valve Lift at inlet valves and two settings at outlet valves,Battery(s),1.0,Lithium Ion,44.0,10.0,38.0,On-Board,Electrical Regen Brake,Both,N,"Starter Generator Engine with 48V Technology; Motor/Generator Type: permanent magnet synchronous machine (PMSM); Rated Motor/Generator Power: 9 kW (X7 xDrive40i, X5 sDrive40i, X5 xDrive40i and X6 xDrive40i), 13 kW (740i Sedan and 740i xDrive Sedan) / X7 xDrive40i, X5 sDrive40i, X5 xDrive40i and X6 xDrive40i; Battery Energy Capacity: 10.0 Ah, Total Voltage of Battery Pack(s): 44 V, Battery Specific Energy: 38 Wh/kg / 740i Sedan and 740i xDrive Sedan; Battery Energy Capacity: 20.0 Ah, Total Voltage of Battery Pack(s): 46.2 V, Battery Specific Energy: 47 Wh/kg",1.0,Other,PMSM,9,GDPI,Spark Ignition direct & ported injection,N,N,N,0W-12,Y,Yes,,36.3,5,5,TBMXJ03.0B58,6,,3000.0,359,285,326,,,
2026,BMW,BMW,760i xDrive Sedan,BMX,760,4.4,8,Auto(S8),18,25,20,22.0593,35.6783,26.6344,17.6426,25.3334,20.4341,TC,Turbocharged,SA,Semi-Automatic,8,Y,N,A,All Wheel Drive,10.0,GP,Gasoline (Premium Unleaded Recommended),MPG,miles per gallon,N,Not exempt,,,110.0,14.0,3100,3100,SIDI; Mild Hybrid; ,2,2,6,Large Cars,car,Derived 5-cycle label,2025-08-01,36861,N,N,N,N,,N,,Y,Variable Valve Timing at inlet and outlet valves,Y,Variable Valve Lift at inlet valves,Battery(s),1.0,Lithium Ion,44.0,10.0,38.0,On-Board,Electrical Regen Brake,Both,N,"Starter Generator Engine with 48V Technology; Motor/Generator Type: permanent magnet synchronous machine (PMSM); Rated Motor/Generator Power: 9 kW (X7 M60i xDrive, X5 M60i xDrive, X6 M60i xDrive and ALPINA XB7), 13 kW (760i xDrive Sedan) / X7 M60i xDrive, X5 M60i xDrive, X6 M60i xDrive and ALPINA XB7; Battery Energy Capacity: 10.0 Ah, Total Voltage of Battery Pack(s): 44 V, Battery Specific Energy: 38 Wh/kg / 760i xDrive Sedan; Battery Energy Capacity: 20.0 Ah, Total Voltage of Battery Pack(s): 46.2 V, Battery Specific Energy: 47 Wh/kg",1.0,Other,PMSM,9,GDI,Spark Ignition Direct Injection,N,N,N,0W30,Y,Yes,,26.8,4,4,TBMXJ04.4S68,4,,7000.0,494,344,427,,,
2026,Hyundai,GENESIS,G80 AWD,HYX,10,2.5,4,Auto(S8),20,29,23,25.573,40.7796,30.7295,20.2203,28.6247,23.2986,TC,Turbocharged,SA,Semi-Automatic,8,Y,N,A,All Wheel Drive,15.0,GP,Gasoline (Premium Unleaded Recommended),MPG,miles per gallon,N,Not exempt,,,107.0,15.0,2700,2700,SIDI & PFI; ,2,2,6,Large Cars,car,Derived 5-cycle label,2025-06-13,36712,N,N,N,N,,N,,Y,Fixed3,N,,,,,,,,,,,,,,,,,GDPI,Spark Ignition direct & ported injection,,,N,SAE 0W30,Y,Yes,,30.9,5,5,THYXV02.5HP3,6,,5000.0,439,311,382,,,
2026,Hyundai,GENESIS,G80 AWD,HYX,12,3.5,6,Auto(S8),15,24,18,18.4544,30.2269,22.3761,15.4526,23.569,18.2864,TC,Turbocharged,SA,Semi-Automatic,8,Y,N,A,All Wheel Drive,15.0,GP,Gasoline (Premium Unleaded Recommended),MPG,miles per gallon,N,Not exempt,,,107.0,15.0,3450,3450,SIDI & PFI; ,2,2,6,Large Cars,car,Vehicle Specific 5-cycle label,2025-06-13,36711,N,N,N,N,,N,,Y,Fixed3,N,,,,,,,,,,,,,,,,,GDPI,Spark Ignition direct & ported injection,,,N,SAE 0W30,Y,Yes,,22.5,3,3,THYXV03.5HT5,5,,8750.0,574,377,485,,,
2026,Hyundai,GENESIS,G90 AWD,HYX,18,3.5,6,Auto(S8),18,26,21,22.6,36.1,27.1727,18.0431,25.6084,20.8095,TC,Turbocharged,SA,Semi-Automatic,8,Y,N,A,All Wheel Drive,15.0,GP,Gasoline (Premium Unleaded Recommended),MPG,miles per gallon,N,Not exempt,,,109.0,12.0,2950,2950,SIDI & PFI; ,2,2,6,Large Cars,car,Derived 5-cycle label,2025-05-01,36535,N,N,N,N,,N,,Y,CVVT,N,,,,,,,,,,,,,,,,,GDPI,Spark Ignition direct & ported injection,,,N,0W30,Y,Yes,,27.4,4,4,THYXV03.5JT7,4,,6250.0,491,347,426,,,
2026,Hyundai,GENESIS,G90 MHEV,HYX,23,3.5,6,Auto(S8),17,24,20,22.7,35.0,26.9642,17.2531,24.4848,19.8977,TS,Turbocharged+Supercharged,SA,Semi-Automatic,8,Y,N,A,All Wheel Drive,15.0,GP,Gasoline (Premium Unleaded Recommended),MPG,miles per gallon,N,Not exempt,,,109.0,11.0,3100,3100,SIDI & PFI; Mild Hybrid; ,2,2,6,Large Cars,car,Vehicle Specific 5-cycle label,2025-05-01,36534,N,N,N,N,2 Turbo charger + 1 Super charger,N,,Y,CVVT,N,,Battery(s),1.0,Lithium Ion,45.0,9.8,17.5,On-Board,Electrical Regen Brake,Front Wheels,N,This vehicle is mild hybrid vehicle.,1.0,Other,claw pole,12,GDPI,Spark Ignition direct & ported injection,N,N,N,0W30,Y,Yes,,27.2,4,4,THYXV03.5J17,4,,7000.0,505,363,441,,,
2026,Honda,Honda,CIVIC 5Dr,HNX,25,2.0,4,Auto(AV-S7),30,38,34,41.2,57.6,47.2545,30.0,38.0,34.1459,,Naturally Aspirated,SCV,Selectable Continuously Variable (e.g. CVT with paddles),7,Y,N,F,"2-Wheel Drive, Front",10.0,G,Gasoline (Regular Unleaded Recommended),MPG,miles per gallon,N,Not exempt,,,,,1450,1450,SIDI; ,2,2,6,Large Cars,car,Derived 5-cycle label,2025-08-01,36946,N,N,N,N,,N,,Y,Variable valve Timing Control (VTC) system is applied.,N,,,,,,,,,,,,,,,,,GDI,Spark Ignition Direct Injection,N,N,N,0W-20,Y,Yes,,48.0,6,6,THNXV02.0FEK,6,1250.0,,295,233,268,,,
2026,Honda,Honda,CIVIC 5Dr,HNX,34,2.0,4,Auto(AV),50,45,48,71.5,65.7,68.7681,50.0632,45.1756,47.739,,Naturally Aspirated,CVT,Continuously Variable,1,Y,N,F,"2-Wheel Drive, Front",10.0,G,Gasoline (Regular Unleaded Recommended),MPG,miles per gallon,N,Not exempt,,,,,1050,1050,SIDI; Hybrid; ,2,2,6,Large Cars,car,Vehicle Specific 5-cycle label,2025-06-17,36700,N,N,N,N,,N,,Y,Variable valve Timing Control (VTC) system is applied.,N,,Battery(s),1.0,Lithium Ion,263.0,4.07,77.3,On-Board,Electrical Regen Brake,Front Wheels,N,,1.0,Other,AC PMSM,181,GDI,Spark Ignition Direct Injection,N,N,N,0W-20,Y,Yes,,69.1,8,8,THNXV02.0GES,6,3250.0,,177,196,186,,,
2026,Hyundai,HYUNDAI MOTOR COMPANY,Sonata AWD,HYX,38,2.5,4,Auto(S8),24,33,27,30.4,48.4487,36.5226,23.6674,33.4337,27.2493,,Naturally Aspirated,SA,Semi-Automatic,8,Y,N,A,All Wheel Drive,15.0,G,Gasoline (Regular Unleaded Recommended),MPG,miles per gallon,N,Not exempt,,,104.0,16.0,1850,1850,SIDI & PFI; ,2,2,6,Large Cars,car,Derived 5-cycle label,2025-07-01,36761,N,N,N,N,,N,,Y,VVT,N,,,,,,,,,,,,,,,,,GDPI,Spark Ignition direct & ported injection,,,N,SAE 0W20,N,No,,36.8,5,5,THYXV02.5ER3,6,,750.0,376,267,327,,,
2026,Hyundai,HYUNDAI MOTOR COMPANY,Sonata FWD,HYX,39,2.5,4,Auto(S8),25,36,29,31.7,53.0,38.6986,24.5777,36.2115,28.7315,,Naturally Aspirated,SA,Semi-Automatic,8,Y,N,F,"2-Wheel Drive, Front",15.0,G,Gasoline (Regular Unleaded Recommended),MPG,miles per gallon,N,Not exempt,,,104.0,16.0,1700,1700,SIDI & PFI; ,2,2,6,Large Cars,car,Derived 5-cycle label,2025-07-01,36764,N,N,N,N,,N,,Y,VVT,N,,,,,,,,,,,,,,,,,GDPI,Spark Ignition direct & ported injection,,,N,SAE 0W20,N,No,DN8 2.5 FWD 8SA,39.0,6,6,THYXV02.5ER3,6,0.0,,362,246,310,,,
2026,Hyundai,HYUNDAI MOTOR COMPANY,Sonata FWD,HYX,41,2.5,4,Auto(AM-S8),23,32,27,28.883,45.4577,34.5523,23.381,32.0181,26.6114,TC,Turbocharged,AMS,Automated Manual- Selectable (e.g. Automated Manual with paddles),8,N,N,F,"2-Wheel Drive, Front",15.0,G,Gasoline (Regular Unleaded Recommended),MPG,miles per gallon,N,Not exempt,,,104.0,16.0,1850,1850,SIDI & PFI; ,2,2,6,Large Cars,car,Vehicle Specific 5-cycle label,2025-07-01,36769,N,N,N,N,,N,,Y,E-CVVT is an electric device that improve fuel efficiency and reduce toxic exhaust gas by allowing the timing of the intake valves to be changed while the engine is on opration.,N,,,,,,,,,,,,,,,,,GDPI,Spark Ignition direct & ported injection,,,N,SAE 0W30,N,No,,34.8,5,5,THYXV02.5EP7,4,,750.0,378,277,333,,,
2026,Hyundai,HYUNDAI MOTOR COMPANY,Sonata FWD w/ STOP-START,HYX,40,2.5,4,Auto(S8),28,38,32,36.2,56.5993,43.2077,27.6717,38.3696,31.6416,,Naturally Aspirated,SA,Semi-Automatic,8,Y,N,F,"2-Wheel Drive, Front",15.0,G,Gasoline (Regular Unleaded Recommended),MPG,miles per gallon,N,Not exempt,,,104.0,16.0,1550,1550,SIDI & PFI; ,2,2,6,Large Cars,car,Derived 5-cycle label,2025-07-01,36767,N,N,N,N,,N,,Y,VVT,N,,,,,,,,,,,,,,,,,GDPI,Spark Ignition direct & ported injection,,,N,SAE 0W20,Y,Yes,STOP-START,43.5,6,6,THYXV02.5ER3,6,750.0,,322,232,281,,,
2026,Hyundai,HYUNDAI MOTOR COMPANY,Sonata Hybrid,HYX,42,2.0,4,Auto(AM-S6),44,51,47,56.3,67.0,60.6593,44.4124,51.0857,47.1862,,Naturally Aspirated,AMS,Automated Manual- Selectable (e.g. Automated Manual with paddles),6,N,N,F,"2-Wheel Drive, Front",15.0,G,Gasoline (Regular Unleaded Recommended),MPG,miles per gallon,N,Not exempt,,,104.0,16.0,1050,1050,SIDI; Hybrid; ,2,2,6,Large Cars,car,Vehicle Specific 5-cycle label,2025-07-01,36770,N,N,N,N,,N,,Y,APPLY VVT,N,,Battery(s),1.0,Lithium Ion,270.0,5.5,41.3,On-Board,Electrical Regen Brake,Front Wheels,Y,,1.0,Other,PMSM,39,GDI,Spark Ignition Direct Injection,N,N,N,SAE 0W16,Y,Yes,,61.0,8,8,THYXV02.0E13,6,3250.0,,199,174,188,,,
2026,Hyundai,HYUNDAI MOTOR COMPANY,Sonata Hybrid Blue,HYX,43,2.0,4,Auto(AM-S6),47,56,51,61.5,69.6,64.8988,46.824,56.3047,50.6628,,Naturally Aspirated,AMS,Automated Manual- Selectable (e.g. Automated Manual with paddles),6,N,N,F,"2-Wheel Drive, Front",15.0,G,Gasoline (Regular Unleaded Recommended),MPG,miles per gallon,N,Not exempt,,,104.0,16.0,950,950,SIDI; Hybrid; ,2,2,6,Large Cars,car,Vehicle Specific 5-cycle label,2025-07-01,36772,Y,N,N,N,,N,,Y,APPLY VVT,N,,Battery(s),1.0,Lithium Ion,270.0,5.5,41.3,On-Board,Electrical Regen Brake,Front Wheels,Y,,1.0,Other,PMSM,39,GDI,Spark Ignition Direct Injection,N,N,N,SAE 0W16,Y,Yes,,65.3,8,8,THYXV02.0E13,6,3750.0,,189,158,175,,,
2026,Kia,KIA,K5,KMX,6,2.5,4,Auto(S8),25,36,29,31.8,52.7,38.7079,24.6475,36.0301,28.7321,,Naturally Aspirated,SA,Semi-Automatic,8,Y,N,F,"2-Wheel Drive, Front",15.0,G,Gasoline (Regular Unleaded Recommended),MPG,miles per gallon,N,Not exempt,,,105.0,16.0,1700,1700,SIDI & PFI; ,2,2,6,Large Cars,car,Derived 5-cycle label,2025-04-17,36372,N,N,N,N,,N,,Y,VVT,N,,,,,,,,,,,,,,,,,GDPI,Spark Ignition direct & ported injection,,,N,SAE 0W-20,N,No,,39.0,6,6,TKMXV02.5DR3,6,0.0,,361,247,310,,,
2026,Kia,KIA,K5,KMX,8,2.5,4,Auto(AM-S8),23,33,27,28.825,46.5316,34.7808,23.3386,32.6428,26.7725,TC,Turbocharged,AMS,Automated Manual- Selectable (e.g. Automated Manual with paddles),8,N,N,F,"2-Wheel Drive, Front",15.0,G,Gasoline (Regular Unleaded Recommended),MPG,miles per gallon,N,Not exempt,,,105.0,16.0,1850,1850,SIDI & PFI; ,2,2,6,Large Cars,car,Vehicle Specific 5-cycle label,2025-04-17,36373,N,N,N,N,,N,,Y,Fixed3(More than two or continuous),N,,,,,,,,,,,,,,,,,GDPI,Spark Ignition direct & ported injection,,,N,SAE 0W-30,N,No,,35.0,5,5,TKMXV02.5DP7,4,,750.0,380,273,331,,,
2026,Kia,KIA,K5 AWD,KMX,5,2.5,4,Auto(S8),24,33,27,30.3,47.7,36.2506,23.5971,32.9713,27.0591,,Naturally Aspirated,SA,Semi-Automatic,8,Y,N,A,All Wheel Drive,15.0,G,Gasoline (Regular Unleaded Recommended),MPG,miles per gallon,N,Not exempt,,,105.0,16.0,1850,1850,SIDI & PFI; ,2,2,6,Large Cars,car,Derived 5-cycle label,2025-04-17,36371,N,N,N,N,,N,,Y,VVT,N,,,,,,,,,,,,,,,,,GDPI,Spark Ignition direct & ported injection,,,N,SAE 0W-20,N,No,,36.5,5,5,TKMXV02.5DR3,6,,750.0,377,270,329,,,
2026,Kia,KIA,K5 w/ Stop-Start,KMX,7,2.5,4,Auto(S8),26,37,30,33.2,55.0,40.4072,25.6188,37.4148,29.8544,,Naturally Aspirated,SA,Semi-Automatic,8,Y,N,F,"2-Wheel Drive, Front",15.0,G,Gasoline (Regular Unleaded Recommended),MPG,miles per gallon,N,Not exempt,,,105.0,16.0,1650,1650,SIDI & PFI; ,2,2,6,Large Cars,car,Derived 5-cycle label,2025-04-17,36374,N,N,N,N,,N,,Y,VVT,N,,,,,,,,,,,,,,,,,GDPI,Spark Ignition direct & ported injection,,,N,SAE 0W-20,Y,Yes,STOP-START,40.7,6,6,TKMXV02.5DR3,6,250.0,,347,238,298,,,
2026,Mercedes-Benz,Mercedes-Benz,S 500 4MATIC,MBX,521,3.0,6,Auto(A9),20,29,23,25.6,40.8,30.7562,20.2399,28.6378,23.3168,TS,Turbocharged+Supercharged,A,Automatic,9,Y,N,A,All Wheel Drive,10.0,GPR,Gasoline (Premium Unleaded Required),MPG,miles per gallon,N,Not exempt,,,112.0,13.0,2700,2700,SIDI; Mild Hybrid; ,2,2,6,Large Cars,car,Derived 5-cycle label,2025-08-15,37134,,N,N,N,S 500 4MATIC,N,,Y,Allows timing of the intake/exhaust valves to be changed while the engine is in operation,Y,Camtronic on the intake camshaft,Battery(s),1.0,Lithium Ion,48.0,17.5,78.2,On-Board,Electrical Regen Brake,Both,N,ISG2 Engine 48V technology,1.0,Other,permanent magnet synchronous,17,GDI,Spark Ignition Direct Injection,N,N,N,5W30,Y,Yes,S 500 4MATIC,31.0,5,5,TMBXV03.0HY3,6,,5000.0,438,309,380,,,
2026,Mercedes-Benz,Mercedes-Benz,S 580 4MATIC,MBX,806,4.0,8,Auto(A9),17,27,20,21.2,38.0,26.4652,16.6616,27.3651,20.2207,TC,Turbocharged,A,Automatic,9,Y,N,A,All Wheel Drive,10.0,GPR,Gasoline (Premium Unleaded Required),MPG,miles per gallon,N,Not exempt,,,112.0,13.0,3100,3100,SIDI; Mild Hybrid; ,2,2,6,Large Cars,car,Vehicle Specific 5-cycle label,2025-06-26,36899,,N,N,N,,N,,Y,Allows timing of the intake / exhaust valves to be changed while the engine is in operation,N,,Battery(s),1.0,Lithium Ion,48.0,20.0,80.0,On-Board,Electrical Regen Brake,Both,N,ISG (Integrated-Starter-Generator) Engine with 48V Technology,1.0,Other,permanent synchronous motor,17,GDI,Spark Ignition Direct Injection,N,N,N,0W20,Y,Yes,S 580 4MATIC,26.7,4,4,TMBXV04.0HY1,4,,7000.0,532,324,438,,,
2026,Mercedes-Benz,Mercedes-Benz,S 580 4MATIC Maybach,MBX,805,4.0,8,Auto(A9),16,27,20,20.6,36.9,25.7108,16.0579,26.7008,19.5678,TC,Turbocharged,A,Automatic,9,Y,N,A,All Wheel Drive,10.0,GPR,Gasoline (Premium Unleaded Required),MPG,miles per gallon,N,Not exempt,,,115.0,12.0,3100,3100,SIDI; Mild Hybrid; ,2,2,6,Large Cars,car,Vehicle Specific 5-cycle label,2025-06-26,36898,,N,N,N,,N,,Y,Allows timing of the intake / exhaust valves to be changed while the engine is in operation,N,,Battery(s),1.0,Lithium Ion,48.0,20.0,80.0,On-Board,Electrical Regen Brake,Both,N,ISG (Integrated-Starter-Generator) Engine with 48V Technology,1.0,Other,permanent synchronous motor,17,GDI,Spark Ignition Direct Injection,N,N,N,0W20,Y,Yes,S 580 4MATIC Maybach,25.9,4,4,TMBXV04.0HY1,4,,7000.0,549,330,451,,,
2026,Mercedes-Benz,Mercedes-Benz,S 680 4MATIC Maybach,MBX,807,6.0,12,Auto(A9),12,20,15,14.5,28.1,18.5373,11.8909,20.301,14.6156,TC,Turbocharged,A,Automatic,9,Y,N,A,All Wheel Drive,10.0,GPR,Gasoline (Premium Unleaded Required),MPG,miles per gallon,N,Not exempt,,,115.0,12.0,4150,4150,,2,1,6,Large Cars,car,Derived 5-cycle label,2025-06-16,36808,,N,N,N,,N,,Y,Allows timing of the intake / exhaust valves to be changed while the engine is in operation,N,,,,,,,,,,,,,,,,,MFI,Multipoint/sequential fuel injection,,,N,5W40 / 229.5,Y,Yes,,18.7,2,2,TMBXV06.0U3A,2,,12250.0,741,435,603,,,
2026,Porsche,Porsche,Panamera,PRX,601,2.9,6,Auto(AM-S8),18,25,21,23.5,36.3,27.9322,18.0,25.0,21.3288,TC,Turbocharged,AMS,Automated Manual- Selectable (e.g. Automated Manual with paddles),8,N,N,R,"2-Wheel Drive, Rear",10.0,GPR,Gasoline (Premium Unleaded Required),MPG,miles per gallon,N,Not exempt,,,,,2950,2950,SIDI; ,2,2,6,Large Cars,car,Derived 5-cycle label,2025-08-23,37430,,N,N,N,,N,,Y,VarioCam,Y,VarioCam Plus,,,,,,,,,,,,,,,,GDI,Spark Ignition Direct Injection,,,N,0W40,Y,Yes,,28.1,4,4,TPRXV02.9PV6,4,,6250.0,493,355,431,,,
2026,Porsche,Porsche,Panamera 4,PRX,630,2.9,6,Auto(AM-S8),18,25,21,23.7,36.7,28.1942,18.0,25.0,21.0,TC,Turbocharged,AMS,Automated Manual- Selectable (e.g. Automated Manual with paddles),8,N,N,A,All Wheel Drive,10.0,GPR,Gasoline (Premium Unleaded Required),MPG,miles per gallon,N,Not exempt,,,,,2950,2950,SIDI; ,2,2,6,Large Cars,car,Derived 5-cycle label,2025-08-23,37431,,N,N,N,,N,,Y,VarioCam,Y,VarioCam Plus,,,,,,,,,,,,,,,,GDI,Spark Ignition Direct Injection,,,N,0W40,Y,Yes,,27.3,4,4,TPRXV02.9PV6,4,,6250.0,496,356,425,,,
2026,Rolls-Royce,Rolls-Royce Motor Cars Limited,Black Badge Ghost,RRG,16,6.7,12,Auto(S8),12,19,14,14.6,26.2,18.2326,11.9689,19.0116,14.3632,TC,Turbocharged,SA,Semi-Automatic,8,Y,N,A,All Wheel Drive,10.0,GP,Gasoline (Premium Unleaded Recommended),MPG,miles per gallon,N,Not exempt,,,111.0,13.0,4450,4450,SIDI; ,2,2,6,Large Cars,car,Derived 5-cycle label,2025-08-01,37150,N,N,N,N,"Peak-Torque 664 foot-pounds: Black Badge Cullinan, Black Badge Ghost",N,,Y,variable valve timing at inlet and outlet valves,N,,,,,,,,,,,,,,,,,GDI,Spark Ignition Direct Injection,,,N,0W30,N,No,,18.4,2,2,TRRGV06.7N74,2,,13750.0,732,459,609,,,
2026,Rolls-Royce,Rolls-Royce Motor Cars Limited,Ghost,RRG,14,6.7,12,Auto(S8),12,19,14,14.6,26.2,18.2326,11.9689,19.0116,14.3632,TC,Turbocharged,SA,Semi-Automatic,8,Y,N,A,All Wheel Drive,10.0,GP,Gasoline (Premium Unleaded Recommended),MPG,miles per gallon,N,Not exempt,,,111.0,13.0,4450,4450,SIDI; ,2,2,6,Large Cars,car,Derived 5-cycle label,2025-08-01,37149,N,N,N,N,"Peak-Torque 627 foot-pounds: Cullinan, Ghost, Ghost Extended; 664 foot-pounds: Phantom, Phantom Extended",N,,Y,variable valve timing at inlet and outlet valves,N,,,,,,,,,,,,,,,,,GDI,Spark Ignition Direct Injection,,,N,0W30,N,No,,18.4,2,2,TRRGV06.7N74,2,,13750.0,732,459,609,,,
2026,Rolls-Royce,Rolls-Royce Motor Cars Limited,Ghost Extended,RRG,15,6.7,12,Auto(S8),12,19,14,14.6,26.2,18.2326,11.9689,19.0116,14.3632,TC,Turbocharged,SA,Semi-Automatic,8,Y,N,A,All Wheel Drive,10.0,GP,Gasoline (Premium Unleaded Recommended),MPG,miles per gallon,N,Not exempt,,,120.0,13.0,4450,4450,SIDI; ,2,2,6,Large Cars,car,Derived 5-cycle label,2025-08-01,37151,N,N,N,N,"Peak-Torque 627 foot-pounds: Cullinan, Ghost, Ghost Extended; 664 foot-pounds: Phantom, Phantom Extended",N,,Y,variable valve timing at inlet and outlet valves,N,,,,,,,,,,,,,,,,,GDI,Spark Ignition Direct Injection,,,N,0W30,N,No,,18.4,2,2,TRRGV06.7N74,2,,13750.0,732,459,609,,,
2026,Rolls-Royce,Rolls-Royce Motor Cars Limited,Phantom,RRG,12,6.7,12,Auto(S8),12,19,14,14.6,26.2,18.2326,11.9689,19.0116,14.3632,TC,Turbocharged,SA,Semi-Automatic,8,Y,N,R,"2-Wheel Drive, Rear",10.0,GP,Gasoline (Premium Unleaded Recommended),MPG,miles per gallon,N,Not exempt,,,116.0,15.0,4450,4450,SIDI; ,2,2,6,Large Cars,car,Derived 5-cycle label,2025-08-01,37157,N,N,N,N,"Peak-Torque 627 foot-pounds: Cullinan, Ghost, Ghost Extended; 664 foot-pounds: Phantom, Phantom Extended",N,,Y,variable valve timing at inlet and outlet valves,N,,,,,,,,,,,,,,,,,GDI,Spark Ignition Direct Injection,,,N,0W30,N,No,,18.4,2,2,TRRGV06.7N74,2,,13750.0,732,459,609,,,
2026,Rolls-Royce,Rolls-Royce Motor Cars Limited,Phantom Extended,RRG,13,6.7,12,Auto(S8),12,19,14,14.6,26.2,18.2326,11.9689,19.0116,14.3632,TC,Turbocharged,SA,Semi-Automatic,8,Y,N,R,"2-Wheel Drive, Rear",10.0,GP,Gasoline (Premium Unleaded Recommended),MPG,miles per gallon,N,Not exempt,,,127.0,15.0,4450,4450,SIDI; ,2,2,6,Large Cars,car,Derived 5-cycle label,2025-08-01,37158,N,N,N,N,"Peak-Torque 627 foot-pounds: Cullinan, Ghost, Ghost Extended; 664 foot-pounds: Phantom, Phantom Extended",N,,Y,variable valve timing at inlet and outlet valves,N,,,,,,,,,,,,,,,,,GDI,Spark Ignition Direct Injection,,,N,0W30,N,No,,18.4,2,2,TRRGV06.7N74,2,,13750.0,732,459,609,,,
2026,General Motors,Buick,ENVISTA,GMX,131,1.2,3,Auto(A6),28,32,30,36.9,50.3,41.9261,28.1452,32.0,30.0,TC,Turbocharged,A,Automatic,6,Y,N,F,"2-Wheel Drive, Front",10.0,G,Gasoline (Regular Unleaded Recommended),MPG,miles per gallon,N,Not exempt,,,94.0,24.0,1650,1650,SIDI; ,2,2,7,Small Station Wagons,car,Derived Vehicle Specific 5-cycle Calculation Approach for city label but Modified 5-cycle Calculation Approach for Highway label,2025-07-07,36662,N,N,N,N,CSS Prime,N,,Y,Cam phaser,N,,,,,,,,,,,,,,,,,GDI,Spark Ignition Direct Injection,,,N,0W20,Y,Yes,,42.2,6,6,TGMXV01.2003,6,250.0,,316,277,296,,,
2026,General Motors,Buick,ENVISTA (Flex Fuel),GMX,120,1.2,3,Auto(A6),28,32,30,37.2,52.1,42.6946,28.3475,32.0,30.194,TC,Turbocharged,A,Automatic,6,Y,N,F,"2-Wheel Drive, Front",85.0,G,Gasoline (Regular Unleaded Recommended),MPG,miles per gallon,N,Not exempt,,,94.0,24.0,1650,1650,SIDI; FFV; ,2,2,7,Small Station Wagons,car,Derived Vehicle Specific 5-cycle Calculation Approach for city label but Modified 5-cycle Calculation Approach for Highway label,2025-07-07,36664,N,N,N,N,CSS Prime,N,,Y,Cam phaser,N,,,,,,,,,,,,,,,,,GDI,Spark Ignition Direct Injection,,,N,0W20,Y,Yes,,43.0,6,6,TGMXV01.2002,6,250.0,,314,277,297,,,
2026,General Motors,Chevrolet,TRAX,GMX,130,1.2,3,Auto(A6),28,31,29,35.9397,48.2504,40.6013,27.5637,30.9593,28.9948,TC,Turbocharged,A,Automatic,6,Y,N,F,"2-Wheel Drive, Front",10.0,G,Gasoline (Regular Unleaded Recommended),MPG,miles per gallon,N,Not exempt,,,98.0,25.0,1700,1700,SIDI; ,2,2,7,Small Station Wagons,car,Derived Vehicle Specific 5-cycle Calculation Approach for city label but Modified 5-cycle Calculation Approach for Highway label,2025-07-07,36663,N,N,N,N,CSS Prime,N,,Y,Cam phaser,N,,,,,,,,,,,,,,,,,GDI,Spark Ignition Direct Injection,,,N,0W20,Y,Yes,,41.6,6,6,TGMXV01.2003,6,0.0,,323,277,302,,,
2026,General Motors,Chevrolet,TRAX (Flex Fuel),GMX,121,1.2,3,Auto(A6),28,32,30,38.1,51.5,43.1526,28.0,32.0,30.0,TC,Turbocharged,A,Automatic,6,Y,N,F,"2-Wheel Drive, Front",85.0,G,Gasoline (Regular Unleaded Recommended),MPG,miles per gallon,N,Not exempt,,,98.0,25.0,1650,1650,SIDI; FFV; ,2,2,7,Small Station Wagons,car,Derived Vehicle Specific 5-cycle Calculation Approach for city label but Modified 5-cycle Calculation Approach for Highway label,2025-07-07,36665,N,N,N,N,CSS Prime,N,,Y,Cam phaser,N,,,,,,,,,,,,,,,,,GDI,Spark Ignition Direct Injection,,,N,0W20,Y,Yes,,44.2,6,6,TGMXV01.2002,6,250.0,,318,277,296,,,
2026,Honda,Honda,HR-V AWD,HNX,321,2.0,4,Auto(AV),25,30,27,31.955,43.334,36.2369,24.7554,30.2447,26.9571,,Naturally Aspirated,CVT,Continuously Variable,1,Y,N,A,All Wheel Drive,10.0,G,Gasoline (Regular Unleaded Recommended),MPG,miles per gallon,N,Not exempt,,,99.0,24.0,1850,1850,,2,2,7,Small Station Wagons,car,Derived 5-cycle label,2025-04-28,36367,N,N,N,N,,N,,Y,Variable valve Timing and lift Electronic Control (VTEC) system and Variable valve Timing Control (VTC) system are applied.,Y,Variable valve Timing and lift Electronic Control (VTEC) system is applied.,,,,,,,,,,,,,,,,MFI,Multipoint/sequential fuel injection,N,N,N,0W-20,N,No,,36.5,5,5,THNXV02.02EC,6,,750.0,357,292,328,,,
2026,Honda,Honda,HR-V FWD,HNX,323,2.0,4,Auto(AV),26,32,28,33.7881,45.6443,38.2603,26.0243,31.6941,28.3027,,Naturally Aspirated,CVT,Continuously Variable,1,Y,N,F,"2-Wheel Drive, Front",10.0,G,Gasoline (Regular Unleaded Recommended),MPG,miles per gallon,N,Not exempt,,,99.0,24.0,1750,1750,,2,2,7,Small Station Wagons,car,Derived 5-cycle label,2025-04-28,36368,N,N,N,N,,N,,Y,Variable valve Timing and lift Electronic Control (VTEC) system and Variable valve Timing Control (VTC) system are applied.,Y,Variable valve Timing and lift Electronic Control (VTEC) system is applied.,,,,,,,,,,,,,,,,MFI,Multipoint/sequential fuel injection,N,N,N,0W-20,N,No,,38.6,5,5,THNXV02.02EC,6,,250.0,338,278,311,,,
2026,Mercedes-Benz,Mercedes-Benz,AMG GLA 35 4MATIC,MBX,183,2.0,4,Auto(AM8),22,30,25,28.6,42.8,33.6193,22.3944,29.9076,25.2487,TC,Turbocharged,AM,Automated Manual,8,Y,N,A,All Wheel Drive,10.0,GPR,Gasoline (Premium Unleaded Required),MPG,miles per gallon,N,Not exempt,,,99.0,9.0,2500,2500,SIDI; Mild Hybrid; ,2,2,7,Small Station Wagons,car,Derived 5-cycle label,2025-05-28,36685,,N,N,N,,N,,Y,Allows timing of the intake / exhaust valves to be changed while the engine is in operation,Y,High/Low position on inlet side,Battery(s),1.0,Lithium Ion,48.0,7.6,53.0,On-Board,Electrical Regen Brake,Both,N,,1.0,Other,permanent magnet synchronous,10,GDI,Spark Ignition Direct Injection,N,N,N,5W40,Y,Yes,AMG GLA 35 4MATIC,33.8,5,5,TMBXV02.0HY4,5,,4000.0,395,296,350,,,
2026,Mercedes-Benz,Mercedes-Benz,AMG GLC 43 4MATIC,MBX,310,2.0,4,Auto(A9),19,26,22,24.4,36.7,28.7335,19.3663,25.9987,21.8778,TC,Turbocharged,A,Automatic,9,Y,N,A,All Wheel Drive,10.0,GPR,Gasoline (Premium Unleaded Required),MPG,miles per gallon,N,Not exempt,,,98.0,24.0,2850,2850,SIDI; Mild Hybrid; ,2,2,7,Small Station Wagons,car,Derived 5-cycle label,2025-07-30,37226,,N,N,N,M139-20DETC,N,,Y,Allows timing of the intake / exhaust valves to be changed while the engine is in operation,Y,Camtronic on the exhaust camshift with 2 cams for each cylinder: Low/High,Battery(s),1.0,Lithium Ion,48.0,11.3,78.2,On-Board,Electrical Regen Brake,Both,N,RSG Engine with 48V Technology,1.0,DC Brushless,,10,GDI,Spark Ignition Direct Injection,N,N,N,0W30,Y,Yes,AMG GLC 43 4MATIC,28.9,4,4,TMBXV02.0HY7,4,,5750.0,459,342,406,,,
2026,Mercedes-Benz,Mercedes-Benz,AMG GLC 43 4MATIC (coupe),MBX,311,2.0,4,Auto(A9),19,25,22,24.1,35.9,28.2834,19.1468,25.478,21.5574,TC,Turbocharged,A,Automatic,9,Y,N,A,All Wheel Drive,10.0,GPR,Gasoline (Premium Unleaded Required),MPG,miles per gallon,N,Not exempt,,,95.0,22.0,2850,2850,SIDI; Mild Hybrid; ,2,2,7,Small Station Wagons,car,Derived 5-cycle label,2025-07-30,37229,,N,N,N,M139-20DETC,N,,Y,Allows timing of the intake / exhaust valves to be changed while the engine is in operation,Y,Camtronic on the exhaust camshift with 2 cams for each cylinder: Low/High,Battery(s),1.0,Lithium Ion,48.0,11.3,78.2,On-Board,Electrical Regen Brake,Both,N,RSG Engine with 48V Technology,1.0,DC Brushless,,10,GDI,Spark Ignition Direct Injection,N,N,N,0W30,Y,Yes,AMG GLC 43 4MATIC (coupe),28.5,4,4,TMBXV02.0HY7,4,,5750.0,463,348,411,,,
2026,Mercedes-Benz,Mercedes-Benz,AMG GT 43 4MATIC+,MBX,430,3.0,6,Auto(A9),19,24,21,24.0499,33.8,27.6375,19.1102,24.1023,21.0744,OT,Other,A,Automatic,9,Y,N,A,All Wheel Drive,10.0,GPR,Gasoline (Premium Unleaded Required),MPG,miles per gallon,N,Not exempt,,,96.0,13.0,2950,2950,SIDI; Mild Hybrid; ,2,2,7,Small Station Wagons,car,Derived 5-cycle label,2025-07-11,36809,,N,N,N,ICE: 362 HP ; Electric Motor: 21 HP ; AMG GT 43 4MATIC+,N,,Y,Allows timing of the intake / exhaust valves to be changed while the engine is in operation,Y,Camtronic on the intake camshaft with 3 cams for each cylinder: low / mid / high,Battery(s),1.0,Lithium Ion,48.0,20.0,80.0,On-Board,Electrical Regen Brake,Both,N,,1.0,Other,permanent magnet synchronous,16,GDI,Spark Ignition Direct Injection,N,N,N,0W20,Y,Yes,,27.8,4,4,TMBXV03.0HY2,5,,6250.0,464,369,421,,,
2026,Mercedes-Benz,Mercedes-Benz,AMG GT 53 4MATIC+,MBX,550,3.0,6,Auto(A9),19,24,21,23.6996,33.5893,27.3192,18.8533,23.9635,20.8545,OT,Other,A,Automatic,9,Y,N,A,All Wheel Drive,10.0,GPR,Gasoline (Premium Unleaded Required),MPG,miles per gallon,N,Not exempt,,,96.0,13.0,2950,2950,SIDI; Mild Hybrid; ,2,2,7,Small Station Wagons,car,Derived 5-cycle label,2025-07-11,36810,,N,N,N,ICE: 429 HP ; Electric Motor: 21 HP ; AMG GT 53 4MATIC+,N,,Y,Allows timing of the intake / exhaust valves to be changed while the engine is in operation,Y,Camtronic on the intake camshaft with 3 cams for each cylinder: low / mid / high,Battery(s),1.0,Lithium Ion,48.0,20.0,80.0,On-Board,Electrical Regen Brake,Both,N,,1.0,Other,permanent magnet synchronous,16,GDI,Spark Ignition Direct Injection,N,N,N,0W20,Y,Yes,,27.5,4,4,TMBXV03.0HY2,5,,6250.0,467,368,422,,,
2026,Mercedes-Benz,Mercedes-Benz,AMG GT 63 4MATIC+,MBX,530,4.0,8,Auto(A9),15,21,17,19.0499,28.7997,22.4736,15.3872,20.773,17.4196,TC,Turbocharged,A,Automatic,9,Y,N,A,All Wheel Drive,10.0,GPR,Gasoline (Premium Unleaded Required),MPG,miles per gallon,N,Not exempt,,,96.0,13.0,3650,3650,SIDI; ,2,2,7,Small Station Wagons,car,Derived 5-cycle label,2025-07-14,36608,,N,N,N,AMG GT 63 4MATIC+,Y,AMG GT 63 4MATIC+,Y,ALLOWS TIMING OF INTAKE AND EXHAUST VALVES TO BE CHANGED WHILE ENGINE IS IN OPERATION,N,,,,,,,,,,,,,,,,,GDI,Spark Ignition Direct Injection,,,N,5W40,Y,Yes,AMG GT 63 4MATIC+,22.6,3,3,TMBXV04.0U3B,4,,9750.0,579,430,512,,,
2026,Subaru,Subaru,IMPREZA,FJX,6,2.0,4,Auto(AV-S8),27,33,29,34.7,48.5,39.7955,26.6501,33.4653,29.3388,,Naturally Aspirated,SCV,Selectable Continuously Variable (e.g. CVT with paddles),8,Y,N,A,All Wheel Drive,15.0,G,Gasoline (Regular Unleaded Recommended),MPG,miles per gallon,N,Not exempt,,,100.0,20.0,1700,1700,SIDI; ,2,2,7,Small Station Wagons,car,Derived 5-cycle label,2025-08-03,37286,N,N,N,N,,N,,Y,Intake and Exhaust,N,,,,,,,,,,,,,,,,,GDI,Spark Ignition Direct Injection,,,N,ILSAC GF-6B 0W-16,Y,Yes,,39.8,6,6,TFJXV02.0BBG,6,0.0,,331,264,301,,,
2026,Subaru,Subaru,IMPREZA,FJX,9,2.5,4,Auto(AV-S8),26,33,29,33.8,47.5,38.8412,26.0325,32.8476,28.7133,,Naturally Aspirated,SCV,Selectable Continuously Variable (e.g. CVT with paddles),8,Y,N,A,All Wheel Drive,15.0,G,Gasoline (Regular Unleaded Recommended),MPG,miles per gallon,N,Not exempt,,,100.0,20.0,1700,1700,SIDI; ,2,2,7,Small Station Wagons,car,Derived 5-cycle label,2025-08-03,37287,N,N,N,N,,N,,Y,Intake and Exhaust,N,,,,,,,,,,,,,,,,,GDI,Spark Ignition Direct Injection,,,N,ILSAC GF-6B 0W-16,Y,Yes,,38.8,6,6,TFJXJ02.5VDH,6,0.0,,343,272,311,,,
2026,Volvo,"Volvo Cars of North America, LLC",V60CC B5 AWD,VVX,241,2.0,4,Auto(S8),23,31,26,30.0,44.7,35.2,23.3858,31.1035,26.3252,TC,Turbocharged,SA,Semi-Automatic,8,Y,N,A,All Wheel Drive,10.0,GPR,Gasoline (Premium Unleaded Required),MPG,miles per gallon,N,Not exempt,,,94.0,29.0,2400,2400,SIDI; Mild Hybrid; ,2,2,7,Small Station Wagons,car,Derived 5-cycle label,2025-05-23,36333,,N,N,N,"XC40 B5 AWD, S90 B5, V60CC B5 AWD",N,,Y,Timing on both intake and exhaust side.,N,,Battery(s),1.0,Lithium Ion,44.0,8.4,56.0,On-Board,Electrical Regen Brake,Both,N,,1.0,"DC Permanent Magnet, brushless",,10,GDI,Spark Ignition Direct Injection,N,N,N,0W-20 C6 (API SP),Y,Yes,Blank,35.2,5,5,TVVXJ02.0U70,4,,3500.0,380,286,338,,,
2026,Volkswagen Group of,Audi,A6 allroad quattro,VGA,19,3.0,6,Auto(AM-S7),21,30,24,26.9,40.7,31.7434,21.2454,29.5428,24.319,TC,Turbocharged,AMS,Automated Manual- Selectable (e.g. Automated Manual with paddles),7,N,N,A,All Wheel Drive,15.0,GP,Gasoline (Premium Unleaded Recommended),MPG,miles per gallon,N,Not exempt,,,101.0,30.0,2600,2600,SIDI; Mild Hybrid; ,2,2,8,Midsize Station Wagons,car,Vehicle Specific 5-cycle label,2025-09-11,37578,Y,N,N,N,Applies to DCBD var: 0,N,,Y,Adjust the inlet and outlet camshaft continuously between retarded and advanced position. The maximum adjustment speed is limited by mechanical system (e.g. oil viscosity).,Y,Audi Valve Lift System,Battery(s),1.0,Lithium Ion,48.0,9.5,51.0,On-Board,Electrical Regen Brake,Both,N,,1.0,Other,Belt-Driven-Starter-Generator,8,GDI,Spark Ignition Direct Injection,N,N,N,0W20 VW50800,Y,Yes,,32.0,5,5,TVGAJ03.0N7N,4,,4500.0,418,300,365,,,
2026,Volkswagen Group of,Audi,RS 6 Avant,VGA,20,4.0,8,Auto(S8),14,21,16,16.88,27.498,20.4299,13.7655,21.1293,16.3259,TC,Turbocharged,SA,Semi-Automatic,8,Y,N,A,All Wheel Drive,15.0,GP,Gasoline (Premium Unleaded Recommended),MPG,miles per gallon,N,Not exempt,,,101.0,30.0,3900,3900,SIDI; Mild Hybrid; ,2,2,8,Midsize Station Wagons,car,Vehicle Specific 5-cycle label,2025-05-28,36688,N,N,N,N,Applies to DYGA var: 0,Y,Fuel saving by reduction of active cylinders. Mechanical deactivation of 4 inlet and outlet vales with injection cut-off on these 4 cylinders.,Y,The variable valve timing is a substantial engine feature for: - Reducing engine out emissions - Optimizing full load performance - Optimizing fuel consumption - Reducing engine roughness Adjust the inlet and outlet camshaft position continously between retard and advanced position.,N,,Battery(s),1.0,Lithium Ion,48.0,9.5,50.1,On-Board,Electrical Regen Brake,Both,N,,1.0,Other,Belt-Driven-Starter-Generator,8,GDI,Spark Ignition Direct Injection,N,N,N,0W40 VW50200 / VW50500,Y,Yes,,20.6,3,3,TVGAJ04.0NAT,2,,11000.0,645,422,545,,,
2026,Honda,Honda,CR-V FWD,HNX,202,1.5,4,Auto(AV),28,33,30,36.5,49.5254,41.3997,27.8749,33.0,30.3683,TC,Turbocharged,CVT,Continuously Variable,1,Y,N,F,"2-Wheel Drive, Front",10.0,G,Gasoline (Regular Unleaded Recommended),MPG,miles per gallon,N,Not exempt,,,106.0,39.0,1650,1650,SIDI; ,2,2,8,Midsize Station Wagons,car,Derived 5-cycle label,2025-05-27,36451,N,N,N,N,,N,,Y,Variable valve Timing and lift Electronic Control (VTEC/VTC) system is applied.,Y,Variable valve Timing and lift Electronic Control (VTEC) system is applied.,,,,,,,,,,,,,,,,GDI,Spark Ignition Direct Injection,N,N,N,0W-20,Y,Yes,,41.7,6,6,THNXT01.5NST,6,250.0,,318,269,296,,,
2026,Honda,Honda,CR-V FWD,HNX,212,2.0,4,Auto(AV),43,36,40,61.0,54.7478,58.0184,43.2731,36.0,40.3452,,Naturally Aspirated,CVT,Continuously Variable,1,Y,N,F,"2-Wheel Drive, Front",10.0,G,Gasoline (Regular Unleaded Recommended),MPG,miles per gallon,N,Not exempt,,,106.0,39.0,1250,1250,SIDI; Hybrid; ,2,2,8,Midsize Station Wagons,car,Derived 5-cycle label,2025-05-27,36365,N,N,N,N,,N,,Y,Variable valve Timing Control (VTC) system is applied.,N,,Battery(s),1.0,Lithium Ion,263.0,4.1,77.3,On-Board,Electrical Regen Brake,Front Wheels,N,,1.0,Other,AC PMSM,135,GDI,Spark Ignition Direct Injection,N,N,N,0W-20,Y,Yes,,58.3,7,7,THNXT02.0PHT,7,2250.0,,205,246,223,,,
2026,Mercedes-Benz,Mercedes-Benz,AMG GLB 35 4MATIC,MBX,184,2.0,4,Auto(AM8),21,27,23,26.0,37.7,30.2204,20.5296,26.6469,22.8948,TC,Turbocharged,AM,Automated Manual,8,Y,N,A,All Wheel Drive,10.0,GPR,Gasoline (Premium Unleaded Required),MPG,miles per gallon,N,Not exempt,,,125.0,12.0,2700,2700,SIDI; Mild Hybrid; ,2,2,8,Midsize Station Wagons,car,Derived 5-cycle label,2025-05-28,36683,,N,N,N,,N,,Y,Allows timing of the intake / exhaust valves to be changed while the engine is in operation,Y,High/Low position on inlet side,Battery(s),1.0,Lithium Ion,48.0,7.6,53.0,On-Board,Electrical Regen Brake,Both,N,,1.0,Other,permanent magnet synchronous,10,GDI,Spark Ignition Direct Injection,N,N,N,5W40,Y,Yes,AMG GLB 35 4MATIC,30.4,5,5,TMBXV02.0HY4,5,,5000.0,432,333,387,,,
2026,Mercedes-Benz,Mercedes-Benz,E 450 4MATIC All-Terrain Wagon,MBX,303,3.0,6,Auto(A9),22,31,25,28.2,44.2,33.6876,22.1096,30.7898,25.322,TS,Turbocharged+Supercharged,A,Automatic,9,Y,N,A,All Wheel Drive,10.0,GPR,Gasoline (Premium Unleaded Required),MPG,miles per gallon,N,Not exempt,,,102.0,33.0,2500,2500,SIDI; Mild Hybrid; ,2,2,8,Midsize Station Wagons,car,Derived 5-cycle label,2025-08-15,37130,,N,N,N,"E 450 4MATIC (sedan and station wagon), CLE 450 4MATIC (convertible and coupe)",N,,Y,Allows timing of the intake/exhaust valves to be changed while the engine is in operation,Y,Camtronic on the intake camshaft with 3 cams for each cylinder: low/mid/high,Battery(s),1.0,Lithium Ion,48.0,17.5,78.2,On-Board,Electrical Regen Brake,Both,N,ISG2 Engine 48V technology,1.0,Other,permanent magnet synchronous,17,GDI,Spark Ignition Direct Injection,N,N,N,5W30,Y,Yes,E 450 4MATIC All-Terrain (sw),33.9,5,5,TMBXV03.0HY3,6,,4000.0,402,289,351,,,
2026,Volvo,"Volvo Cars of North America, LLC",V90CC B6 AWD,VVX,220,2.0,4,Auto(S8),22,29,25,28.4,41.4,33.0734,22.2521,29.0199,24.8612,TS,Turbocharged+Supercharged,SA,Semi-Automatic,8,Y,N,A,All Wheel Drive,10.0,GPR,Gasoline (Premium Unleaded Required),MPG,miles per gallon,N,Not exempt,,,98.0,34.0,2500,2500,SIDI; Mild Hybrid; ,2,2,8,Midsize Station Wagons,car,Derived 5-cycle label,2025-05-23,36335,,N,N,N,Mechanical Turbo and Electric supercharger,N,,Y,Timing on both intake and exhaust side.,N,,Battery(s),1.0,Lithium Ion,44.0,8.4,56.0,On-Board,Electrical Regen Brake,Both,N,,1.0,"DC Permanent Magnet, brushless",,10,GDI,Spark Ignition Direct Injection,N,N,N,0W-20 / C6 (API SP),Y,Yes,Blank,33.1,5,5,TVVXT02.0S30,6,,4000.0,399,307,358,,,
2026,General Motors,Chevrolet,COLORADO 2WD,GMX,512,2.7,4,Auto(A8),19,24,21,24.1,36.9,28.5578,19.1277,24.2331,21.131,TC,Turbocharged,A,Automatic,8,Y,N,R,"2-Wheel Drive, Rear",10.0,G,Gasoline (Regular Unleaded Recommended),MPG,miles per gallon,T,Truck,,,,,2350,2350,SIDI; ,2,2,12,Standard Pick-up Trucks 2WD,,Vehicle Specific 5-cycle label,2025-06-30,36844,N,N,N,N,AFM and Stop/Start,Y,Active Fuel Management,Y,Cam Phaser,Y,"High,Low,Zero(Cylinder Deactivation)",,,,,,,,,,,,,,,,GDI,Spark Ignition Direct Injection,,,N,0W20,Y,Yes,,,4,4,TGMXT02.7100,6,,3250.0,462,367,420,,,
2026,General Motors,Chevrolet,SILVERADO 2WD ,GMX,701,3.0,6,Auto(A10),23,28,25,29.8829,44.5786,35.0881,23.3032,28.2285,25.2888,TC,Turbocharged,A,Automatic,10,Y,N,R,"2-Wheel Drive, Rear",,DU,"Diesel, ultra low sulfur (15 ppm, maximum)",MPG,miles per gallon,T,Truck,,,,,2150,2150,,2,2,12,Standard Pick-up Trucks 2WD,,Derived Vehicle Specific 5-cycle Calculation Approach for city label but Modified 5-cycle Calculation Approach for Highway label,2025-07-01,36900,N,N,N,N,,N,,N,,N,,,,,,,,,,,,,,,,,CRDI,Common Rail Direct Diesel Injection,,,N,0W20,Y,Yes,,,5,4,TGMXT03.0354,4,,2250.0,437,360,402,,,
2026,General Motors,Chevrolet,SILVERADO 2WD (5.3L with Sport Mode),GMX,565,5.3,8,Auto(A10),16,21,18,20.9881,31.8122,24.7826,16.4021,20.7105,18.0961,,Naturally Aspirated,A,Automatic,10,Y,N,R,"2-Wheel Drive, Rear",10.0,G,Gasoline (Regular Unleaded Recommended),MPG,miles per gallon,T,Truck,,,,,2750,2750,SIDI; ,1,1,12,Standard Pick-up Trucks 2WD,,Vehicle Specific 5-cycle label,2025-06-30,36882,N,N,N,N,,Y,Dynamic Fuel Management,Y,cam phaser,N,,,,,,,,,,,,,,,,,GDI,Spark Ignition Direct Injection,,,N,0W20,Y,Yes,with Sport Mode,,3,3,TGMXT05.3330,6,,5250.0,539,429,490,,,
2026,General Motors,Chevrolet,SILVERADO 2WD (5.3L),GMX,571,5.3,8,Auto(A10),16,20,17,20.6,32.0,24.5329,15.7163,19.6175,17.261,,Naturally Aspirated,A,Automatic,10,Y,N,R,"2-Wheel Drive, Rear",10.0,G,Gasoline (Regular Unleaded Recommended),MPG,miles per gallon,T,Truck,,,,,2900,2900,SIDI; ,1,1,12,Standard Pick-up Trucks 2WD,,Vehicle Specific 5-cycle label,2025-06-30,36865,N,N,N,N,,Y,Dynamic Fuel Management,Y,cam phaser,N,,,,,,,,,,,,,,,,,GDI,Spark Ignition Direct Injection,,,N,0W20,Y,Yes,,,3,3,TGMXT05.3330,6,,6000.0,562,454,513,,,
2026,General Motors,Chevrolet,SILVERADO 2WD 3M,GMX,510,2.7,4,Auto(A8),18,21,20,23.464,34.987,27.5466,18.2171,21.437,19.5377,TC,Turbocharged,A,Automatic,8,Y,N,R,"2-Wheel Drive, Rear",10.0,G,Gasoline (Regular Unleaded Recommended),MPG,miles per gallon,T,Truck,,,,,2500,2500,SIDI; ,2,2,12,Standard Pick-up Trucks 2WD,,Vehicle Specific 5-cycle label,2025-06-30,36842,N,N,N,N,AFM and Stop/Start,Y,Active Fuel Management,Y,Cam Phaser,Y,"High,Low,Zero(Cylinder Deactivation)",,,,,,,,,,,,,,,,GDI,Spark Ignition Direct Injection,,,N,0W20,Y,Yes,,,4,4,TGMXT02.7100,6,,4000.0,502,420,465,,,
2026,General Motors,Chevrolet,SILVERADO 2WD M5,GMX,507,2.7,4,Auto(A8),17,21,19,22.2,34.1,26.3357,17.4609,20.8315,18.8321,TC,Turbocharged,A,Automatic,8,Y,N,R,"2-Wheel Drive, Rear",10.0,G,Gasoline (Regular Unleaded Recommended),MPG,miles per gallon,T,Truck,,,,,2600,2600,SIDI; ,2,2,12,Standard Pick-up Trucks 2WD,,Vehicle Specific 5-cycle label,2025-06-30,36862,N,N,N,N,AFM and Stop/Start,Y,Active Fuel Management,Y,Cam Phaser,Y,"High,Low,Zero(Cylinder Deactivation)",,,,,,,,,,,,,,,,GDI,Spark Ignition Direct Injection,,,N,0W20,Y,Yes,with Sport Mode,,4,4,TGMXT02.7100,6,,4500.0,509,426,472,,,
2026,General Motors,GMC,CANYON 2WD,GMX,511,2.7,4,Auto(A8),19,23,20,24.1,36.9,28.5578,19.1277,23.0,20.0,TC,Turbocharged,A,Automatic,8,Y,N,R,"2-Wheel Drive, Rear",10.0,G,Gasoline (Regular Unleaded Recommended),MPG,miles per gallon,T,Truck,,,,,2500,2500,SIDI; ,2,2,12,Standard Pick-up Trucks 2WD,,Vehicle Specific 5-cycle label,2025-06-30,37394,N,N,N,N,AFM and Stop/Start,Y,Active Fuel Management,Y,Cam Phaser,Y,"High,Low,Zero(Cylinder Deactivation)",,,,,,,,,,,,,,,,GDI,Spark Ignition Direct Injection,,,N,0W20,Y,Yes,,,4,4,TGMXT02.7100,6,,4000.0,462,387,443,,,
2026,General Motors,GMC,SIERRA 2WD,GMX,572,5.3,8,Auto(A10),16,20,17,20.238,29.9994,23.7097,15.738,19.5372,17.2473,,Naturally Aspirated,A,Automatic,10,Y,N,R,"2-Wheel Drive, Rear",10.0,G,Gasoline (Regular Unleaded Recommended),MPG,miles per gallon,T,Truck,,,,,2900,2900,SIDI; ,1,1,12,Standard Pick-up Trucks 2WD,,Vehicle Specific 5-cycle label,2025-06-30,36867,N,N,N,N,,Y,Dynamic Fuel Management,Y,cam phaser,N,,,,,,,,,,,,,,,,,GDI,Spark Ignition Direct Injection,,,N,0W20,Y,Yes,,,3,3,TGMXT05.3330,6,,6000.0,562,456,514,,,
2026,General Motors,GMC,SIERRA 2WD,GMX,702,3.0,6,Auto(A10),23,28,25,29.8829,44.5786,35.0881,23.3032,28.2285,25.2888,TC,Turbocharged,A,Automatic,10,Y,N,R,"2-Wheel Drive, Rear",,DU,"Diesel, ultra low sulfur (15 ppm, maximum)",MPG,miles per gallon,T,Truck,,,,,2150,2150,,2,2,12,Standard Pick-up Trucks 2WD,,Derived Vehicle Specific 5-cycle Calculation Approach for city label but Modified 5-cycle Calculation Approach for Highway label,2025-07-01,36901,N,N,N,N,,N,,N,,N,,,,,,,,,,,,,,,,,CRDI,Common Rail Direct Diesel Injection,,,N,0W20,Y,Yes,,,5,4,TGMXT03.0354,4,,2250.0,437,360,402,,,
2026,General Motors,GMC,SIERRA 2WD 3M,GMX,509,2.7,4,Auto(A8),18,21,20,23.474,35.0164,27.5624,18.2311,21.4771,19.5615,TC,Turbocharged,A,Automatic,8,Y,N,R,"2-Wheel Drive, Rear",10.0,G,Gasoline (Regular Unleaded Recommended),MPG,miles per gallon,T,Truck,,,,,2500,2500,SIDI; ,2,2,12,Standard Pick-up Trucks 2WD,,Vehicle Specific 5-cycle label,2025-06-30,36841,N,N,N,N,AFM and Stop/Start,Y,Active Fuel Management,Y,Cam Phaser,Y,"High,Low,Zero(Cylinder Deactivation)",,,,,,,,,,,,,,,,GDI,Spark Ignition Direct Injection,,,N,0W20,Y,Yes,,,4,4,TGMXT02.7100,6,,4000.0,501,419,464,,,
2026,General Motors,GMC,SIERRA 2WD M5,GMX,508,2.7,4,Auto(A8),17,21,19,22.2,34.1,26.3357,17.4609,20.8315,18.8321,TC,Turbocharged,A,Automatic,8,Y,N,R,"2-Wheel Drive, Rear",10.0,G,Gasoline (Regular Unleaded Recommended),MPG,miles per gallon,T,Truck,,,,,2600,2600,SIDI; ,2,2,12,Standard Pick-up Trucks 2WD,,Vehicle Specific 5-cycle label,2025-06-30,36863,N,N,N,N,AFM and Stop/Start,Y,Active Fuel Management,Y,Cam Phaser,Y,"High,Low,Zero(Cylinder Deactivation)",,,,,,,,,,,,,,,,GDI,Spark Ignition Direct Injection,,,N,0W20,Y,Yes,with Sport Mode,,4,4,TGMXT02.7100,6,,4500.0,509,426,472,,,
2026,General Motors,GMC,SIERRA 2WD with Sport Mode,GMX,566,5.3,8,Auto(A10),16,21,18,20.1,32.8,24.3411,15.962,21.0,18.1025,,Naturally Aspirated,A,Automatic,10,Y,N,R,"2-Wheel Drive, Rear",10.0,G,Gasoline (Regular Unleaded Recommended),MPG,miles per gallon,T,Truck,,,,,2750,2750,SIDI; ,1,1,12,Standard Pick-up Trucks 2WD,,Vehicle Specific 5-cycle label,2025-06-30,36883,N,N,N,N,,Y,Dynamic Fuel Management,Y,cam phaser,N,,,,,,,,,,,,,,,,,GDI,Spark Ignition Direct Injection,,,N,0W20,Y,Yes,with Sport Mode,,3,3,TGMXT05.3330,6,,5250.0,554,423,495,,,
2026,Nissan,NISSAN,FRONTIER 2WD,NSX,886,3.8,6,Auto(S9),19,24,21,24.1236,35.5418,28.2005,19.1641,24.0,21.4937,,Naturally Aspirated,SA,Semi-Automatic,9,Y,N,R,"2-Wheel Drive, Rear",15.0,G,Gasoline (Regular Unleaded Recommended),MPG,miles per gallon,T,Truck,,,,,2350,2350,SIDI; ,2,2,12,Standard Pick-up Trucks 2WD,,Derived 5-cycle label,2025-08-26,37305,N,,N,N,,N,,Y,"INT;ECM and VTC controller controlled, Electric driven EXH;ECM controlled, Oil pressure driven",N,,,,,,,,,,,,,,,,,GDI,Spark Ignition Direct Injection,,,N,SAE 0W-20,Y,Yes,,,4,4,TNSXT03.8GRM,6,,3250.0,465,371,423,,,
2026,FCA US LLC,RAM,1500 4X2,CRX,503,3.0,6,Auto(A8),18,25,21,22.4,35.1,26.7565,17.8951,24.9555,20.5058,TC,Turbocharged,A,Automatic,8,Y,N,R,"2-Wheel Drive, Rear",10.0,G,Gasoline (Regular Unleaded Recommended),MPG,miles per gallon,T,Truck,,,,,2350,2350,SIDI; ,2,2,12,Standard Pick-up Trucks 2WD,,Derived 5-cycle label,2025-06-09,36758,N,N,N,N,3.0L EFH GDI Dual Turbo,N,,Y,electro-hydraulic controlled,N,,,,,,,,,,,,,,,,,GDI,Spark Ignition Direct Injection,,,N,0w-20,N,No,,,4,4,TCRXT03.0574,6,,3250.0,497,356,433,,,
2026,FCA US LLC,RAM,1500 4X2,CRX,505,3.6,6,Auto(A8),20,25,22,24.8491,35.2975,28.6678,19.694,25.0847,21.8024,,Naturally Aspirated,A,Automatic,8,Y,N,R,"2-Wheel Drive, Rear",10.0,G,Gasoline (Regular Unleaded Recommended),MPG,miles per gallon,T,Truck,,,,,2250,2250,Mild Hybrid; ,2,2,12,Standard Pick-up Trucks 2WD,,Derived 5-cycle label,2025-09-25,37717,N,N,N,N,,N,,Y,Cam Phaser,N,,Battery(s),1.0,Lithium Ion,48.0,9.8,42.0,On-Board,Electrical Regen Brake,Both,N,,1.0,AC Induction,,11,MFI,Multipoint/sequential fuel injection,N,N,N,SAE 0W-20,N,No,,,4,4,TCRXT03.6560,6,,2750.0,451,353,407,,,
2026,Toyota,TOYOTA,TUNDRA 2WD,TYX,17,3.4,6,Auto(S10),18,23,20,22.3294,31.6456,25.7392,17.8428,22.6772,19.7361,TC,Turbocharged,SA,Semi-Automatic,10,Y,N,R,"2-Wheel Drive, Rear",15.0,G,Gasoline (Regular Unleaded Recommended),MPG,miles per gallon,T,Truck,,,,,2500,2500,SIDI & PFI; ,2,2,12,Standard Pick-up Trucks 2WD,,Derived 5-cycle label,2025-08-06,36978,N,N,N,N,APPLIED TO TUNDRA (1-drive mode),N,,Y,Intake and exhaust,N,,,,,,,,,,,,,,,,,GDPI,Spark Ignition direct & ported injection,,,N,0W-20,Y,Yes,,,4,4,TTYXT03.4B5A,4,,4000.0,498,392,450,,,
2026,Toyota,TOYOTA,TUNDRA 2WD,TYX,18,3.4,6,Auto(S10),18,23,20,22.8282,32.9299,26.4842,18.2117,23.0,20.2732,TC,Turbocharged,SA,Semi-Automatic,10,Y,N,R,"2-Wheel Drive, Rear",15.0,G,Gasoline (Regular Unleaded Recommended),MPG,miles per gallon,T,Truck,,,,,2500,2500,SIDI & PFI; ,2,2,12,Standard Pick-up Trucks 2WD,,Derived 5-cycle label,2025-08-06,36979,N,N,N,N,APPLIED TO TUNDRA (3-drive mode),N,,Y,Intake and exhaust,N,,,,,,,,,,,,,,,,,GDPI,Spark Ignition direct & ported injection,,,N,0W-20,Y,Yes,,,4,4,TTYXT03.4B5A,4,,4000.0,490,387,444,,,
2026,Toyota,TOYOTA,TUNDRA 2WD Hybrid,TYX,23,3.4,6,Auto(S10),20,24,22,26.8,33.8,29.5543,20.0,24.1023,22.3571,TC,Turbocharged,SA,Semi-Automatic,10,Y,N,R,"2-Wheel Drive, Rear",15.0,G,Gasoline (Regular Unleaded Recommended),MPG,miles per gallon,T,Truck,,,,,2250,2250,SIDI & PFI; Hybrid; ,2,2,12,Standard Pick-up Trucks 2WD,,Derived 5-cycle label,2025-08-06,36984,N,N,N,N,APPLIED TO SEQUOIA AND TUNDRA,N,,Y,Intake and exhaust,N,,Battery(s),1.0,NiMH,288.0,6.5,33.0,On-Board,Electrical Regen Brake,Rear Wheels,N,"Regenerative Braking Source is ""Both"" for 4WD models.",1.0,Other,AC SYNCHRONOUS,36,GDPI,Spark Ignition direct & ported injection,N,N,N,0W-20,Y,Yes,HYBRID,,4,4,TTYXT03.4B5C,4,,2750.0,441,366,407,,,
2026,Toyota,TOYOTA,TUNDRA 2WD HYBRID TRD Perf,TYX,210,3.4,6,Auto(S10),20,24,22,26.8,33.8,29.5543,20.0,24.1023,22.3571,TC,Turbocharged,SA,Semi-Automatic,10,Y,N,R,"2-Wheel Drive, Rear",15.0,GPR,Gasoline (Premium Unleaded Required),MPG,miles per gallon,T,Truck,,,,,2850,2850,SIDI & PFI; Hybrid; ,2,2,12,Standard Pick-up Trucks 2WD,,Derived 5-cycle label,2025-08-06,37030,N,N,N,N,APPLIED TO SEQUOIA AND TUNDRA TRD PERFORMANCE PACKAGE.,N,,Y,Intake and exhaust,N,,Battery(s),1.0,NiMH,288.0,6.5,33.0,On-Board,Electrical Regen Brake,Rear Wheels,N,"Regenerative Braking Source is ""Both"" for 4WD models.",1.0,Other,AC SYNCHRONOUS,36,GDPI,Spark Ignition direct & ported injection,N,N,N,0W-20,Y,Yes,HYBRID TRD Perf,,4,4,TTYXT03.4B5C,4,,5750.0,441,366,407,,,
2026,Toyota,TOYOTA,TUNDRA 2WD TRD Perf,TYX,205,3.4,6,Auto(S10),18,23,20,22.8282,32.9299,26.4842,18.2117,23.0,20.2732,TC,Turbocharged,SA,Semi-Automatic,10,Y,N,R,"2-Wheel Drive, Rear",15.0,GPR,Gasoline (Premium Unleaded Required),MPG,miles per gallon,T,Truck,,,,,3100,3100,SIDI & PFI; ,2,2,12,Standard Pick-up Trucks 2WD,,Derived 5-cycle label,2025-08-06,37034,N,N,N,N,APPLIED TO TUNDRA (3-drive mode) TRD PERFORMANCE PACKAGE,N,,Y,Intake and exhaust,N,,,,,,,,,,,,,,,,,GDPI,Spark Ignition direct & ported injection,,,N,0W-20,Y,Yes,TRD Perf,,4,4,TTYXT03.4B5A,4,,7000.0,490,387,444,,,
2026,General Motors,Chevrolet,COLORADO 4WD,GMX,516,2.7,4,Auto(A8),17,22,19,22.3,33.6,26.2767,17.3162,22.0532,19.1691,TC,Turbocharged,A,Automatic,8,Y,N,4,4-Wheel Drive,10.0,G,Gasoline (Regular Unleaded Recommended),MPG,miles per gallon,T,Truck,,,,,2600,2600,SIDI; ,2,2,13,Standard Pick-up Trucks 4WD,,Vehicle Specific 5-cycle label,2025-06-30,36848,N,N,N,N,AFM and Stop/Start,Y,Active Fuel Management,Y,Cam Phaser,Y,"High,Low,Zero(Cylinder Deactivation)",,,,,,,,,,,,,,,,GDI,Spark Ignition Direct Injection,,,N,0W20,Y,Yes,,,4,4,TGMXT02.7100,6,,4500.0,511,404,462,,,
2026,General Motors,Chevrolet,COLORADO 4WD MUD TERRAIN TIRES,GMX,506,2.7,4,Auto(A8),17,20,18,22.0,30.9,25.2761,16.7605,19.7233,17.9756,TC,Turbocharged,A,Automatic,8,Y,N,4,4-Wheel Drive,10.0,G,Gasoline (Regular Unleaded Recommended),MPG,miles per gallon,T,Truck,,,,,2750,2750,SIDI; ,2,2,13,Standard Pick-up Trucks 4WD,,Vehicle Specific 5-cycle label,2025-06-30,36851,N,N,N,N,AFM and Stop/Start,Y,Active Fuel Management,Y,Cam Phaser,Y,"High,Low,Zero(Cylinder Deactivation)",,,,,,,,,,,,,,,,GDI,Spark Ignition Direct Injection,,,N,0W20,Y,Yes,,,3,3,TGMXT02.7100,6,,5250.0,529,451,494,,,
2026,General Motors,Chevrolet,COLORADO ZR2 4WD,GMX,503,2.7,4,Auto(A8),17,17,17,20.8995,28.3,23.6869,16.6747,17.0,17.3236,TC,Turbocharged,A,Automatic,8,Y,N,4,4-Wheel Drive,10.0,G,Gasoline (Regular Unleaded Recommended),MPG,miles per gallon,T,Truck,,,,,2900,2900,SIDI; ,2,2,13,Standard Pick-up Trucks 4WD,,Vehicle Specific 5-cycle label,2025-06-30,36858,Y,N,N,N,AFM and Stop/Start,Y,Active Fuel Management,Y,Cam Phaser,Y,"High,Low,Zero(Cylinder Deactivation)",,,,,,,,,,,,,,,,GDI,Spark Ignition Direct Injection,,,N,0W20,Y,Yes,,,3,3,TGMXT02.7100,6,,6000.0,531,522,527,,,
2026,General Motors,Chevrolet,COLORADO ZR2 BISON 4WD,GMX,500,2.7,4,Auto(A8),16,16,16,20.3,25.3,22.2816,15.8486,15.5965,15.7342,TC,Turbocharged,A,Automatic,8,Y,N,4,4-Wheel Drive,10.0,G,Gasoline (Regular Unleaded Recommended),MPG,miles per gallon,T,Truck,,,,,3100,3100,SIDI; ,2,2,13,Standard Pick-up Trucks 4WD,,Vehicle Specific 5-cycle label,2025-06-30,36855,Y,N,N,N,AFM and Stop/Start,Y,Active Fuel Management,Y,Cam Phaser,Y,"High,Low,Zero(Cylinder Deactivation)",,,,,,,,,,,,,,,,GDI,Spark Ignition Direct Injection,,,N,0W20,Y,Yes,,,3,3,TGMXT02.7100,6,,7000.0,559,570,564,,,
2026,General Motors,Chevrolet,SILVERADO 4WD,GMX,554,6.2,8,Auto(A10),15,20,17,18.5311,29.5326,22.2632,14.9939,19.7612,16.8199,,Naturally Aspirated,A,Automatic,10,Y,N,4,4-Wheel Drive,10.0,GP,Gasoline (Premium Unleaded Recommended),MPG,miles per gallon,T,Truck,,,,,3650,3650,SIDI; ,1,1,13,Standard Pick-up Trucks 4WD,,Derived Vehicle Specific 5-cycle Calculation Approach for city label but Modified 5-cycle Calculation Approach for Highway label,2025-06-30,36823,N,N,N,N,,Y,Dynamic Fuel Management,Y,cam phaser,N,,,,,,,,,,,,,,,,,GDI,Spark Ignition Direct Injection,,,N,0W20,Y,Yes,,,3,3,TGMXT06.2375,5,,9750.0,593,450,528,,,
2026,General Motors,Chevrolet,SILVERADO 4WD,GMX,705,3.0,6,Auto(A10),22,25,23,28.0,40.1,32.3994,21.9668,25.3515,23.3709,TC,Turbocharged,A,Automatic,10,Y,N,4,4-Wheel Drive,,DU,"Diesel, ultra low sulfur (15 ppm, maximum)",MPG,miles per gallon,T,Truck,,,,,2350,2350,,2,2,13,Standard Pick-up Trucks 4WD,,Derived Vehicle Specific 5-cycle Calculation Approach for city label but Modified 5-cycle Calculation Approach for Highway label,2025-07-01,36907,N,N,N,N,,N,,N,,N,,,,,,,,,,,,,,,,,CRDI,Common Rail Direct Diesel Injection,,,N,0W20,Y,Yes,,,5,4,TGMXT03.0354,4,,3250.0,463,399,434,,,
2026,General Motors,Chevrolet,SILVERADO 4WD  (Flex Fuel),GMX,550,5.3,8,Auto(A10),15,19,17,19.1,28.7,22.4844,15.4251,19.2393,16.936,,Naturally Aspirated,A,Automatic,10,Y,N,4,4-Wheel Drive,85.0,G,Gasoline (Regular Unleaded Recommended),MPG,miles per gallon,T,Truck,,,,,2900,2900,SIDI; FFV; ,1,1,13,Standard Pick-up Trucks 4WD,,Derived Vehicle Specific 5-cycle Calculation Approach for city label but Modified 5-cycle Calculation Approach for Highway label,2025-06-30,36886,N,N,N,N,,Y,Dynamic Fuel Management,Y,cam phaser,N,,,,,,,,,,,,,,,,,GDI,Spark Ignition Direct Injection,,,N,0W20,N,No,,,3,3,TGMXT05.3387,2,,6000.0,576,462,524,,,
2026,General Motors,Chevrolet,SILVERADO 4WD (5.3 L),GMX,575,5.3,8,Auto(A10),15,19,17,19.5221,28.6815,22.7984,15.3492,18.7335,16.7074,,Naturally Aspirated,A,Automatic,10,Y,N,4,4-Wheel Drive,10.0,G,Gasoline (Regular Unleaded Recommended),MPG,miles per gallon,T,Truck,,,,,2900,2900,SIDI; ,1,1,13,Standard Pick-up Trucks 4WD,,Vehicle Specific 5-cycle label,2025-06-30,36877,N,N,N,N,,Y,Dynamic Fuel Management,Y,cam phaser,N,,,,,,,,,,,,,,,,,GDI,Spark Ignition Direct Injection,,,N,0W20,Y,Yes,.,,3,3,TGMXT05.3330,6,,6000.0,576,475,531,,,
2026,General Motors,Chevrolet,SILVERADO 4WD 4M,GMX,514,2.7,4,Auto(A8),17,21,19,22.1792,33.3127,26.1053,17.2454,21.0,18.9864,TC,Turbocharged,A,Automatic,8,Y,N,4,4-Wheel Drive,10.0,G,Gasoline (Regular Unleaded Recommended),MPG,miles per gallon,T,Truck,,,,,2600,2600,SIDI; ,2,2,13,Standard Pick-up Trucks 4WD,,Vehicle Specific 5-cycle label,2025-06-30,36846,N,N,N,N,AFM and Stop/Start,Y,Active Fuel Management,Y,Cam Phaser,Y,"High,Low,Zero(Cylinder Deactivation)",,,,,,,,,,,,,,,,GDI,Spark Ignition Direct Injection,,,N,0W20,Y,Yes,,,4,4,TGMXT02.7100,6,,4500.0,513,424,473,,,
2026,General Motors,Chevrolet,SILVERADO 4WD M6 with Sport Mode,GMX,519,2.7,4,Auto(A8),17,20,18,22.3065,31.1782,25.5822,17.3754,19.958,18.4497,TC,Turbocharged,A,Automatic,8,Y,N,4,4-Wheel Drive,10.0,G,Gasoline (Regular Unleaded Recommended),MPG,miles per gallon,T,Truck,,,,,2750,2750,SIDI; ,2,2,13,Standard Pick-up Trucks 4WD,,Vehicle Specific 5-cycle label,2025-06-30,36876,N,N,N,N,AFM and Stop/Start,Y,Active Fuel Management,Y,Cam Phaser,Y,"High,Low,Zero(Cylinder Deactivation)",,,,,,,,,,,,,,,,GDI,Spark Ignition Direct Injection,,,N,0W20,Y,Yes,with Sport Mode,,3,3,TGMXT02.7100,6,,5250.0,509,443,479,,,
2026,General Motors,Chevrolet,SILVERADO 4WD MUD TERRAIN TIRE,GMX,579,5.3,8,Auto(A10),15,18,16,18.7885,27.3818,21.8782,14.8919,17.7493,16.055,,Naturally Aspirated,A,Automatic,10,Y,N,4,4-Wheel Drive,10.0,G,Gasoline (Regular Unleaded Recommended),MPG,miles per gallon,T,Truck,,,,,3100,3100,SIDI; ,1,1,13,Standard Pick-up Trucks 4WD,,Vehicle Specific 5-cycle label,2025-06-30,36872,Y,N,N,N,,Y,Dynamic Fuel Management,Y,cam phaser,N,,,,,,,,,,,,,,,,,GDI,Spark Ignition Direct Injection,,,N,0W20,Y,Yes,,,3,3,TGMXT05.3330,6,,7000.0,595,501,552,,,
2026,General Motors,Chevrolet,SILVERADO 4WD MUD TERRAIN TIRE  (Flex Fuel),GMX,552,5.3,8,Auto(A10),15,19,17,19.1,28.7,22.4844,15.4251,19.2393,16.936,,Naturally Aspirated,A,Automatic,10,Y,N,4,4-Wheel Drive,85.0,G,Gasoline (Regular Unleaded Recommended),MPG,miles per gallon,T,Truck,,,,,2900,2900,SIDI; FFV; ,1,1,13,Standard Pick-up Trucks 4WD,,Derived Vehicle Specific 5-cycle Calculation Approach for city label but Modified 5-cycle Calculation Approach for Highway label,2025-06-30,36888,Y,N,N,N,,Y,Dynamic Fuel Management,Y,cam phaser,N,,,,,,,,,,,,,,,,,GDI,Spark Ignition Direct Injection,,,N,0W20,N,No,,,3,3,TGMXT05.3387,2,,6000.0,576,462,524,,,
2026,General Motors,Chevrolet,SILVERADO 4WD MUD TERRAIN TIRE (6.2 L),GMX,556,6.2,8,Auto(A10),14,17,15,18.2907,26.5125,21.2571,14.0,17.0,15.0,,Naturally Aspirated,A,Automatic,10,Y,N,4,4-Wheel Drive,10.0,GP,Gasoline (Premium Unleaded Recommended),MPG,miles per gallon,T,Truck,,,,,4150,4150,SIDI; ,1,1,13,Standard Pick-up Trucks 4WD,,Derived Vehicle Specific 5-cycle Calculation Approach for city label but Modified 5-cycle Calculation Approach for Highway label,2025-06-30,36828,Y,N,N,N,,Y,Dynamic Fuel Management,Y,cam phaser,N,,,,,,,,,,,,,,,,,GDI,Spark Ignition Direct Injection,,,N,0W20,Y,Yes,,,2,2,TGMXT06.2375,5,,12250.0,635,524,593,,,
2026,General Motors,Chevrolet,SILVERADO 4WD MUD TERRAIN TIRE 4M,GMX,505,2.7,4,Auto(A8),16,17,17,21.0503,27.6341,23.5782,16.0503,17.1933,16.5453,TC,Turbocharged,A,Automatic,8,Y,N,4,4-Wheel Drive,10.0,G,Gasoline (Regular Unleaded Recommended),MPG,miles per gallon,T,Truck,,,,,2900,2900,SIDI; ,2,2,13,Standard Pick-up Trucks 4WD,,Vehicle Specific 5-cycle label,2025-06-30,36850,N,N,N,N,AFM and Stop/Start,Y,Active Fuel Management,Y,Cam Phaser,Y,"High,Low,Zero(Cylinder Deactivation)",,,,,,,,,,,,,,,,GDI,Spark Ignition Direct Injection,,,N,0W20,Y,Yes,,,3,3,TGMXT02.7100,6,,6000.0,552,517,536,,,
2026,General Motors,Chevrolet,SILVERADO 4WD MUD TERRAIN TIRE M6,GMX,517,2.7,4,Auto(A8),16,17,17,21.067,27.6894,23.6078,16.0563,17.2262,16.5625,TC,Turbocharged,A,Automatic,8,Y,N,4,4-Wheel Drive,10.0,G,Gasoline (Regular Unleaded Recommended),MPG,miles per gallon,T,Truck,,,,,2900,2900,SIDI; ,2,2,13,Standard Pick-up Trucks 4WD,,Vehicle Specific 5-cycle label,2025-06-30,36879,Y,N,N,N,AFM and Stop/Start,Y,Active Fuel Management,Y,Cam Phaser,Y,"High,Low,Zero(Cylinder Deactivation)",,,,,,,,,,,,,,,,GDI,Spark Ignition Direct Injection,,,N,0W20,Y,Yes,with Sport Mode,,3,3,TGMXT02.7100,6,,6000.0,551,516,535,,,
2026,General Motors,Chevrolet,SILVERADO 4WD MUD TERRAIN TIRE with Sport Mode,GMX,569,5.3,8,Auto(A10),15,18,16,18.7839,27.3346,21.8612,14.8786,17.6891,16.0243,,Naturally Aspirated,A,Automatic,10,Y,N,4,4-Wheel Drive,10.0,G,Gasoline (Regular Unleaded Recommended),MPG,miles per gallon,T,Truck,,,,,3100,3100,SIDI; ,1,1,13,Standard Pick-up Trucks 4WD,,Vehicle Specific 5-cycle label,2025-06-30,36881,Y,N,N,N,,Y,Dynamic Fuel Management,Y,cam phaser,N,,,,,,,,,,,,,,,,,GDI,Spark Ignition Direct Injection,,,N,0W20,Y,Yes,with Sport Mode,,3,3,TGMXT05.3330,6,,7000.0,595,503,553,,,
2026,General Motors,Chevrolet,SILVERADO 4WD MUD TERRAIN TIRES,GMX,708,3.0,6,Auto(A10),21,24,23,27.3474,37.3577,31.0971,21.4999,24.3083,22.679,TC,Turbocharged,A,Automatic,10,Y,N,4,4-Wheel Drive,,DU,"Diesel, ultra low sulfur (15 ppm, maximum)",MPG,miles per gallon,T,Truck,,,,,2350,2350,,2,2,13,Standard Pick-up Trucks 4WD,,Derived Vehicle Specific 5-cycle Calculation Approach for city label but Modified 5-cycle Calculation Approach for Highway label,2025-07-01,36910,Y,N,N,N,,N,,N,,N,,,,,,,,,,,,,,,,,CRDI,Common Rail Direct Diesel Injection,,,N,0W20,Y,Yes,,,5,4,TGMXT03.0354,4,,3250.0,474,418,448,,,
2026,General Motors,Chevrolet,SILVERADO 4WD MUD TERRAIN TIRES w/ Sport and Off Road Mode,GMX,706,3.0,6,Auto(A10),21,24,23,27.2519,37.1075,30.9511,21.4314,24.1092,22.5589,TC,Turbocharged,A,Automatic,10,Y,N,4,4-Wheel Drive,,DU,"Diesel, ultra low sulfur (15 ppm, maximum)",MPG,miles per gallon,T,Truck,,,,,2350,2350,,2,2,13,Standard Pick-up Trucks 4WD,,Derived Vehicle Specific 5-cycle Calculation Approach for city label but Modified 5-cycle Calculation Approach for Highway label,2025-07-01,36908,Y,N,N,N,,N,,N,,N,,,,,,,,,,,,,,,,,CRDI,Common Rail Direct Diesel Injection,,,N,0W20,Y,Yes,,,5,4,TGMXT03.0354,4,,3250.0,475,421,451,,,
2026,General Motors,Chevrolet,SILVERADO 4WD w/ Sport and Off Road Mode,GMX,703,3.0,6,Auto(A10),22,26,24,28.2,41.4,32.9239,22.1096,26.0385,23.7202,TC,Turbocharged,A,Automatic,10,Y,N,4,4-Wheel Drive,,DU,"Diesel, ultra low sulfur (15 ppm, maximum)",MPG,miles per gallon,T,Truck,,,,,2250,2250,,2,2,13,Standard Pick-up Trucks 4WD,,Derived Vehicle Specific 5-cycle Calculation Approach for city label but Modified 5-cycle Calculation Approach for Highway label,2025-07-01,36905,N,N,N,N,,N,,N,,N,,,,,,,,,,,,,,,,,CRDI,Common Rail Direct Diesel Injection,,,N,0W20,Y,Yes,,,5,4,TGMXT03.0354,4,,2750.0,459,391,428,,,
2026,General Motors,Chevrolet,SILVERADO 4WD with Sport Mode,GMX,567,5.3,8,Auto(A10),16,20,17,20.2,29.8,23.6248,15.7403,19.5286,17.2458,,Naturally Aspirated,A,Automatic,10,Y,N,4,4-Wheel Drive,10.0,G,Gasoline (Regular Unleaded Recommended),MPG,miles per gallon,T,Truck,,,,,2900,2900,SIDI; ,1,1,13,Standard Pick-up Trucks 4WD,,Vehicle Specific 5-cycle label,2025-06-30,36873,N,N,N,N,,Y,Dynamic Fuel Management,Y,cam phaser,N,,,,,,,,,,,,,,,,,GDI,Spark Ignition Direct Injection,,,N,0W20,Y,Yes,with Sport Mode,,3,3,TGMXT05.3330,6,,6000.0,562,456,514,,,
2026,General Motors,Chevrolet,SILVERADO 4WD ZR2,GMX,558,6.2,8,Auto(A10),14,17,15,18.0,24.9,20.5643,14.0,16.6617,15.4546,,Naturally Aspirated,A,Automatic,10,Y,N,4,4-Wheel Drive,10.0,GP,Gasoline (Premium Unleaded Recommended),MPG,miles per gallon,T,Truck,,,,,4150,4150,SIDI; ,1,1,13,Standard Pick-up Trucks 4WD,,Derived Vehicle Specific 5-cycle Calculation Approach for city label but Modified 5-cycle Calculation Approach for Highway label,2025-06-30,36824,Y,N,N,N,,Y,Dynamic Fuel Management,Y,cam phaser,N,,,,,,,,,,,,,,,,,GDI,Spark Ignition Direct Injection,,,N,0W20,Y,Yes,,,2,2,TGMXT06.2375,5,,12250.0,638,535,591,,,
2026,General Motors,Chevrolet,SILVERADO 4WD ZR2  w/ Sport and Off Road Mode,GMX,709,3.0,6,Auto(A10),20,23,21,25.9,33.0,28.6764,20.1841,22.5374,21.1793,TC,Turbocharged,A,Automatic,10,Y,N,4,4-Wheel Drive,,DU,"Diesel, ultra low sulfur (15 ppm, maximum)",MPG,miles per gallon,T,Truck,,,,,2550,2550,,2,2,13,Standard Pick-up Trucks 4WD,,Derived Vehicle Specific 5-cycle Calculation Approach for city label but Modified 5-cycle Calculation Approach for Highway label,2025-07-01,36911,Y,N,N,N,,N,,N,,N,,,,,,,,,,,,,,,,,CRDI,Common Rail Direct Diesel Injection,,,N,0W20,Y,Yes,,,4,4,TGMXT03.0355,2,,4250.0,504,451,480,,,
2026,General Motors,GMC,CANYON 4WD,GMX,515,2.7,4,Auto(A8),17,22,19,22.3,33.6,26.2767,17.3162,22.0532,19.1691,TC,Turbocharged,A,Automatic,8,Y,N,4,4-Wheel Drive,10.0,G,Gasoline (Regular Unleaded Recommended),MPG,miles per gallon,T,Truck,,,,,2600,2600,SIDI; ,2,2,13,Standard Pick-up Trucks 4WD,,Vehicle Specific 5-cycle label,2025-06-30,36847,N,N,N,N,AFM and Stop/Start,Y,Active Fuel Management,Y,Cam Phaser,Y,"High,Low,Zero(Cylinder Deactivation)",,,,,,,,,,,,,,,,GDI,Spark Ignition Direct Injection,,,N,0W20,Y,Yes,,,4,4,TGMXT02.7100,6,,4500.0,511,404,462,,,
2026,General Motors,GMC,CANYON AT4X 4WD,GMX,502,2.7,4,Auto(A8),17,17,17,20.8995,28.3,23.6869,16.6747,17.0,17.3236,TC,Turbocharged,A,Automatic,8,Y,N,4,4-Wheel Drive,10.0,G,Gasoline (Regular Unleaded Recommended),MPG,miles per gallon,T,Truck,,,,,2900,2900,SIDI; ,2,2,13,Standard Pick-up Trucks 4WD,,Vehicle Specific 5-cycle label,2025-06-30,36860,Y,N,N,N,AFM and Stop/Start,Y,Active Fuel Management,Y,Cam Phaser,Y,"High,Low,Zero(Cylinder Deactivation)",,,,,,,,,,,,,,,,GDI,Spark Ignition Direct Injection,,,N,0W20,Y,Yes,,,3,3,TGMXT02.7100,6,,6000.0,531,522,527,,,
2026,General Motors,GMC,CANYON AT4X AEV 4WD,GMX,501,2.7,4,Auto(A8),16,16,16,20.3,25.3,22.2816,15.8486,15.5965,15.7342,TC,Turbocharged,A,Automatic,8,Y,N,4,4-Wheel Drive,10.0,G,Gasoline (Regular Unleaded Recommended),MPG,miles per gallon,T,Truck,,,,,3100,3100,SIDI; ,2,2,13,Standard Pick-up Trucks 4WD,,Vehicle Specific 5-cycle label,2025-06-30,36856,Y,N,N,N,AFM and Stop/Start,Y,Active Fuel Management,Y,Cam Phaser,Y,"High,Low,Zero(Cylinder Deactivation)",,,,,,,,,,,,,,,,GDI,Spark Ignition Direct Injection,,,N,0W20,Y,Yes,,,3,3,TGMXT02.7100,6,,7000.0,559,570,564,,,
2026,General Motors,GMC,SIERRA 4WD ,GMX,704,3.0,6,Auto(A10),22,26,24,28.2,41.4,32.9239,22.1096,26.0385,23.7202,TC,Turbocharged,A,Automatic,10,Y,N,4,4-Wheel Drive,,DU,"Diesel, ultra low sulfur (15 ppm, maximum)",MPG,miles per gallon,T,Truck,,,,,2250,2250,,2,2,13,Standard Pick-up Trucks 4WD,,Derived Vehicle Specific 5-cycle Calculation Approach for city label but Modified 5-cycle Calculation Approach for Highway label,2025-07-01,36906,N,N,N,N,,N,,N,,N,,,,,,,,,,,,,,,,,CRDI,Common Rail Direct Diesel Injection,,,N,0W20,Y,Yes,,,5,4,TGMXT03.0354,4,,2750.0,459,391,428,,,
2026,General Motors,GMC,SIERRA 4WD  (5.3 L),GMX,576,5.3,8,Auto(A10),15,18,16,19.1079,27.8069,22.2386,14.7948,18.1123,16.1238,,Naturally Aspirated,A,Automatic,10,Y,N,4,4-Wheel Drive,10.0,G,Gasoline (Regular Unleaded Recommended),MPG,miles per gallon,T,Truck,,,,,3100,3100,SIDI; ,1,1,13,Standard Pick-up Trucks 4WD,,Vehicle Specific 5-cycle label,2025-06-30,36878,N,N,N,N,,Y,Dynamic Fuel Management,Y,cam phaser,N,,,,,,,,,,,,,,,,,GDI,Spark Ignition Direct Injection,,,N,0W20,Y,Yes,.,,3,3,TGMXT05.3330,6,,7000.0,598,492,550,,,
2026,General Motors,GMC,SIERRA 4WD  (Flex Fuel),GMX,551,5.3,8,Auto(A10),15,19,17,19.1,28.7,22.4844,15.4251,19.2393,16.936,,Naturally Aspirated,A,Automatic,10,Y,N,4,4-Wheel Drive,85.0,G,Gasoline (Regular Unleaded Recommended),MPG,miles per gallon,T,Truck,,,,,2900,2900,SIDI; FFV; ,1,1,13,Standard Pick-up Trucks 4WD,,Derived Vehicle Specific 5-cycle Calculation Approach for city label but Modified 5-cycle Calculation Approach for Highway label,2025-06-30,36887,N,N,N,N,,Y,Dynamic Fuel Management,Y,cam phaser,N,,,,,,,,,,,,,,,,,GDI,Spark Ignition Direct Injection,,,N,0W20,N,No,,,3,3,TGMXT05.3387,2,,6000.0,576,462,524,,,
2026,General Motors,GMC,SIERRA 4WD (6.2L),GMX,555,6.2,8,Auto(A10),15,19,16,18.1,28.5,21.6562,14.666,19.4498,16.4913,,Naturally Aspirated,A,Automatic,10,Y,N,4,4-Wheel Drive,10.0,GP,Gasoline (Premium Unleaded Recommended),MPG,miles per gallon,T,Truck,,,,,3900,3900,SIDI; ,1,1,13,Standard Pick-up Trucks 4WD,,Derived Vehicle Specific 5-cycle Calculation Approach for city label but Modified 5-cycle Calculation Approach for Highway label,2025-06-30,36821,N,N,N,N,,Y,Dynamic Fuel Management,Y,cam phaser,N,,,,,,,,,,,,,,,,,GDI,Spark Ignition Direct Injection,,,N,0W20,Y,Yes,,,3,3,TGMXT06.2375,5,,11000.0,606,457,539,,,
2026,General Motors,GMC,SIERRA 4WD (Municipal),GMX,561,5.3,8,Auto(A10),15,19,16,18.5,28.0,21.8335,14.6559,18.7772,16.2621,,Naturally Aspirated,A,Automatic,10,Y,N,4,4-Wheel Drive,10.0,G,Gasoline (Regular Unleaded Recommended),MPG,miles per gallon,T,Truck,,,,,3100,3100,SIDI; ,1,1,13,Standard Pick-up Trucks 4WD,,Vehicle Specific 5-cycle label,2025-06-30,36915,N,N,N,N,,Y,Dynamic Fuel Management,Y,cam phaser,N,,,,,,,,,,,,,,,,,GDI,Spark Ignition Direct Injection,,,N,0W20,N,No,Municipal,,3,3,TGMXT05.3330,6,,7000.0,604,475,546,,,
2026,General Motors,GMC,SIERRA 4WD 4M,GMX,513,2.7,4,Auto(A8),17,20,18,21.5402,31.8224,25.205,16.8677,19.7273,18.0448,TC,Turbocharged,A,Automatic,8,Y,N,4,4-Wheel Drive,10.0,G,Gasoline (Regular Unleaded Recommended),MPG,miles per gallon,T,Truck,,,,,2750,2750,SIDI; ,2,2,13,Standard Pick-up Trucks 4WD,,Vehicle Specific 5-cycle label,2025-06-30,36845,N,N,N,N,AFM and Stop/Start,Y,Active Fuel Management,Y,Cam Phaser,Y,"High,Low,Zero(Cylinder Deactivation)",,,,,,,,,,,,,,,,GDI,Spark Ignition Direct Injection,,,N,0W20,Y,Yes,,,3,3,TGMXT02.7100,6,,5250.0,524,450,491,,,
2026,General Motors,GMC,SIERRA 4WD AT4X,GMX,559,6.2,8,Auto(A10),14,16,15,18.0,24.9,20.5643,14.0,16.0,15.4546,,Naturally Aspirated,A,Automatic,10,Y,N,4,4-Wheel Drive,10.0,GP,Gasoline (Premium Unleaded Recommended),MPG,miles per gallon,T,Truck,,,,,4150,4150,SIDI; ,1,1,13,Standard Pick-up Trucks 4WD,,Derived Vehicle Specific 5-cycle Calculation Approach for city label but Modified 5-cycle Calculation Approach for Highway label,2025-06-30,36825,Y,N,N,N,,Y,Dynamic Fuel Management,Y,cam phaser,N,,,,,,,,,,,,,,,,,GDI,Spark Ignition Direct Injection,,,N,0W20,Y,Yes,,,2,2,TGMXT06.2375,5,,12250.0,638,557,601,,,
2026,General Motors,GMC,SIERRA 4WD AT4X,GMX,710,3.0,6,Auto(A10),19,20,19,24.2,30.4,26.6454,19.22,19.6641,19.4173,TC,Turbocharged,A,Automatic,10,Y,N,4,4-Wheel Drive,,DU,"Diesel, ultra low sulfur (15 ppm, maximum)",MPG,miles per gallon,T,Truck,,,,,2850,2850,,2,2,13,Standard Pick-up Trucks 4WD,,Derived Vehicle Specific 5-cycle Calculation Approach for city label but Modified 5-cycle Calculation Approach for Highway label,2025-07-01,36912,Y,N,N,N,,N,,N,,N,,,,,,,,,,,,,,,,,CRDI,Common Rail Direct Diesel Injection,,,N,0W20,Y,Yes,,,4,3,TGMXT03.0355,2,,5750.0,530,516,524,,,
2026,General Motors,GMC,SIERRA 4WD M6,GMX,518,2.7,4,Auto(A8),17,18,17,21.1,29.6,24.2312,16.5505,18.1989,17.2538,TC,Turbocharged,A,Automatic,8,Y,N,4,4-Wheel Drive,10.0,G,Gasoline (Regular Unleaded Recommended),MPG,miles per gallon,T,Truck,,,,,2900,2900,SIDI; ,2,2,13,Standard Pick-up Trucks 4WD,,Vehicle Specific 5-cycle label,2025-06-30,36874,N,N,N,N,AFM and Stop/Start,Y,Active Fuel Management,Y,Cam Phaser,Y,"High,Low,Zero(Cylinder Deactivation)",,,,,,,,,,,,,,,,GDI,Spark Ignition Direct Injection,,,N,0W20,Y,Yes,with Sport Mode,,3,3,TGMXT02.7100,6,,6000.0,535,486,513,,,
2026,General Motors,GMC,SIERRA 4WD MUD TERRAIN TIRES,GMX,557,6.2,8,Auto(A10),14,17,15,17.9083,26.203,20.8831,14.0,17.0,15.0,,Naturally Aspirated,A,Automatic,10,Y,N,4,4-Wheel Drive,10.0,GP,Gasoline (Premium Unleaded Recommended),MPG,miles per gallon,T,Truck,,,,,4150,4150,SIDI; ,1,1,13,Standard Pick-up Trucks 4WD,,Derived Vehicle Specific 5-cycle Calculation Approach for city label but Modified 5-cycle Calculation Approach for Highway label,2025-06-30,36827,Y,N,N,N,,Y,Dynamic Fuel Management,Y,cam phaser,N,,,,,,,,,,,,,,,,,GDI,Spark Ignition Direct Injection,,,N,0W20,Y,Yes,,,2,2,TGMXT06.2375,5,,12250.0,636,523,593,,,
2026,General Motors,GMC,SIERRA 4WD MUD TERRAIN TIRES,GMX,580,5.3,8,Auto(A10),14,17,16,18.1516,26.2492,21.0776,14.4679,17.3909,15.6517,,Naturally Aspirated,A,Automatic,10,Y,N,4,4-Wheel Drive,10.0,G,Gasoline (Regular Unleaded Recommended),MPG,miles per gallon,T,Truck,,,,,3100,3100,SIDI; ,1,1,13,Standard Pick-up Trucks 4WD,,Vehicle Specific 5-cycle label,2025-06-30,36871,Y,N,N,N,,Y,Dynamic Fuel Management,Y,cam phaser,N,,,,,,,,,,,,,,,,,GDI,Spark Ignition Direct Injection,,,N,0W20,Y,Yes,,,3,3,TGMXT05.3330,6,,7000.0,612,512,567,,,
2026,General Motors,GMC,SIERRA 4WD MUD TERRAIN TIRES,GMX,707,3.0,6,Auto(A10),21,24,23,27.2519,37.1075,30.9511,21.4314,24.1092,22.5589,TC,Turbocharged,A,Automatic,10,Y,N,4,4-Wheel Drive,,DU,"Diesel, ultra low sulfur (15 ppm, maximum)",MPG,miles per gallon,T,Truck,,,,,2350,2350,,2,2,13,Standard Pick-up Trucks 4WD,,Derived Vehicle Specific 5-cycle Calculation Approach for city label but Modified 5-cycle Calculation Approach for Highway label,2025-07-01,36909,Y,N,N,N,,N,,N,,N,,,,,,,,,,,,,,,,,CRDI,Common Rail Direct Diesel Injection,,,N,0W20,Y,Yes,,,5,4,TGMXT03.0354,4,,3250.0,475,421,451,,,
2026,General Motors,GMC,SIERRA 4WD MUD TERRAIN TIRES (Flex Fuel),GMX,553,5.3,8,Auto(A10),15,19,17,19.1,28.7,22.4844,15.4251,19.2393,16.936,,Naturally Aspirated,A,Automatic,10,Y,N,4,4-Wheel Drive,85.0,G,Gasoline (Regular Unleaded Recommended),MPG,miles per gallon,T,Truck,,,,,2900,2900,SIDI; FFV; ,1,1,13,Standard Pick-up Trucks 4WD,,Derived Vehicle Specific 5-cycle Calculation Approach for city label but Modified 5-cycle Calculation Approach for Highway label,2025-06-30,36889,Y,N,N,N,,Y,Dynamic Fuel Management,Y,cam phaser,N,,,,,,,,,,,,,,,,,GDI,Spark Ignition Direct Injection,,,N,0W20,N,No,,,3,3,TGMXT05.3387,2,,6000.0,576,462,524,,,
2026,General Motors,GMC,SIERRA 4WD MUD TERRAIN TIRES (Municipal),GMX,563,5.3,8,Auto(A10),15,19,16,18.5,28.0,21.8335,14.6559,18.7772,16.2621,,Naturally Aspirated,A,Automatic,10,Y,N,4,4-Wheel Drive,10.0,G,Gasoline (Regular Unleaded Recommended),MPG,miles per gallon,T,Truck,,,,,3100,3100,SIDI; ,1,1,13,Standard Pick-up Trucks 4WD,,Vehicle Specific 5-cycle label,2025-06-30,36921,Y,N,N,N,,Y,Dynamic Fuel Management,Y,cam phaser,N,,,,,,,,,,,,,,,,,GDI,Spark Ignition Direct Injection,,,N,0W20,N,No,Municipal,,3,3,TGMXT05.3330,6,,7000.0,604,475,546,,,
2026,General Motors,GMC,SIERRA 4WD MUD TERRAIN TIRES 4M,GMX,504,2.7,4,Auto(A8),16,17,17,21.0503,27.6341,23.5782,16.0503,17.1933,16.5453,TC,Turbocharged,A,Automatic,8,Y,N,4,4-Wheel Drive,10.0,G,Gasoline (Regular Unleaded Recommended),MPG,miles per gallon,T,Truck,,,,,2900,2900,SIDI; ,2,2,13,Standard Pick-up Trucks 4WD,,Vehicle Specific 5-cycle label,2025-06-30,36849,N,N,N,N,AFM and Stop/Start,Y,Active Fuel Management,Y,Cam Phaser,Y,"High,Low,Zero(Cylinder Deactivation)",,,,,,,,,,,,,,,,GDI,Spark Ignition Direct Injection,,,N,0W20,Y,Yes,,,3,3,TGMXT02.7100,6,,6000.0,552,517,536,,,
2026,General Motors,GMC,SIERRA 4WD MUD TERRAIN TIRES with Sport Mode,GMX,570,5.3,8,Auto(A10),15,18,16,18.412,26.6856,21.3973,14.6365,17.5054,15.8019,,Naturally Aspirated,A,Automatic,10,Y,N,4,4-Wheel Drive,10.0,G,Gasoline (Regular Unleaded Recommended),MPG,miles per gallon,T,Truck,,,,,3100,3100,SIDI; ,1,1,13,Standard Pick-up Trucks 4WD,,Vehicle Specific 5-cycle label,2025-06-30,36880,Y,N,N,N,,Y,Dynamic Fuel Management,Y,cam phaser,N,,,,,,,,,,,,,,,,,GDI,Spark Ignition Direct Injection,,,N,0W20,Y,Yes,with Sport Mode,,3,3,TGMXT05.3330,6,,7000.0,605,508,561,,,
2026,General Motors,GMC,SIERRA 4WD with Sport Mode,GMX,568,5.3,8,Auto(A10),15,19,17,19.8939,29.6495,23.3514,15.418,19.4205,16.9941,,Naturally Aspirated,A,Automatic,10,Y,N,4,4-Wheel Drive,10.0,G,Gasoline (Regular Unleaded Recommended),MPG,miles per gallon,T,Truck,,,,,2900,2900,SIDI; ,1,1,13,Standard Pick-up Trucks 4WD,,Vehicle Specific 5-cycle label,2025-06-30,36875,N,N,N,N,,Y,Dynamic Fuel Management,Y,cam phaser,N,,,,,,,,,,,,,,,,,GDI,Spark Ignition Direct Injection,,,N,0W20,Y,Yes,with Sport Mode,,3,3,TGMXT05.3330,6,,6000.0,574,458,522,,,
2026,Honda,Honda,RIDGELINE AWD,HNX,421,3.5,6,Auto(S9),18,24,21,23.6,33.3,27.1602,18.0,23.7728,20.7402,,Naturally Aspirated,SA,Semi-Automatic,9,Y,N,A,All Wheel Drive,10.0,G,Gasoline (Regular Unleaded Recommended),MPG,miles per gallon,T,Truck,,,,,2350,2350,SIDI; ,2,2,13,Standard Pick-up Trucks 4WD,,Derived 5-cycle label,2025-09-09,37046,N,N,N,N,,Y,Variable Cylinder Management (VCM) is applied.,Y,Variable valve Timing and lift Electronic Control (VTEC) system is applied.,Y,Variable valve Timing and lift Electronic Control (VTEC) system is applied.,,,,,,,,,,,,,,,,GDI,Spark Ignition Direct Injection,N,N,N,0W-20,Y,Yes,,,4,4,THNXT03.53TC,4,,3250.0,494,375,441,,,
2026,Honda,Honda,RIDGELINE AWD TrailSport,HNX,423,3.5,6,Auto(S9),18,23,20,23.5,32.3,26.7837,18.0,23.1116,20.4616,,Naturally Aspirated,SA,Semi-Automatic,9,Y,N,A,All Wheel Drive,10.0,G,Gasoline (Regular Unleaded Recommended),MPG,miles per gallon,T,Truck,,,,,2500,2500,SIDI; ,2,2,13,Standard Pick-up Trucks 4WD,,Derived 5-cycle label,2025-09-09,37047,N,N,N,N,,Y,Variable Cylinder Management (VCM) is applied.,Y,Variable valve Timing and lift Electronic Control (VTEC) system is applied.,Y,Variable valve Timing and lift Electronic Control (VTEC) system is applied.,,,,,,,,,,,,,,,,GDI,Spark Ignition Direct Injection,N,N,N,0W-20,Y,Yes,,,4,4,THNXT03.53TC,4,,4000.0,496,386,446,,,
2026,FCA US LLC,Jeep,Gladiator 4X4,CRX,529,3.6,6,Auto(A8),17,22,19,21.4,30.2,24.6296,17.1523,21.7131,18.9428,,Naturally Aspirated,A,Automatic,8,Y,N,4,4-Wheel Drive,10.0,G,Gasoline (Regular Unleaded Recommended),MPG,miles per gallon,T,Truck,,,,,2600,2600,,2,2,13,Standard Pick-up Trucks 4WD,,Derived 5-cycle label,2025-09-22,37577,N,N,N,N,,N,,Y,Cam Phaser,N,,,,,,,,,,,,,,,,,MFI,Multipoint/sequential fuel injection,,,N,0W-20,Y,Yes,,,4,4,TCRXT03.6570,6,,4500.0,518,409,469,,,
2026,Nissan,NISSAN,FRONTIER 4WD,NSX,887,3.8,6,Auto(S9),17,21,19,22.1665,29.918,25.092,17.0,21.0,19.2525,,Naturally Aspirated,SA,Semi-Automatic,9,Y,N,P,Part-time 4-Wheel Drive,15.0,G,Gasoline (Regular Unleaded Recommended),MPG,miles per gallon,T,Truck,,,,,2600,2600,SIDI; ,2,2,13,Standard Pick-up Trucks 4WD,,Derived 5-cycle label,2025-08-26,37306,N,,N,N,,N,,Y,"INT;ECM and VTC controller controlled, Electric driven EXH;ECM controlled, Oil pressure driven",N,,,,,,,,,,,,,,,,,GDI,Spark Ignition Direct Injection,,,N,SAE 0W-20,Y,Yes,,,4,4,TNSXT03.8GRM,6,,4500.0,525,424,479,,,
2026,Nissan,NISSAN,FRONTIER 4WD PRO-4X,NSX,888,3.8,6,Auto(S9),16,20,18,20.8556,28.0408,23.5739,16.0,20.261,18.1639,,Naturally Aspirated,SA,Semi-Automatic,9,Y,N,P,Part-time 4-Wheel Drive,15.0,G,Gasoline (Regular Unleaded Recommended),MPG,miles per gallon,T,Truck,,,,,2750,2750,SIDI; ,2,2,13,Standard Pick-up Trucks 4WD,,Derived 5-cycle label,2025-08-26,37307,Y,,N,N,,N,,Y,"INT;ECM and VTC controller controlled, Electric driven EXH;ECM controlled, Oil pressure driven",N,,,,,,,,,,,,,,,,,GDI,Spark Ignition Direct Injection,,,N,SAE 0W-20,Y,Yes,,,3,3,TNSXT03.8GRM,6,,5250.0,557,440,504,,,
2026,FCA US LLC,RAM,1500 4X4,CRX,507,3.0,6,Auto(A8),18,24,20,22.3,33.3997,26.2214,17.821,23.8386,20.1048,TC,Turbocharged,A,Automatic,8,Y,N,4,4-Wheel Drive,10.0,G,Gasoline (Regular Unleaded Recommended),MPG,miles per gallon,T,Truck,,,,,2500,2500,SIDI; ,2,2,13,Standard Pick-up Trucks 4WD,,Derived 5-cycle label,2025-06-09,36759,N,N,N,N,3.0L EFH GDI Dual Turbo,N,,Y,electro-hydraulic controlled,N,,,,,,,,,,,,,,,,,GDI,Spark Ignition Direct Injection,,,N,0w-20,N,No,,,4,4,TCRXT03.0574,6,,4000.0,500,375,444,,,
2026,FCA US LLC,RAM,1500 4X4,CRX,509,3.6,6,Auto(A8),19,24,21,24.4607,33.8919,27.9622,19.4107,24.1628,21.2954,,Naturally Aspirated,A,Automatic,8,Y,N,4,4-Wheel Drive,10.0,G,Gasoline (Regular Unleaded Recommended),MPG,miles per gallon,T,Truck,,,,,2350,2350,Mild Hybrid; ,2,2,13,Standard Pick-up Trucks 4WD,,Derived 5-cycle label,2025-09-25,37716,N,N,N,N,,N,,Y,Cam Phaser,N,,Battery(s),1.0,Lithium Ion,48.0,9.8,42.0,On-Board,Electrical Regen Brake,Both,N,,1.0,AC Induction,,11,MFI,Multipoint/sequential fuel injection,N,N,N,SAE 0W-20,N,No,,,4,4,TCRXT03.6560,6,,3250.0,457,368,417,,,
2026,FCA US LLC,RAM,1500 4X4,CRX,510,5.7,8,Auto(A8),16,20,18,19.9,28.1,22.9082,16.0289,20.301,17.7056,,Naturally Aspirated,A,Automatic,8,Y,N,4,4-Wheel Drive,10.0,GM,Gasoline (Mid Grade Unleaded Recommended),MPG,miles per gallon,T,Truck,,,,,3150,3150,Mild Hybrid; ,1,1,13,Standard Pick-up Trucks 4WD,,Derived 5-cycle label,2025-08-11,37262,N,N,N,N,,Y,Solenoids,Y,Cam phasers,N,,Battery(s),1.0,Lithium Ion,48.0,8.0,42.0,On-Board,Electrical Regen Brake,Both,Y,,1.0,AC Induction,,16,MFI,Multipoint/sequential fuel injection,N,N,N,SAE 0W-20,N,No,,,3,3,TCRXT05.7560,4,,7250.0,555,437,502,,,
2026,FCA US LLC,RAM,1500 HO 4x4,CRX,501,3.0,6,Auto(A8),15,21,17,18.5,28.4,21.942,14.9703,20.5036,17.0396,TC,Turbocharged,A,Automatic,8,Y,N,4,4-Wheel Drive,10.0,GPR,Gasoline (Premium Unleaded Required),MPG,miles per gallon,T,Truck,,,,,3650,3650,SIDI; ,2,2,13,Standard Pick-up Trucks 4WD,,Derived 5-cycle label,2025-06-09,36756,N,N,N,N,3.0L EFC GDI Dual Turbo,N,,Y,electro-hydraulic controlled,N,,,,,,,,,,,,,,,,,GDI,Spark Ignition Direct Injection,,,N,0w-20,Y,Yes,,,3,3,TCRXT03.0572,6,,9750.0,593,434,521,,,
2026,FCA US LLC,RAM,1500 RHO 4x4,CRX,502,3.0,6,Auto(A8),14,16,15,17.3,22.7,19.374,14.055,15.7926,14.7871,TC,Turbocharged,A,Automatic,8,Y,N,4,4-Wheel Drive,10.0,GPR,Gasoline (Premium Unleaded Required),MPG,miles per gallon,T,Truck,,,,,4150,4150,SIDI; ,2,2,13,Standard Pick-up Trucks 4WD,,Derived Vehicle Specific 5-cycle Calculation Approach for city label but Modified 5-cycle Calculation Approach for Highway label,2025-06-09,36757,N,N,N,N,3.0L EFC GDI Dual Turbo,N,,Y,electro-hydraulic controlled,N,,,,,,,,,,,,,,,,,GDI,Spark Ignition Direct Injection,,,N,0w-40 SN+,Y,Yes,,,2,2,TCRXT03.0573,6,,12250.0,634,564,602,,,
2026,Toyota,TOYOTA,TUNDRA 4WD,TYX,19,3.4,6,Auto(S10),17,22,19,21.4,30.3,24.6594,17.1523,21.78,18.9657,TC,Turbocharged,SA,Semi-Automatic,10,Y,N,P,Part-time 4-Wheel Drive,15.0,G,Gasoline (Regular Unleaded Recommended),MPG,miles per gallon,T,Truck,,,,,2600,2600,SIDI & PFI; ,2,2,13,Standard Pick-up Trucks 4WD,,Derived 5-cycle label,2025-08-06,36980,N,N,N,N,APPLIED TO TUNDRA (1-drive mode),N,,Y,Intake and exhaust,N,,,,,,,,,,,,,,,,,GDPI,Spark Ignition direct & ported injection,,,N,0W-20,Y,Yes,,,4,4,TTYXT03.4B5A,4,,4500.0,518,408,468,,,
2026,Toyota,TOYOTA,TUNDRA 4WD,TYX,20,3.4,6,Auto(S10),17,22,19,21.7,31.0,25.0867,17.3756,22.2474,19.275,TC,Turbocharged,SA,Semi-Automatic,10,Y,N,P,Part-time 4-Wheel Drive,15.0,G,Gasoline (Regular Unleaded Recommended),MPG,miles per gallon,T,Truck,,,,,2600,2600,SIDI & PFI; ,2,2,13,Standard Pick-up Trucks 4WD,,Derived 5-cycle label,2025-08-06,36981,N,N,N,N,APPLIED TO TUNDRA (3-drive mode),N,,Y,Intake and exhaust,N,,,,,,,,,,,,,,,,,GDPI,Spark Ignition direct & ported injection,,,N,0W-20,Y,Yes,,,4,4,TTYXT03.4B5A,4,,4500.0,512,400,462,,,
2026,Toyota,TOYOTA,TUNDRA 4WD Hybrid,TYX,24,3.4,6,Auto(S10),19,22,20,23.5102,31.1526,26.4277,18.7141,22.3491,20.192,TC,Turbocharged,SA,Semi-Automatic,10,Y,N,P,Part-time 4-Wheel Drive,15.0,G,Gasoline (Regular Unleaded Recommended),MPG,miles per gallon,T,Truck,,,,,2500,2500,SIDI & PFI; Hybrid; ,2,2,13,Standard Pick-up Trucks 4WD,,Derived 5-cycle label,2025-08-06,36985,N,N,N,N,APPLIED TO SEQUOIA AND TUNDRA,N,,Y,Intake and exhaust,N,,Battery(s),1.0,NiMH,288.0,6.5,33.0,On-Board,Electrical Regen Brake,Rear Wheels,N,"Regenerative Braking Source is ""Both"" for 4WD models.",1.0,Other,AC SYNCHRONOUS,36,GDPI,Spark Ignition direct & ported injection,N,N,N,0W-20,Y,Yes,HYBRID,,4,4,TTYXT03.4B5C,4,,4000.0,473,397,439,,,
2026,Toyota,TOYOTA,TUNDRA 4WD HYBRID TRD Per,TYX,211,3.4,6,Auto(S10),19,22,20,23.5102,31.1526,26.4277,18.7141,22.3491,20.192,TC,Turbocharged,SA,Semi-Automatic,10,Y,N,P,Part-time 4-Wheel Drive,15.0,GPR,Gasoline (Premium Unleaded Required),MPG,miles per gallon,T,Truck,,,,,3100,3100,SIDI & PFI; Hybrid; ,2,2,13,Standard Pick-up Trucks 4WD,,Derived 5-cycle label,2025-08-06,37033,N,N,N,N,APPLIED TO SEQUOIA AND TUNDRA TRD PERFORMANCE PACKAGE.,N,,Y,Intake and exhaust,N,,Battery(s),1.0,NiMH,288.0,6.5,33.0,On-Board,Electrical Regen Brake,Rear Wheels,N,"Regenerative Braking Source is ""Both"" for 4WD models.",1.0,Other,AC SYNCHRONOUS,36,GDPI,Spark Ignition direct & ported injection,N,N,N,0W-20,Y,Yes,HYBRID TRD Perf,,4,4,TTYXT03.4B5C,4,,7000.0,473,397,439,,,
2026,Toyota,TOYOTA,TUNDRA 4WD PRO Hybrid,TYX,25,3.4,6,Auto(S10),18,20,19,22.9,28.1,24.9802,18.2647,20.301,19.1281,TC,Turbocharged,SA,Semi-Automatic,10,Y,N,P,Part-time 4-Wheel Drive,15.0,G,Gasoline (Regular Unleaded Recommended),MPG,miles per gallon,T,Truck,,,,,2600,2600,SIDI & PFI; Hybrid; ,2,2,13,Standard Pick-up Trucks 4WD,,Derived 5-cycle label,2025-08-06,36986,Y,N,N,N,APPLIED TO SEQUOIA AND TUNDRA,N,,Y,Intake and exhaust,N,,Battery(s),1.0,NiMH,288.0,6.5,33.0,On-Board,Electrical Regen Brake,Rear Wheels,N,"Regenerative Braking Source is ""Both"" for 4WD models.",1.0,Other,AC SYNCHRONOUS,36,GDPI,Spark Ignition direct & ported injection,N,N,N,0W-20,Y,Yes,HYBRID,,4,4,TTYXT03.4B5C,4,,4500.0,483,435,461,,,
2026,Toyota,TOYOTA,TUNDRA 4WD PRO HYBRID TRD Perf,TYX,212,3.4,6,Auto(S10),18,20,19,22.9,28.1,24.9802,18.2647,20.301,19.1281,TC,Turbocharged,SA,Semi-Automatic,10,Y,N,P,Part-time 4-Wheel Drive,15.0,GPR,Gasoline (Premium Unleaded Required),MPG,miles per gallon,T,Truck,,,,,3300,3300,SIDI & PFI; Hybrid; ,2,2,13,Standard Pick-up Trucks 4WD,,Derived 5-cycle label,2025-08-06,37032,Y,N,N,N,APPLIED TO SEQUOIA AND TUNDRA TRD PERFORMANCE PACKAGE.,N,,Y,Intake and exhaust,N,,Battery(s),1.0,NiMH,288.0,6.5,33.0,On-Board,Electrical Regen Brake,Rear Wheels,N,"Regenerative Braking Source is ""Both"" for 4WD models.",1.0,Other,AC SYNCHRONOUS,36,GDPI,Spark Ignition direct & ported injection,N,N,N,0W-20,Y,Yes,HYBRID TRD Perf,,4,4,TTYXT03.4B5C,4,,8000.0,483,435,461,,,
2026,Toyota,TOYOTA,TUNDRA 4WD TRD Perf,TYX,207,3.4,6,Auto(S10),17,22,19,21.7,31.0,25.0867,17.3756,22.2474,19.275,TC,Turbocharged,SA,Semi-Automatic,10,Y,N,P,Part-time 4-Wheel Drive,15.0,GPR,Gasoline (Premium Unleaded Required),MPG,miles per gallon,T,Truck,,,,,3300,3300,SIDI & PFI; ,2,2,13,Standard Pick-up Trucks 4WD,,Derived 5-cycle label,2025-08-06,37035,N,N,N,N,APPLIED TO TUNDRA (3-drive mode) TRD PERFORMANCE PACKAGE,N,,Y,Intake and exhaust,N,,,,,,,,,,,,,,,,,GDPI,Spark Ignition direct & ported injection,,,N,0W-20,Y,Yes,TRD Perf,,4,4,TTYXT03.4B5A,4,,8000.0,512,400,462,,,
2026,Mercedes-Benz,Mercedes-Benz,GLA 250,MBX,506,2.0,4,Auto(AM8),26,34,29,33.3,49.3,38.995,25.6879,33.9575,28.8494,TC,Turbocharged,AM,Automated Manual,8,Y,N,F,"2-Wheel Drive, Front",10.0,GPR,Gasoline (Premium Unleaded Required),MPG,miles per gallon,N,Not exempt,,,,,2150,2150,SIDI; Mild Hybrid; ,2,2,17,Special Purpose Vehicle 2WD,??,Derived 5-cycle label,2025-04-18,36442,N,N,N,N,,N,,Y,Allows timing of the intake/exhaust valves to be changed while the engine is in operation,Y,High/Low position on inlet side,Battery(s),1.0,Lithium Ion,48.0,7.7,52.9,On-Board,Electrical Regen Brake,Both,N,RSG2 Engine 48V technology,1.0,Other,permanent magnet synchronous,10,GDI,Spark Ignition Direct Injection,N,N,N,5W40,Y,Yes,GLA 250,39.3,6,6,TMBXJ02.0HY3,6,,2250.0,344,260,306,,,
2026,Mercedes-Benz,Mercedes-Benz,GLB 250,MBX,750,2.0,4,Auto(AM8),25,33,28,32.9,48.4,38.4396,25.4114,33.4036,28.4775,TC,Turbocharged,AM,Automated Manual,8,Y,N,F,"2-Wheel Drive, Front",10.0,GPR,Gasoline (Premium Unleaded Required),MPG,miles per gallon,N,Not exempt,,,,,2200,2200,"SIDI; Mild Hybrid; Under EPA regulations, the manufacturer revised the fuel economy label values on . Previous values were XX MPG city, XX MPG highway, and XX MPG combined; ",2,2,17,Special Purpose Vehicle 2WD,??,Derived 5-cycle label,2025-04-18,37405,N,Y,N,N,,N,,Y,Allows timing of the intake/exhaust valves to be changed while the engine is in operation,Y,High/Low position on inlet side,Battery(s),1.0,Lithium Ion,48.0,7.7,52.9,On-Board,Electrical Regen Brake,Both,N,RSG2 Engine 48V technology,1.0,Other,permanent magnet synchronous,10,GDI,Spark Ignition Direct Injection,N,N,N,5W40,Y,Yes,GLB 250,38.7,5,5,TMBXJ02.0HY3,6,,2500.0,348,265,311,,,
2026,General Motors,Chevrolet,SILVERADO 2WD CAB CHASSIS,GMX,573,5.3,8,Auto(A10),15,18,16,18.5368,26.0687,21.3071,14.9945,17.607,16.0673,,Naturally Aspirated,A,Automatic,10,Y,N,R,"2-Wheel Drive, Rear",10.0,G,Gasoline (Regular Unleaded Recommended),MPG,miles per gallon,T,Truck,,,,,3100,3100,SIDI; ,1,1,19,Special Purpose Vehicle cab chassis,??,Vehicle Specific 5-cycle label,2025-06-30,36866,Y,N,N,N,,Y,Dynamic Fuel Management,Y,cam phaser,N,,,,,,,,,,,,,,,,,GDI,Spark Ignition Direct Injection,,,N,0W20,Y,Yes,,,3,3,TGMXT05.3330,6,,7000.0,590,504,551,,,
2026,General Motors,Chevrolet,SILVERADO 4WD CAB CHASSIS,GMX,577,5.3,8,Auto(A10),14,16,15,18.7,25.1,21.1238,14.0,16.3674,15.2933,,Naturally Aspirated,A,Automatic,10,Y,N,4,4-Wheel Drive,10.0,G,Gasoline (Regular Unleaded Recommended),MPG,miles per gallon,T,Truck,,,,,3300,3300,SIDI; ,1,1,19,Special Purpose Vehicle cab chassis,??,Vehicle Specific 5-cycle label,2025-06-30,36869,Y,N,N,N,,Y,Dynamic Fuel Management,Y,cam phaser,N,,,,,,,,,,,,,,,,,GDI,Spark Ignition Direct Injection,,,N,0W20,Y,Yes,,,2,2,TGMXT05.3330,6,,8000.0,633,542,592,,,
2026,General Motors,GMC,SIERRA 2WD CAB CHASSIS,GMX,574,5.3,8,Auto(A10),15,18,16,18.5368,26.0687,21.3071,14.9945,17.607,16.0673,,Naturally Aspirated,A,Automatic,10,Y,N,R,"2-Wheel Drive, Rear",10.0,G,Gasoline (Regular Unleaded Recommended),MPG,miles per gallon,T,Truck,,,,,3100,3100,SIDI; ,1,1,19,Special Purpose Vehicle cab chassis,??,Vehicle Specific 5-cycle label,2025-06-30,36868,Y,N,N,N,,Y,Dynamic Fuel Management,Y,cam phaser,N,,,,,,,,,,,,,,,,,GDI,Spark Ignition Direct Injection,,,N,0W20,Y,Yes,,,3,3,TGMXT05.3330,6,,7000.0,590,504,551,,,
2026,General Motors,GMC,SIERRA 4WD CAB CHASSIS,GMX,578,5.3,8,Auto(A10),14,16,15,18.7,25.1,21.1238,14.0,16.3674,15.2933,,Naturally Aspirated,A,Automatic,10,Y,N,4,4-Wheel Drive,10.0,G,Gasoline (Regular Unleaded Recommended),MPG,miles per gallon,T,Truck,,,,,3300,3300,SIDI; ,1,1,19,Special Purpose Vehicle cab chassis,??,Vehicle Specific 5-cycle label,2025-06-30,36870,Y,N,N,N,,Y,Dynamic Fuel Management,Y,cam phaser,N,,,,,,,,,,,,,,,,,GDI,Spark Ignition Direct Injection,,,N,0W20,Y,Yes,,,2,2,TGMXT05.3330,6,,8000.0,633,542,592,,,
2026,FCA US LLC,Chrysler,Pacifica,CRX,531,3.6,6,Auto(A9),19,28,22,23.8933,40.0,29.1809,18.9954,28.1266,22.2452,,Naturally Aspirated,A,Automatic,9,Y,N,F,"2-Wheel Drive, Front",10.0,G,Gasoline (Regular Unleaded Recommended),MPG,miles per gallon,T,Truck,,,,,2250,2250,,2,2,20,"Special Purpose Vehicle, minivan 2WD",1,Derived 5-cycle label,2025-07-21,36989,N,N,N,N,,N,,Y,Cam Phaser,N,,,,,,,,,,,,,,,,,MFI,Multipoint/sequential fuel injection,,,N,0W-20,Y,Yes,,,4,4,TCRXT03.6571,5,,2750.0,469,317,401,,,
2026,FCA US LLC,Chrysler,Voyager,CRX,533,3.6,6,Auto(A9),19,28,22,23.8933,40.0,29.1809,18.9954,28.1266,22.2452,,Naturally Aspirated,A,Automatic,9,Y,N,F,"2-Wheel Drive, Front",10.0,G,Gasoline (Regular Unleaded Recommended),MPG,miles per gallon,T,Truck,,,,,2250,2250,,2,2,20,"Special Purpose Vehicle, minivan 2WD",1,Derived 5-cycle label,2025-07-21,36996,N,N,N,N,,N,,Y,Cam Phaser,N,,,,,,,,,,,,,,,,,MFI,Multipoint/sequential fuel injection,,,N,0W-20,Y,Yes,,,4,4,TCRXT03.6571,5,,2750.0,469,317,401,,,
2026,Honda,Honda,ODYSSEY FWD,HNX,401,3.5,6,Auto(S10),19,28,22,24.3934,39.4117,29.4421,19.3615,27.7496,22.4098,,Naturally Aspirated,SA,Semi-Automatic,10,Y,N,F,"2-Wheel Drive, Front",10.0,G,Gasoline (Regular Unleaded Recommended),MPG,miles per gallon,T,Truck,,,,,2250,2250,SIDI; ,2,2,20,"Special Purpose Vehicle, minivan 2WD",1,Derived 5-cycle label,2025-07-21,36916,N,N,N,N,,Y,Variable Cylinder Management (VCM) system is applied.,Y,Variable valve Timing and lift Electronic Control (VTEC) system is applied.,Y,Variable valve Timing and lift Electronic Control (VTEC) system is applied.,,,,,,,,,,,,,,,,GDI,Spark Ignition Direct Injection,N,N,N,0W-20,Y,Yes,,,4,4,THNXT03.5R4C,4,,2750.0,457,319,395,,,
2026,Kia,KIA,Carnival,KMX,12,3.5,6,Auto(S8),18,25,21,22.8527,37.1709,27.6446,18.2298,25.1273,20.799,,Naturally Aspirated,SA,Semi-Automatic,8,Y,N,F,"2-Wheel Drive, Front",15.0,G,Gasoline (Regular Unleaded Recommended),MPG,miles per gallon,T,Truck,,,,,2350,2350,SIDI & PFI; ,2,2,20,"Special Purpose Vehicle, minivan 2WD",1,Derived Vehicle Specific 5-cycle Calculation Approach for city label but Modified 5-cycle Calculation Approach for Highway label,2025-03-24,36321,N,N,N,N,,N,,Y,Fixed3(More than two or continuous),N,,,,,,,,,,,,,,,,,GDPI,Spark Ignition direct & ported injection,,,N,0W20,N,No,,,4,4,TKMXT03.5KU3,6,,3250.0,489,354,428,,,
2026,Kia,KIA,Carnival Hybrid,KMX,48,1.6,4,Auto(AM-S6),34,31,32,45.4351,44.452,44.9874,33.7563,30.948,32.4319,TC,Turbocharged,AMS,Automated Manual- Selectable (e.g. Automated Manual with paddles),6,N,N,F,"2-Wheel Drive, Front",15.0,G,Gasoline (Regular Unleaded Recommended),MPG,miles per gallon,T,Truck,,,,,1550,1550,SIDI; Hybrid; ,2,2,20,"Special Purpose Vehicle, minivan 2WD",1,Derived 5-cycle label,2025-03-21,36654,N,N,N,N,,N,,Y,APPLY VVT,N,,Battery(s),1.0,Lithium Ion,270.0,5.5,35.4,On-Board,Electrical Regen Brake,Front Wheels,N,,1.0,Other,PMSM,54,GDI,Spark Ignition Direct Injection,N,N,N,SAE 0W-20; API SN PLUS,Y,Yes,,,6,6,TKMXT01.6K13,6,750.0,,264,288,275,,,
2026,Honda,Acura,MDX FWD,HNX,502,3.5,6,Auto(S10),19,26,22,25.0,37.2,29.3283,19.0,26.3231,22.2878,,Naturally Aspirated,SA,Semi-Automatic,10,Y,N,F,"2-Wheel Drive, Front",10.0,GP,Gasoline (Premium Unleaded Recommended),MPG,miles per gallon,T,Truck,,,,,2850,2850,SIDI; ,2,2,30,Small SUV 2WD,,Derived 5-cycle label,2025-05-21,36598,N,N,N,N,,Y,Variable Cylinder Management (VCM) is applied.,Y,Variable valve Timing and lift Electronic Control (VTEC) system is applied.,Y,Variable valve Timing and lift Electronic Control (VTEC) system is applied.,,,,,,,,,,,,,,,,GDI,Spark Ignition Direct Injection,N,N,N,0W-20,Y,Yes,,,4,4,THNXT03.5CCC,4,,5750.0,470,339,411,,,
2026,General Motors,Buick,ENCORE GX FWD,GMX,110,1.3,3,Auto(AV),29,31,30,38.9,49.8,43.15,29.4867,31.0,30.0,TC,Turbocharged,CVT,Continuously Variable,1,N,N,F,"2-Wheel Drive, Front",10.0,G,Gasoline (Regular Unleaded Recommended),MPG,miles per gallon,T,Truck,,,,,1650,1650,SIDI; ,2,2,30,Small SUV 2WD,,Derived 5-cycle label,2025-04-14,36384,N,N,N,N,,N,,Y,Cam phaser,N,,,,,,,,,,,,,,,,,GDI,Spark Ignition Direct Injection,,,N,5W30,Y,Yes,,43.4,6,6,TGMXV01.3550,6,250.0,,302,287,297,,,
2026,General Motors,Buick,ENCORE GX FWD (Flex Fuel),GMX,106,1.2,3,Auto(AV),30,31,30,39.7816,47.3472,42.8637,30.0728,31.0822,30.0,TC,Turbocharged,CVT,Continuously Variable,1,N,N,F,"2-Wheel Drive, Front",85.0,G,Gasoline (Regular Unleaded Recommended),MPG,miles per gallon,T,Truck,,,,,1650,1650,SIDI; FFV; ,2,2,30,Small SUV 2WD,,Derived Vehicle Specific 5-cycle Calculation Approach for city label but Modified 5-cycle Calculation Approach for Highway label,2025-04-12,36382,N,N,N,N,CSS Prime,N,,Y,Cam phaser,N,,,,,,,,,,,,,,,,,GDI,Spark Ignition Direct Injection,,,N,0W20,Y,Yes,,43.1,6,6,TGMXV01.2002,6,250.0,,296,287,297,,,
2026,General Motors,Chevrolet,EQUINOX FWD,GMX,100,1.5,4,Auto(AV),26,29,27,34.7,44.1,38.3815,26.0,29.1329,27.0,TC,Turbocharged,CVT,Continuously Variable,1,N,N,F,"2-Wheel Drive, Front",10.0,G,Gasoline (Regular Unleaded Recommended),MPG,miles per gallon,T,Truck,,,104.0,30.0,1850,1850,SIDI; ,2,2,30,Small SUV 2WD,,Derived Vehicle Specific 5-cycle Calculation Approach for city label but Modified 5-cycle Calculation Approach for Highway label,2025-04-15,36425,N,N,N,N,,N,,Y,Multiple Positions,N,,,,,,,,,,,,,,,,,GDI,Spark Ignition Direct Injection,,,N,0W20,Y,Yes,,38.6,5,5,TGMXT01.5080,6,,750.0,342,305,329,,,
2026,General Motors,Chevrolet,TRAILBLAZER FWD,GMX,115,1.3,3,Auto(AV),29,33,31,39.6,50.9,43.9952,29.0,33.0,31.0,TC,Turbocharged,CVT,Continuously Variable,1,N,N,F,"2-Wheel Drive, Front",10.0,G,Gasoline (Regular Unleaded Recommended),MPG,miles per gallon,T,Truck,,,,,1600,1600,SIDI; ,2,2,30,Small SUV 2WD,,Derived 5-cycle label,2025-04-01,36247,N,N,N,N,,N,,Y,Cam phaser,N,,,,,,,,,,,,,,,,,GDI,Spark Ignition Direct Injection,,,N,5W30,Y,Yes,,44.3,6,6,TGMXV01.3550,6,500.0,,307,270,287,,,
2026,General Motors,Chevrolet,TRAILBLAZER FWD (Flex Fuel),GMX,105,1.2,3,Auto(AV),30,31,30,39.7816,47.3472,42.8637,30.0728,31.0822,30.0,TC,Turbocharged,CVT,Continuously Variable,1,N,N,F,"2-Wheel Drive, Front",85.0,G,Gasoline (Regular Unleaded Recommended),MPG,miles per gallon,T,Truck,,,,,1650,1650,SIDI; FFV; ,2,2,30,Small SUV 2WD,,Derived Vehicle Specific 5-cycle Calculation Approach for city label but Modified 5-cycle Calculation Approach for Highway label,2025-04-12,36381,N,N,N,N,CSS Prime,N,,Y,Cam phaser,N,,,,,,,,,,,,,,,,,GDI,Spark Ignition Direct Injection,,,N,0W20,Y,Yes,,43.1,6,6,TGMXV01.2002,6,250.0,,296,287,297,,,
2026,Ford Motor Company,Ford,ESCAPE FWD,FMX,50,1.5,3,Auto(A8),27,34,30,34.5,49.9,40.064,26.5132,34.3255,29.5384,TC,Turbocharged,A,Automatic,8,Y,N,F,"2-Wheel Drive, Front",10.0,G,Gasoline (Regular Unleaded Recommended),MPG,miles per gallon,T,Truck,,,,,1650,1650,SIDI & PFI; ,2,2,30,Small SUV 2WD,,Derived 5-cycle label,2025-09-08,37757,N,N,N,N,,N,,Y,"Intake/Exhaust, Hydraulic Actuated VCT",N,,,,,,,,,,,,,,,,,GDPI,Spark Ignition direct & ported injection,,,N,0W-20 / ILSAC GF-7,Y,Yes,,40.3,6,6,TFMXT01.52X1,6,250.0,,332,256,298,,,
2026,Hyundai,GENESIS,GV80 RWD,HYX,84,2.5,4,Auto(S8),20,26,22,24.9,36.2,28.9693,19.7311,25.6735,22.0252,TC,Turbocharged,SA,Semi-Automatic,8,Y,N,R,"2-Wheel Drive, Rear",15.0,GP,Gasoline (Premium Unleaded Recommended),MPG,miles per gallon,T,Truck,,,,,2850,2850,SIDI & PFI; ,2,2,30,Small SUV 2WD,,Derived 5-cycle label,2025-06-15,36736,N,N,N,N,,N,,Y,Fixed3,N,,,,,,,,,,,,,,,,,GDPI,Spark Ignition direct & ported injection,,,N,SAE 0W30,Y,Yes,,,4,4,THYXT02.5TP3,6,,5750.0,449,346,403,,,
2026,General Motors,GMC,TERRAIN FWD,GMX,101,1.5,4,Auto(AV),26,28,27,34.7,44.1,38.3815,26.0,28.0,27.0,TC,Turbocharged,CVT,Continuously Variable,1,N,N,F,"2-Wheel Drive, Front",10.0,G,Gasoline (Regular Unleaded Recommended),MPG,miles per gallon,T,Truck,,,,,1850,1850,SIDI; ,2,2,30,Small SUV 2WD,,Derived Vehicle Specific 5-cycle Calculation Approach for city label but Modified 5-cycle Calculation Approach for Highway label,2025-04-15,36426,N,N,N,N,,N,,Y,Multiple Positions,N,,,,,,,,,,,,,,,,,GDI,Spark Ignition Direct Injection,,,N,0W20,Y,Yes,,38.6,5,5,TGMXT01.5080,6,,750.0,342,318,329,,,
2026,Hyundai,HYUNDAI MOTOR COMPANY,Kona FWD,HYX,32,2.0,4,Auto(AV-S1),28,35,31,36.9,53.9,43.0035,28.1452,34.8579,30.8156,,Naturally Aspirated,SCV,Selectable Continuously Variable (e.g. CVT with paddles),1,Y,N,F,"2-Wheel Drive, Front",15.0,G,Gasoline (Regular Unleaded Recommended),MPG,miles per gallon,T,Truck,,,,,1600,1600,,2,2,30,Small SUV 2WD,,Derived Vehicle Specific 5-cycle Calculation Approach for city label but Modified 5-cycle Calculation Approach for Highway label,2025-06-01,36619,N,N,N,N,,N,,Y,VVT,N,,,,,,,,,,,,,,,,,MFI,Multipoint/sequential fuel injection,,,N,SAE 0W20,N,No,Non stop-start,,6,6,THYXT02.0KE3,6,500.0,,316,255,288,,,
2026,Hyundai,HYUNDAI MOTOR COMPANY,Kona FWD SX2 1.6T 8AT FWD,HYX,30,1.6,4,Auto(S8),26,31,28,33.0481,49.0998,38.7486,25.5139,31.1129,27.7621,TC,Turbocharged,SA,Semi-Automatic,8,Y,N,F,"2-Wheel Drive, Front",15.0,G,Gasoline (Regular Unleaded Recommended),MPG,miles per gallon,T,Truck,,,,,1750,1750,SIDI; ,2,2,30,Small SUV 2WD,,Derived Vehicle Specific 5-cycle Calculation Approach for city label but Modified 5-cycle Calculation Approach for Highway label,2025-06-01,36615,N,N,N,N,,N,,Y,VVT,N,,,,,,,,,,,,,,,,,GDI,Spark Ignition Direct Injection,,,N,SAE 0W20,N,No,SX2 1.6T 8AT FWD,,5,5,THYXT01.6KC3,6,,250.0,348,286,320,,,
2026,Hyundai,HYUNDAI MOTOR COMPANY,Kona FWD w/ STOP-START,HYX,70,2.0,4,Auto(AV-S1),29,34,31,38.3,54.6,44.2437,29.086,34.4587,31.2807,,Naturally Aspirated,SCV,Selectable Continuously Variable (e.g. CVT with paddles),1,Y,N,F,"2-Wheel Drive, Front",15.0,G,Gasoline (Regular Unleaded Recommended),MPG,miles per gallon,T,Truck,,,,,1600,1600,,2,2,30,Small SUV 2WD,,Derived Vehicle Specific 5-cycle Calculation Approach for city label but Modified 5-cycle Calculation Approach for Highway label,2025-06-01,36618,N,N,N,N,,N,,Y,VVT,N,,,,,,,,,,,,,,,,,MFI,Multipoint/sequential fuel injection,,,N,SAE 0W20,Y,Yes,STOP-START,,6,6,THYXT02.0KE3,6,500.0,,305,258,284,,,
2026,Hyundai,HYUNDAI MOTOR COMPANY,Santa Cruz FWD,HYX,45,2.5,4,Auto(S8),22,30,25,28.0,43.0,33.2138,21.9668,30.034,24.987,,Naturally Aspirated,SA,Semi-Automatic,8,Y,N,F,"2-Wheel Drive, Front",15.0,G,Gasoline (Regular Unleaded Recommended),MPG,miles per gallon,T,Truck,,,,,2000,2000,SIDI & PFI; ,2,2,30,Small SUV 2WD,,Derived 5-cycle label,2025-06-15,36703,N,N,N,N,,N,,Y,E-CVVT is an electric device that improve fuel efficiency and reduce toxic exhaust gas by allowing the timing of the intake valves to be changed while the engine is on opration.,N,,,,,,,,,,,,,,,,,GDPI,Spark Ignition direct & ported injection,,,N,SAE 0W20,N,No,NX4 OB 2.5 FWD 8SA,,5,5,THYXT02.5VR3,6,,1500.0,405,296,356,,,
2026,Hyundai,HYUNDAI MOTOR COMPANY,Santa Fe FWD,HYX,49,2.5,4,Auto(S8),20,29,24,25.9561,41.6123,31.2464,20.4978,29.1549,23.6591,TC,Turbocharged,SA,Semi-Automatic,8,Y,N,F,"2-Wheel Drive, Front",15.0,G,Gasoline (Regular Unleaded Recommended),MPG,miles per gallon,T,Truck,,,,,2050,2050,SIDI & PFI; ,2,2,30,Small SUV 2WD,,Derived 5-cycle label,2025-06-15,36715,N,N,N,N,,N,,Y,Fixed3,N,,,,,,,,,,,,,,,,,GDPI,Spark Ignition direct & ported injection,,,N,SAE 0W30,Y,Yes,,,5,5,THYXT02.5MP3,6,,1750.0,431,303,374,,,
2026,Hyundai,HYUNDAI MOTOR COMPANY,Santa Fe Hybrid FWD,HYX,22,1.6,4,Auto(AM-S6),37,36,36,48.9068,49.2404,49.0564,36.7449,36.0789,36.4422,TC,Turbocharged,AMS,Automated Manual- Selectable (e.g. Automated Manual with paddles),6,N,N,F,"2-Wheel Drive, Front",15.0,G,Gasoline (Regular Unleaded Recommended),MPG,miles per gallon,T,Truck,,,,,1400,1400,SIDI; Hybrid; ,2,2,30,Small SUV 2WD,,Vehicle Specific 5-cycle label,2025-06-15,36681,N,N,N,N,,N,,Y,Fixed 3 (Continuous Variable Valve Timing),N,,Battery(s),1.0,Lithium Ion,270.0,5.5,40.1,On-Board,Electrical Regen Brake,Front Wheels,Y,,1.0,Other,PMSM,48,GDI,Spark Ignition Direct Injection,N,N,N,"SAE 0W-20, API SN PLUS",Y,Yes,,,7,7,THYXV01.6M13,6,1500.0,,241,247,244,,,
2026,Hyundai,HYUNDAI MOTOR COMPANY,Tucson FWD,HYX,58,2.5,4,Auto(S8),25,33,28,31.7778,47.036,37.2096,24.632,32.5601,27.6631,,Naturally Aspirated,SA,Semi-Automatic,8,Y,N,F,"2-Wheel Drive, Front",15.0,G,Gasoline (Regular Unleaded Recommended),MPG,miles per gallon,T,Truck,,,,,1750,1750,SIDI & PFI; ,2,2,30,Small SUV 2WD,,Derived 5-cycle label,2025-08-01,37252,N,N,N,N,,N,,Y,E-CVVT is an electric device that improve fuel efficiency and reduce toxic exhaust gas by allowing the timing of the intake valves to be changed while the engine is on opration.,N,,,,,,,,,,,,,,,,,GDPI,Spark Ignition direct & ported injection,,,N,SAE 0W20,Y,Yes,NX4 2.5 8AT FWD,,5,5,THYXT02.5LR3,6,,250.0,361,274,322,,,
2026,Hyundai,HYUNDAI MOTOR COMPANY,Venue,HYX,51,1.6,4,Auto(AV-S1),29,33,31,37.6888,49.3318,42.1672,29.3325,32.5331,30.6912,,Naturally Aspirated,SCV,Selectable Continuously Variable (e.g. CVT with paddles),1,Y,N,F,"2-Wheel Drive, Front",15.0,G,Gasoline (Regular Unleaded Recommended),MPG,miles per gallon,T,Truck,,,,,1600,1600,,2,2,30,Small SUV 2WD,,Vehicle Specific 5-cycle label,2025-08-01,37123,N,N,N,N,,N,,Y,VVT,N,,,,,,,,,,,,,,,,,MFI,Multipoint/sequential fuel injection,,,N,SAE 0W20,N,No,,,6,6,THYXV01.6SB7,4,500.0,,304,274,291,,,
2026,Kia,KIA,Niro,KMX,28,1.6,4,Auto(AM-S6),53,45,49,68.2,62.5,65.5114,52.5532,45.2452,48.9922,,Naturally Aspirated,AMS,Automated Manual- Selectable (e.g. Automated Manual with paddles),6,N,N,F,"2-Wheel Drive, Front",15.0,G,Gasoline (Regular Unleaded Recommended),MPG,miles per gallon,T,Truck,,,105.0,23.0,1000,1000,SIDI; Hybrid; ,2,2,30,Small SUV 2WD,,Vehicle Specific 5-cycle label,2025-06-17,36787,N,N,N,N,,N,,Y,"Fixed3, CVVT is an oil pressure device that improve fuel efficiency and reduce toxic exhaust gas by allowing the  timing (some or all) of the intake or exhaust valves (or both ) to be changed  while the engine is in operation.",N,,Battery(s),1.0,Lithium Ion,240.0,5.5,38.8,On-Board,Electrical Regen Brake,Front Wheels,N,,1.0,Other,PMSM,32,GDI,Spark Ignition Direct Injection,N,N,N,SAE 0W-16 API SN PLUS,Y,Yes,,,8,8,TKMXV01.6213,6,3500.0,,168,196,181,,,
2026,Kia,KIA,Niro FE,KMX,29,1.6,4,Auto(AM-S6),53,54,53,70.4,66.7,68.6854,52.6863,53.6295,53.1066,,Naturally Aspirated,AMS,Automated Manual- Selectable (e.g. Automated Manual with paddles),6,N,N,F,"2-Wheel Drive, Front",15.0,G,Gasoline (Regular Unleaded Recommended),MPG,miles per gallon,T,Truck,,,105.0,23.0,950,950,SIDI; Hybrid; ,2,2,30,Small SUV 2WD,,Vehicle Specific 5-cycle label,2025-06-17,36788,N,N,N,N,,N,,Y,"Fixed3, CVVT is an oil pressure device that improve fuel efficiency and reduce toxic exhaust gas by allowing the  timing (some or all) of the intake or exhaust valves (or both ) to be changed  while the engine is in operation.",N,,Battery(s),1.0,Lithium Ion,240.0,5.5,38.8,On-Board,Electrical Regen Brake,Front Wheels,N,,1.0,Other,PMSM,32,GDI,Spark Ignition Direct Injection,N,N,N,SAE 0W-16 API SN PLUS,Y,Yes,,,8,8,TKMXV01.6213,6,3750.0,,168,165,167,,,
2026,Kia,KIA,Sorento FWD,KMX,39,2.5,4,Auto(S8),23,31,26,30.1,44.4,35.2019,23.4563,30.9153,26.3132,,Naturally Aspirated,SA,Semi-Automatic,8,Y,N,F,"2-Wheel Drive, Front",15.0,G,Gasoline (Regular Unleaded Recommended),MPG,miles per gallon,T,Truck,,,,,1900,1900,SIDI & PFI; ,2,2,30,Small SUV 2WD,,Derived 5-cycle label,2025-07-18,37011,N,N,N,N,,N,,Y,Fixed3,N,,,,,,,,,,,,,,,,,GDPI,Spark Ignition direct & ported injection,,,N,SAE 0W20,Y,Yes,,,5,5,TKMXT02.5JR3,6,,1000.0,380,289,339,,,
2026,Kia,KIA,Sorento FWD,KMX,41,2.5,4,Auto(AM-S8),20,29,23,25.5,40.9,30.7021,20.1673,28.7015,23.2827,TC,Turbocharged,AMS,Automated Manual- Selectable (e.g. Automated Manual with paddles),8,N,N,F,"2-Wheel Drive, Front",15.0,G,Gasoline (Regular Unleaded Recommended),MPG,miles per gallon,T,Truck,,,,,2150,2150,SIDI & PFI; ,2,2,30,Small SUV 2WD,,Derived 5-cycle label,2025-07-18,37014,N,N,N,N,,N,,Y,Fixed3,N,,,,,,,,,,,,,,,,,GDPI,Spark Ignition direct & ported injection,,,N,SAE 0W30,Y,Yes,,,5,5,TKMXT02.5JP3,6,,2250.0,441,311,382,,,
2026,Kia,KIA,Sorento Hybrid FWD,KMX,24,1.6,4,Auto(AM-S6),37,36,37,50.6,47.6,49.2045,37.3984,36.1097,36.8073,TC,Turbocharged,AMS,Automated Manual- Selectable (e.g. Automated Manual with paddles),6,N,N,F,"2-Wheel Drive, Front",15.0,G,Gasoline (Regular Unleaded Recommended),MPG,miles per gallon,T,Truck,,,,,1350,1350,SIDI; Hybrid; ,2,2,30,Small SUV 2WD,,Vehicle Specific 5-cycle label,2025-07-17,37143,N,N,N,N,,N,,Y,Fixed 3 (Continous Variable Valve Timing),N,,Battery(s),1.0,Lithium Ion,270.0,5.5,37.1,On-Board,Electrical Regen Brake,Front Wheels,Y,,1.0,Other,PMSM,48,GDI,Spark Ignition Direct Injection,N,N,N,0W-20,Y,Yes,,,7,7,TKMXV01.6J13,6,1750.0,,236,245,240,,,
2026,Kia,KIA,Sportage FWD,KMX,2,2.5,4,Auto(S8),25,33,28,32.2178,47.9882,37.8092,24.9382,33.1495,28.0668,,Naturally Aspirated,SA,Semi-Automatic,8,Y,N,F,"2-Wheel Drive, Front",15.0,G,Gasoline (Regular Unleaded Recommended),MPG,miles per gallon,T,Truck,,,,,1750,1750,SIDI & PFI; ,2,2,30,Small SUV 2WD,,Derived 5-cycle label,2025-03-15,36327,N,N,N,N,,N,,Y,E-CVVT is an electric device that improve fuel efficiency and reduce toxic exhaust gas by allowing the timing of the intake valves to be changed while the engine is on opration.,N,,,,,,,,,,,,,,,,,GDPI,Spark Ignition direct & ported injection,,,N,SAE 0W-20,Y,Yes,,,5,5,TKMXT02.5PR3,6,,250.0,357,269,317,,,
2026,Kia,KIA,Sportage Hybrid FWD,KMX,4,1.6,4,Auto(AM-S6),41,44,42,54.7,56.8,55.6255,41.114,44.2104,42.452,TC,Turbocharged,AMS,Automated Manual- Selectable (e.g. Automated Manual with paddles),6,N,N,F,"2-Wheel Drive, Front",15.0,G,Gasoline (Regular Unleaded Recommended),MPG,miles per gallon,T,Truck,,,,,1200,1200,SIDI; Hybrid; ,2,2,30,Small SUV 2WD,,Vehicle Specific 5-cycle label,2025-05-15,36661,N,N,N,N,,N,,Y,Fixed 3,N,,Battery(s),1.0,Lithium Ion,270.0,5.5,37.5,On-Board,Electrical Regen Brake,Front Wheels,Y,,1.0,Other,PMSM,48,GDI,Spark Ignition Direct Injection,N,N,N,SAE 0W-20 API SN PLUS,Y,Yes,,,7,7,TKMXT01.6P13,6,2500.0,,216,202,209,,,
2026,Toyota,LEXUS,NX 350h,TYX,4,2.5,4,Auto(AV-S6),42,38,40,58.0611,52.3722,55.3553,42.4893,38.0,40.0,,Naturally Aspirated,SCV,Selectable Continuously Variable (e.g. CVT with paddles),6,N,N,F,"2-Wheel Drive, Front",15.0,GP,Gasoline (Premium Unleaded Recommended),MPG,miles per gallon,T,Truck,,,,,1550,1550,SIDI & PFI; Hybrid; ,2,2,30,Small SUV 2WD,,Vehicle Specific 5-cycle label,2025-08-06,36957,N,N,N,N,Applied to NX 350h and SIENNA.,N,,Y,Intake and exhaust,N,,Battery(s),1.0,Lithium Ion,259.0,4.3,35.0,On-Board,Electrical Regen Brake,Both,N,"""40kWatt"" of Rated Motor/Generator Power is only for AWD.",2.0,Other,AC Synchronous,40,GDPI,Spark Ignition direct & ported injection,N,N,N,"0W-16,0W-8",Y,Yes,HYBRID,,7,7,TTYXJ02.5H3A,6,750.0,,207,233,220,,,
2026,Toyota,LEXUS,RX 350,TYX,79,2.4,4,Auto(S8),22,29,25,28.2979,41.4121,33.0006,22.1794,29.0276,24.8137,TC,Turbocharged,SA,Semi-Automatic,8,Y,N,F,"2-Wheel Drive, Front",15.0,GPR,Gasoline (Premium Unleaded Required),MPG,miles per gallon,T,Truck,,,,,2500,2500,SIDI & PFI; ,2,2,30,Small SUV 2WD,,Derived 5-cycle label,2025-09-17,37028,Y,N,N,N,"APPLIED TO NX 350, RX 350, TX 350",N,,Y,Intake and exhaust,N,,,,,,,,,,,,,,,,,GDPI,Spark Ignition direct & ported injection,,,N,0W-20,Y,Yes,,,5,5,TTYXJ02.4H3B,6,,4000.0,396,303,354,,,
2026,Ford Motor Company,Lincoln,CORSAIR FWD,FMX,56,2.0,4,Auto(S8),22,30,25,27.9,42.8,33.0827,21.8954,29.9076,24.8968,TC,Turbocharged,SA,Semi-Automatic,8,Y,N,F,"2-Wheel Drive, Front",85.0,G,Gasoline (Regular Unleaded Recommended),MPG,miles per gallon,T,Truck,,,,,2000,2000,SIDI & PFI; ,2,2,30,Small SUV 2WD,,Derived 5-cycle label,2025-09-08,37399,N,N,N,N,"26MY 2.0L GTPFDI Corsair FWD, Corsair AWD, Escape AWD, Rated HP and Peak Torque values based on 98 RON testing.",N,,Y,"Intake/Exhaust, Hydraulic Actuated VCT",N,,,,,,,,,,,,,,,,,GDPI,Spark Ignition direct & ported injection,,,N,SAE 5W-30 / ILSAC GF-7,Y,Yes,,33.3,5,5,TFMXT02.02Y3,5,,1500.0,406,298,358,,,
2026,Mercedes-Benz,Mercedes-Benz,GLC 300,MBX,111,2.0,4,Auto(A9),24,32,27,31.1,46.7,36.6021,24.1585,32.3515,27.2658,TC,Turbocharged,A,Automatic,9,Y,N,R,"2-Wheel Drive, Rear",10.0,GPR,Gasoline (Premium Unleaded Required),MPG,miles per gallon,T,Truck,,,,,2300,2300,SIDI; Mild Hybrid; ,2,2,30,Small SUV 2WD,,Derived 5-cycle label,2025-07-25,37122,N,,N,N,"GLC 300, GLC 300 4MATIC, GLC 300 4MATIC (coupe) - ICE: 255 HP / E: 23 HP",N,,Y,Allows timing of the intake/exhaust valves to be changed while the engineis in operation,N,,Battery(s),1.0,Lithium Ion,48.0,17.5,62.2,On-Board,Electrical Regen Brake,Both,N,ISG2 Engine 48V technology (BB300),1.0,Other,permanent magnet synchronous,17,GDI,Spark Ignition Direct Injection,N,N,N,5W30,Y,Yes,GLC 300,36.9,5,5,TMBXJ02.0HY1,6,,3000.0,365,273,323,,,
2026,Nissan,NISSAN,KICKS,NSX,391,2.0,4,Auto(AV),28,35,31,39.3396,52.1903,44.2417,28.0,35.0,31.0,,Naturally Aspirated,CVT,Continuously Variable,1,Y,N,F,"2-Wheel Drive, Front",10.0,G,Gasoline (Regular Unleaded Recommended),MPG,miles per gallon,T,Truck,,,,,1600,1600,SIDI; ,2,2,30,Small SUV 2WD,,Derived 5-cycle label,2025-09-05,37253,N,,N,N,Fof KICKS,N,,Y,"INT;ECM and VTC controller controlled, Electric driven EXH;ECM controlled, Oil pressure driven",N,,,,,,,,,,,,,,,,,GDI,Spark Ignition Direct Injection,,,N,SAE 0W-20,Y,Yes,,,6,6,TNSXJ02.0JMF,7,500.0,,318,255,287,,,
2026,Nissan,NISSAN,ROGUE FWD,NSX,195,1.5,3,Auto(AV-S8),29,36,32,38.841,51.9064,43.8024,29.4473,35.5491,31.9122,TC,Turbocharged,SCV,Selectable Continuously Variable (e.g. CVT with paddles),8,Y,N,F,"2-Wheel Drive, Front",15.0,G,Gasoline (Regular Unleaded Recommended),MPG,miles per gallon,T,Truck,,,,,1550,1550,SIDI; ,2,2,30,Small SUV 2WD,,Derived 5-cycle label,2025-07-29,36998,N,,N,N,,N,,Y,"EXH; ECM controlled, Oil pressure driven INT; ECM controlled, Motor driven",N,,,,,,,,,,,,,,,,,GDI,Spark Ignition Direct Injection,,,N,SAE 0W-20,Y,Yes,,,6,6,TNSXT01.5E3J,5,750.0,,303,251,279,,,
2026,Toyota,TOYOTA,COROLLA CROSS,TYX,6,2.0,4,Auto(AV-S10),31,33,32,41.3,53.6,46.056,31.0746,32.6031,31.7443,,Naturally Aspirated,SCV,Selectable Continuously Variable (e.g. CVT with paddles),10,Y,N,F,"2-Wheel Drive, Front",15.0,G,Gasoline (Regular Unleaded Recommended),MPG,miles per gallon,T,Truck,,,,,1550,1550,SIDI & PFI; ,2,2,30,Small SUV 2WD,,Derived Vehicle Specific 5-cycle Calculation Approach for city label but Modified 5-cycle Calculation Approach for Highway label,2025-08-05,37499,N,N,N,N,,N,,Y,Intake and exhaust,N,,,,,,,,,,,,,,,,,GDPI,Spark Ignition direct & ported injection,,,N,0W-8,Y,Yes,,,6,6,TTYXT02.0E4A,5,750.0,,283,267,276,,,
2026,Volkswagen Group of,Volkswagen,Atlas,VGA,7,2.0,4,Auto(S8),20,27,23,25.7007,38.1645,30.1284,20.3129,26.9469,22.8436,TC,Turbocharged,SA,Semi-Automatic,8,Y,N,F,"2-Wheel Drive, Front",15.0,G,Gasoline (Regular Unleaded Recommended),MPG,miles per gallon,T,Truck,,,,,2150,2150,SIDI; ,2,2,30,Small SUV 2WD,,Derived 5-cycle label,2025-07-07,36995,Y,N,N,N,DRKB var: 0,N,,Y,Electronic / Hydraulic,Y,Audi Valve Lift System,,,,,,,,,,,,,,,,GDI,Spark Ignition Direct Injection,,,N,0W20 VW50800,Y,Yes,,,5,5,TVGAT02.0V7A,4,,2250.0,438,331,390,,,
2026,Volkswagen Group of,Volkswagen,Atlas Cross Sport,VGA,8,2.0,4,Auto(S8),20,27,23,25.7007,38.1645,30.1284,20.3129,26.9469,22.8436,TC,Turbocharged,SA,Semi-Automatic,8,Y,N,F,"2-Wheel Drive, Front",15.0,G,Gasoline (Regular Unleaded Recommended),MPG,miles per gallon,T,Truck,,,,,2150,2150,"SIDI; Under EPA regulations, the manufacturer revised the fuel economy label values on . Previous values were XX MPG city, XX MPG highway, and XX MPG combined; ",2,2,30,Small SUV 2WD,,Derived 5-cycle label,2025-07-07,36994,Y,Y,N,N,DRKB var: 0,N,,Y,Electronic / Hydraulic,Y,Audi Valve Lift System,,,,,,,,,,,,,,,,GDI,Spark Ignition Direct Injection,,,N,0W20 VW50800,Y,Yes,,,5,5,TVGAT02.0V7A,4,,2250.0,438,331,390,,,
2026,Volkswagen Group of,Volkswagen,Taos,VGA,29,1.5,4,Auto(S8),28,36,31,37.4,54.0,43.4043,28.4821,36.0,31.0,TC,Turbocharged,SA,Semi-Automatic,8,Y,N,F,"2-Wheel Drive, Front",15.0,G,Gasoline (Regular Unleaded Recommended),MPG,miles per gallon,T,Truck,,,100.0,28.0,1600,1600,SIDI; ,2,2,30,Small SUV 2WD,,Derived 5-cycle label,2025-06-27,36822,N,N,N,N,Applies to DYBA var: 0,N,,Y,-,N,,,,,,,,,,,,,,,,,GDI,Spark Ignition Direct Injection,,,N,0W20 VW50800,Y,Yes,,43.7,6,6,TVGAJ01.5V2L,7,500.0,,312,247,287,,,
2026,Volkswagen Group of,Volkswagen,Tiguan,VGA,32,2.0,4,Auto(S8),25,32,28,32.3,46.3,37.3872,24.9954,32.1028,27.7612,TC,Turbocharged,SA,Semi-Automatic,8,Y,N,F,"2-Wheel Drive, Front",15.0,G,Gasoline (Regular Unleaded Recommended),MPG,miles per gallon,T,Truck,,,,,1750,1750,SIDI; ,2,2,30,Small SUV 2WD,,Derived 5-cycle label,2025-07-31,37079,Y,N,N,N,DYLA var: 0 for AWD,N,,Y,Hydraulic/Hydraulic,N,,,,,,,,,,,,,,,,,GDI,Spark Ignition Direct Injection,,,N,0W20 VW50800,Y,Yes,,,5,5,TVGAJ02.0V3G,6,,250.0,355,277,320,,,
2026,Volkswagen Group of,Volkswagen,Tiguan S,VGA,33,2.0,4,Auto(S8),26,34,29,33.4,49.7,39.1828,25.7569,34.2029,28.9769,TC,Turbocharged,SA,Semi-Automatic,8,Y,N,F,"2-Wheel Drive, Front",15.0,G,Gasoline (Regular Unleaded Recommended),MPG,miles per gallon,T,Truck,,,,,1700,1700,SIDI; ,2,2,30,Small SUV 2WD,,Derived 5-cycle label,2025-07-31,37080,Y,N,N,N,DYLA var: 0 for AWD,N,,Y,Hydraulic/Hydraulic,N,,,,,,,,,,,,,,,,,GDI,Spark Ignition Direct Injection,,,N,0W20 VW50800,Y,Yes,,,6,6,TVGAJ02.0V3G,6,0.0,,345,260,307,,,
2026,Volvo,"Volvo Cars of North America, LLC",XC40 B4,VVX,280,2.0,4,Auto(S8),25,32,27,31.6,45.6,36.6656,24.508,31.6665,27.2835,TC,Turbocharged,SA,Semi-Automatic,8,Y,N,F,"2-Wheel Drive, Front",10.0,GPR,Gasoline (Premium Unleaded Required),MPG,miles per gallon,T,Truck,,,,,2300,2300,SIDI; Mild Hybrid; ,2,2,30,Small SUV 2WD,,Derived 5-cycle label,2025-05-23,36383,,N,N,N,"XC40 B5 AWD, S90 B5, V60CC B5 AWD",N,,Y,Timing on both intake and exhaust side.,N,,Battery(s),1.0,Lithium Ion,44.0,8.4,56.0,On-Board,Electrical Regen Brake,Both,N,,1.0,"DC Permanent Magnet, brushless",,10,GDI,Spark Ignition Direct Injection,N,N,N,0W-20 C6 (API SP),Y,Yes,Blank,36.7,5,5,TVVXJ02.0U70,4,,3000.0,362,281,326,,,
2026,Honda,Acura,MDX AWD,HNX,501,3.5,6,Auto(S10),19,25,21,23.4,36.0,27.7745,18.6331,25.0,21.2158,,Naturally Aspirated,SA,Semi-Automatic,10,Y,N,A,All Wheel Drive,10.0,GP,Gasoline (Premium Unleaded Recommended),MPG,miles per gallon,T,Truck,,,,,2950,2950,SIDI; ,2,2,31,Small SUV 4WD,,Derived 5-cycle label,2025-05-21,36597,N,N,N,N,,Y,Variable Cylinder Management (VCM) is applied.,Y,Variable valve Timing and lift Electronic Control (VTEC) system is applied.,Y,Variable valve Timing and lift Electronic Control (VTEC) system is applied.,,,,,,,,,,,,,,,,GDI,Spark Ignition Direct Injection,N,N,N,0W-20,Y,Yes,,,4,4,THNXT03.5CCC,4,,6250.0,477,357,423,,,
2026,Honda,Acura,RDX AWD,HNX,481,2.0,4,Auto(S10),21,27,23,27.2,39.0,31.4871,21.3942,27.4851,23.0,TC,Turbocharged,SA,Semi-Automatic,10,Y,N,A,All Wheel Drive,10.0,GP,Gasoline (Premium Unleaded Recommended),MPG,miles per gallon,T,Truck,,,,,2700,2700,SIDI; ,2,2,31,Small SUV 4WD,,Derived 5-cycle label,2025-09-23,37048,N,N,N,N,,N,,Y,Variable valve Timing (VTC) and lift Electronic Control (VTEC) system is applied.,Y,Variable valve Timing (VTC) and lift Electronic Control (VTEC) system is applied.,,,,,,,,,,,,,,,,GDI,Spark Ignition Direct Injection,N,N,N,0W-20,Y,Yes,,,5,5,THNXT02.0V7S,5,,5000.0,415,322,385,,,
2026,Honda,Acura,RDX AWD A-SPEC,HNX,483,2.0,4,Auto(S10),21,26,23,26.6,38.5,30.8976,20.9627,25.9065,22.932,TC,Turbocharged,SA,Semi-Automatic,10,Y,N,A,All Wheel Drive,10.0,GP,Gasoline (Premium Unleaded Recommended),MPG,miles per gallon,T,Truck,,,,,2700,2700,SIDI; ,2,2,31,Small SUV 4WD,,Derived Vehicle Specific 5-cycle Calculation Approach for city label but Modified 5-cycle Calculation Approach for Highway label,2025-09-23,37049,N,N,N,N,,N,,Y,Variable valve Timing (VTC) and lift Electronic Control (VTEC) system is applied.,Y,Variable valve Timing (VTC) and lift Electronic Control (VTEC) system is applied.,,,,,,,,,,,,,,,,GDI,Spark Ignition Direct Injection,N,N,N,0W-20,Y,Yes,,,5,5,THNXT02.0W7S,5,,5000.0,423,342,386,,,
2026,BMW,BMW,X1 M35i,BMX,152,2.0,4,Auto(AM-S7),24,32,27,30.3762,45.8486,35.8151,23.6507,31.8216,26.7405,TC,Turbocharged,AMS,Automated Manual- Selectable (e.g. Automated Manual with paddles),7,N,N,A,All Wheel Drive,10.0,GP,Gasoline (Premium Unleaded Recommended),MPG,miles per gallon,T,Truck,,,,,2300,2300,SIDI & PFI; ,2,2,31,Small SUV 4WD,,Derived 5-cycle label,2025-08-01,37110,Y,N,N,N,,N,,Y,Variable Valve Timing at inlet and outlet valves,Y,Variable Valve Lift at inlet valves,,,,,,,,,,,,,,,,GDPI,Spark Ignition direct & ported injection,,,N,0W-20,Y,Yes,,,5,5,TBMXJ02.0T4P,5,,3000.0,370,275,327,,,
2026,BMW,BMW,X1 xDrive28i,BMX,150,2.0,4,Auto(AM-S7),25,34,28,32.0451,49.1926,38.0069,24.8181,33.8915,28.2176,TC,Turbocharged,AMS,Automated Manual- Selectable (e.g. Automated Manual with paddles),7,N,N,A,All Wheel Drive,10.0,GP,Gasoline (Premium Unleaded Recommended),MPG,miles per gallon,T,Truck,,,,,2200,2200,SIDI & PFI; ,2,2,31,Small SUV 4WD,,Derived 5-cycle label,2025-08-01,37086,Y,N,N,N,,N,,Y,Variable Valve Timing at inlet and outlet valves,Y,Variable Valve Lift at inlet valves,,,,,,,,,,,,,,,,GDPI,Spark Ignition direct & ported injection,N,N,N,0W-20,Y,Yes,,,5,5,TBMXJ02.0M4P,7,,2500.0,352,259,311,,,
2026,BMW,BMW,X2 M35i,BMX,252,2.0,4,Auto(AM-S7),23,31,26,29.1165,44.8694,34.5796,22.7612,31.2096,25.9185,TC,Turbocharged,AMS,Automated Manual- Selectable (e.g. Automated Manual with paddles),7,N,N,A,All Wheel Drive,10.0,GP,Gasoline (Premium Unleaded Recommended),MPG,miles per gallon,T,Truck,,,,,2400,2400,SIDI & PFI; ,2,2,31,Small SUV 4WD,,Derived 5-cycle label,2025-08-01,37114,Y,N,N,N,,N,,Y,Variable Valve Timing at inlet and outlet valves,Y,Variable Valve Lift at inlet valves,,,,,,,,,,,,,,,,GDPI,Spark Ignition direct & ported injection,,,N,0W-20,Y,Yes,,,5,5,TBMXJ02.0T4P,5,,3500.0,385,281,338,,,
2026,BMW,BMW,X2 xDrive28i,BMX,250,2.0,4,Auto(AM-S7),24,34,28,31.3887,49.2265,37.5043,24.3604,33.9123,27.8963,TC,Turbocharged,AMS,Automated Manual- Selectable (e.g. Automated Manual with paddles),7,N,N,A,All Wheel Drive,10.0,GP,Gasoline (Premium Unleaded Recommended),MPG,miles per gallon,T,Truck,,,,,2200,2200,SIDI & PFI; ,2,2,31,Small SUV 4WD,,Derived 5-cycle label,2025-08-01,37098,Y,N,N,N,,N,,Y,Variable Valve Timing at inlet and outlet valves,Y,Variable Valve Lift at inlet valves,,,,,,,,,,,,,,,,GDPI,Spark Ignition direct & ported injection,N,N,N,0W-20,Y,Yes,,,5,5,TBMXJ02.0M4P,7,,2500.0,359,259,314,,,
2026,BMW,BMW,X3 M50,BMX,372,3.0,6,Auto(S8),25,30,27,32.6884,43.5696,36.8272,25.2649,30.3932,27.3409,TC,Turbocharged,SA,Semi-Automatic,8,Y,N,A,All Wheel Drive,10.0,GP,Gasoline (Premium Unleaded Recommended),MPG,miles per gallon,T,Truck,,,,,2300,2300,SIDI & PFI; Mild Hybrid; ,2,2,31,Small SUV 4WD,,Derived 5-cycle label,2025-08-01,36778,N,N,N,N,,N,,Y,Variable Valve Timing at inlet and outlet valves,Y,Variable Valve Lift at inlet valves and two settings at outlet valves,Battery(s),1.0,Lithium Ion,44.0,10.0,38.0,On-Board,Electrical Regen Brake,Both,N,"M440i Convertible, M440i Coupe, M440i xDrive Convertible, M440i xDrive Coupe, M340i Sedan, M340i xDrive Sedan, M440i Gran Coupe and M440i xDrive Gran Coupe: Battery Energy Capacity 10.0 Ah, Total Voltage of Battery Pack(s) 44 V, Battery Specific Energy 38.0 Wh/kg, Motor/Generator Type: PMSM 9 kW; 540i xDrive Sedan: Battery Energy Capacity 20.0 Ah, Total Voltage of Battery Pack(s) 46.2 V, Battery Specific Energy 47.0 Wh/kg, Motor/Generator Type: PMSM 13 kW; X3 M50: Battery Energy Capacity 19.2 Ah, Total Voltage of Battery Pack(s) 43.9 V, Battery Specific Energy 65.0 Wh/kg, Motor/Generator Type: PMSM 13 kW Starter Generator Engine with 48V Technology; Motor/Generator Type: permanent magnet synchronous machine (PMSM)",1.0,Other,PMSM,9,GDPI,Spark Ignition direct & ported injection,N,N,N,0W-12,Y,Yes,,,5,5,TBMXJ03.0B5P,6,,3000.0,346,288,320,,,
2026,BMW,BMW,X3 xDrive30,BMX,370,2.0,4,Auto(S8),27,33,29,34.8031,47.7062,39.626,26.7207,32.9752,29.2142,TC,Turbocharged,SA,Semi-Automatic,8,Y,N,A,All Wheel Drive,10.0,GP,Gasoline (Premium Unleaded Recommended),MPG,miles per gallon,T,Truck,,,,,2150,2150,SIDI & PFI; Mild Hybrid; ,2,2,31,Small SUV 4WD,,Derived 5-cycle label,2025-08-01,36684,N,N,N,N,,N,,Y,Variable Valve Timing at inlet and outlet valves,Y,Variable Valve Lift at inlet valves and two settings at outlet valves,Battery(s),1.0,Lithium Ion,44.0,10.0,40.0,On-Board,Electrical Regen Brake,Both,N,"330i Sedan, 330i xDrive Sedan, 430i Convertible, 430i Coupe, 430i xDrive Convertible 430i xDrive Coupe, 430i Gran Coupe and 430i xDrive Gran Coupe: Battery Energy Capacity 10.0 Ah, Total Voltage of Battery Pack(s) 44 V, Battery Specific Energy 40.0 Wh/kg, Motor/Generator Type: EESM 8 kW Starter Generator Engine with 48V Technology; Motor/Generator Type: externally excited synchronuous machine (EESM); X3 xDrive30i: Battery Energy Capacity 19.2 Ah, Total Voltage of Battery Pack(s) 43.9 V, Battery Specific Energy 65.0 Wh/kg, Motor/Generator Type: EESM 8 kW Starter Generator Engine with 48V Technology; Motor/Generator Type: externally excited synchronuous machine (EESM)",1.0,Other,EESM,8,GDPI,Spark Ignition direct & ported injection,N,N,N,0W-12,Y,Yes,,,6,6,TBMXJ02.0B4P,7,,2250.0,327,265,299,,,
2026,General Motors,Buick,ENCORE GX AWD,GMX,905,1.3,3,Auto(A9),26,28,27,33.3266,43.193,37.1448,25.7063,28.0,27.0,TC,Turbocharged,A,Automatic,9,Y,N,A,All Wheel Drive,10.0,G,Gasoline (Regular Unleaded Recommended),MPG,miles per gallon,T,Truck,,,94.0,24.0,1850,1850,SIDI; ,2,2,31,Small SUV 4WD,,Derived 5-cycle label,2025-04-12,36385,N,N,N,N,,N,,Y,Cam phaser,N,,,,,,,,,,,,,,,,,GDI,Spark Ignition Direct Injection,,,N,5W30,Y,Yes,,,5,5,TGMXV01.3550,6,,750.0,347,309,327,,,
2026,General Motors,Buick,ENVISION AWD,GMX,850,2.0,4,Auto(S9),22,28,25,28.5818,41.9467,33.3657,22.3815,28.0935,24.6355,TC,Turbocharged,SA,Semi-Automatic,9,Y,N,A,All Wheel Drive,10.0,G,Gasoline (Regular Unleaded Recommended),MPG,miles per gallon,T,Truck,,,,,2000,2000,SIDI; ,2,2,31,Small SUV 4WD,,Derived Vehicle Specific 5-cycle Calculation Approach for city label but Modified 5-cycle Calculation Approach for Highway label,2025-08-04,37042,N,N,N,N,,Y,Active Fuel Management,Y,Cam Phaser,Y,"High,Low,Zero(Cylinder Deactivation)",,,,,,,,,,,,,,,,GDI,Spark Ignition Direct Injection,,,N,0W20,Y,Yes,,,5,5,TGMXT02.0400,6,,1500.0,397,317,361,,,
2026,General Motors,Chevrolet,EQUINOX AWD,GMX,900,1.5,4,Auto(A8),25,29,26,32.1,43.9,36.517,24.8563,29.2351,26.0,TC,Turbocharged,A,Automatic,8,Y,N,A,All Wheel Drive,10.0,G,Gasoline (Regular Unleaded Recommended),MPG,miles per gallon,T,Truck,,,104.0,30.0,1900,1900,SIDI; ,2,2,31,Small SUV 4WD,,Derived Vehicle Specific 5-cycle Calculation Approach for city label but Modified 5-cycle Calculation Approach for Highway label,2025-04-15,36436,N,N,N,N,,N,,Y,Multiple Positions,N,,,,,,,,,,,,,,,,,GDI,Spark Ignition Direct Injection,,,N,0W20,Y,Yes,,,5,5,TGMXT01.5080,6,,1000.0,358,305,342,,,
2026,General Motors,Chevrolet,TRAILBLAZER AWD,GMX,915,1.3,3,Auto(A9),26,29,27,34.5,45.8,38.8088,26.0,29.0,27.0,TC,Turbocharged,A,Automatic,9,Y,N,A,All Wheel Drive,10.0,G,Gasoline (Regular Unleaded Recommended),MPG,miles per gallon,T,Truck,,,,,1850,1850,SIDI; ,2,2,31,Small SUV 4WD,,Derived 5-cycle label,2025-04-15,36424,N,N,N,N,,N,,Y,Cam phaser,N,,,,,,,,,,,,,,,,,GDI,Spark Ignition Direct Injection,,,N,5W30,Y,Yes,,,5,5,TGMXV01.3550,6,,750.0,342,306,329,,,
2026,Ford Motor Company,Ford,ESCAPE AWD,FMX,48,2.0,4,Auto(A8),23,31,26,29.5,46.8,35.3864,23.0328,31.0,26.4816,TC,Turbocharged,A,Automatic,8,Y,N,A,All Wheel Drive,85.0,G,Gasoline (Regular Unleaded Recommended),MPG,miles per gallon,T,Truck,,,,,1900,1900,SIDI & PFI; ,2,2,31,Small SUV 4WD,,Derived 5-cycle label,2025-09-08,37397,N,N,N,N,"26MY 2.0L GTPFDI Corsair FWD, Corsair AWD, Escape AWD, Rated HP and Peak Torque values based on 98 RON testing.",N,,Y,"Intake/Exhaust, Hydraulic Actuated VCT",N,,,,,,,,,,,,,,,,,GDPI,Spark Ignition direct & ported injection,,,N,SAE 5W-30 / ILSAC GF-7,Y,Yes,,,5,5,TFMXT02.02Y3,5,,1000.0,386,287,342,,,
2026,Ford Motor Company,Ford,ESCAPE AWD,FMX,49,1.5,3,Auto(A8),26,32,28,33.1997,48.6998,38.7496,25.6186,32.0,28.0,TC,Turbocharged,A,Automatic,8,Y,N,A,All Wheel Drive,10.0,G,Gasoline (Regular Unleaded Recommended),MPG,miles per gallon,T,Truck,,,,,1750,1750,SIDI & PFI; ,2,2,31,Small SUV 4WD,,Derived 5-cycle label,2025-09-08,37758,N,N,N,N,,N,,Y,"Intake/Exhaust, Hydraulic Actuated VCT",N,,,,,,,,,,,,,,,,,GDPI,Spark Ignition direct & ported injection,,,N,0W-20 / ILSAC GF-7,Y,Yes,,,5,5,TFMXT01.52X1,6,,250.0,347,278,317,,,
2026,Ford Motor Company,Ford,ESCAPE AWD HEV,FMX,52,2.5,4,Auto(AV),42,36,39,59.2,52.6,56.036,42.2167,35.9696,39.1565,,Naturally Aspirated,CVT,Continuously Variable,1,N,N,P,Part-time 4-Wheel Drive,85.0,G,Gasoline (Regular Unleaded Recommended),MPG,miles per gallon,T,Truck,,,,,1250,1250,Hybrid; ,2,2,31,Small SUV 4WD,,Derived 5-cycle label,2025-09-08,37439,N,N,N,N,FHEV Escape,N,,Y,Hydraulic actuated Variable Cam Timing,N,,Battery(s),1.0,Lithium Ion,216.0,5.0,38.5,On-Board,Electrical Regen Brake,Front Wheels,N,,1.0,"DC Permanent Magnet, brushless",,32,MFI,Multipoint/sequential fuel injection,N,N,N,SAE 0W-20 / ILSAC GF-7,Y,Yes,,,7,7,TFMXT02.52F1,7,2250.0,,208,246,225,,,
2026,Hyundai,GENESIS,GV70 AWD,HYX,17,3.5,6,Auto(S8),18,25,21,22.4199,35.2398,26.8086,17.9098,25.0469,20.5442,TC,Turbocharged,SA,Semi-Automatic,8,Y,N,A,All Wheel Drive,15.0,GP,Gasoline (Premium Unleaded Recommended),MPG,miles per gallon,T,Truck,,,104.0,29.0,2950,2950,SIDI & PFI; ,2,2,31,Small SUV 4WD,,Derived 5-cycle label,2025-02-28,36318,N,N,N,N,,N,,Y,Fixed3,N,,,,,,,,,,,,,,,,,GDPI,Spark Ignition direct & ported injection,,,N,SAE 0W30,Y,Yes,,,4,4,THYXV03.5UT5,5,,6250.0,497,355,433,,,
2026,Hyundai,GENESIS,GV70 AWD w/ 4-mode transmission,HYX,16,2.5,4,Auto(S8),20,28,23,24.9,39.2,29.7903,19.7311,27.6137,22.6393,TC,Turbocharged,SA,Semi-Automatic,8,Y,N,A,All Wheel Drive,15.0,GP,Gasoline (Premium Unleaded Recommended),MPG,miles per gallon,T,Truck,,,104.0,29.0,2700,2700,SIDI & PFI; ,2,2,31,Small SUV 4WD,,Derived 5-cycle label,2025-02-28,36317,N,N,N,N,,N,,Y,Fixed3,N,,,,,,,,,,,,,,,,,GDPI,Spark Ignition direct & ported injection,,,N,SAE 0W30,Y,Yes,4-mode transmission,,5,5,THYXV02.5UP3,6,,5000.0,451,322,393,,,
2026,Hyundai,GENESIS,GV70 AWD w/ 5-mode transmission (Sport+),HYX,15,2.5,4,Auto(S8),20,26,22,24.8,37.1,29.1487,19.6583,26.2583,22.1653,TC,Turbocharged,SA,Semi-Automatic,8,Y,N,A,All Wheel Drive,15.0,GP,Gasoline (Premium Unleaded Recommended),MPG,miles per gallon,T,Truck,,,104.0,29.0,2850,2850,SIDI & PFI; ,2,2,31,Small SUV 4WD,,Derived 5-cycle label,2025-02-28,36316,N,N,N,N,,N,,Y,Fixed3,N,,,,,,,,,,,,,,,,,GDPI,Spark Ignition direct & ported injection,,,N,SAE 0W30,Y,Yes,5-mode transmission(Sport+),,4,4,THYXV02.5UP3,6,,5750.0,453,339,402,,,
2026,General Motors,GMC,TERRAIN AWD,GMX,901,1.5,4,Auto(A8),24,28,25,32.1,43.9,36.517,24.0,28.0,25.0,TC,Turbocharged,A,Automatic,8,Y,N,A,All Wheel Drive,10.0,G,Gasoline (Regular Unleaded Recommended),MPG,miles per gallon,T,Truck,,,104.0,30.0,2000,2000,SIDI; ,2,2,31,Small SUV 4WD,,Derived Vehicle Specific 5-cycle Calculation Approach for city label but Modified 5-cycle Calculation Approach for Highway label,2025-03-31,36207,N,N,N,N,,N,,Y,Multiple Positions,N,,,,,,,,,,,,,,,,,GDI,Spark Ignition Direct Injection,,,N,0W20,Y,Yes,,,5,5,TGMXT01.5080,6,,1500.0,370,319,356,,,
2026,General Motors,GMC,TERRAIN AWD Denali / AT4,GMX,902,1.5,4,Auto(A8),24,26,25,30.4,40.2218,34.1529,23.6674,26.4696,24.8513,TC,Turbocharged,A,Automatic,8,Y,N,A,All Wheel Drive,10.0,G,Gasoline (Regular Unleaded Recommended),MPG,miles per gallon,T,Truck,,,104.0,30.0,2000,2000,SIDI; ,2,2,31,Small SUV 4WD,,Derived Vehicle Specific 5-cycle Calculation Approach for city label but Modified 5-cycle Calculation Approach for Highway label,2025-03-31,36209,N,N,N,N,,N,,Y,Multiple Positions,N,,,,,,,,,,,,,,,,,GDI,Spark Ignition Direct Injection,,,N,0W20,Y,Yes,Denali / AT4,,5,5,TGMXT01.5080,6,,1500.0,376,335,358,,,
2026,Honda,Honda,CR-V AWD,HNX,201,1.5,4,Auto(AV),27,31,29,35.2233,45.8756,39.3332,27.0076,31.0,28.9868,TC,Turbocharged,CVT,Continuously Variable,1,Y,N,A,All Wheel Drive,10.0,G,Gasoline (Regular Unleaded Recommended),MPG,miles per gallon,T,Truck,,,,,1700,1700,SIDI; ,2,2,31,Small SUV 4WD,,Derived 5-cycle label,2025-05-27,36450,N,N,N,N,,N,,Y,Variable valve Timing and lift Electronic Control (VTEC/VTC) system is applied.,Y,Variable valve Timing and lift Electronic Control (VTEC) system is applied.,,,,,,,,,,,,,,,,GDI,Spark Ignition Direct Injection,N,N,N,0W-20,Y,Yes,,,6,6,THNXT01.5NST,6,0.0,,329,286,310,,,
2026,Honda,Honda,CR-V AWD,HNX,211,2.0,4,Auto(AV),40,34,37,56.1,49.5,52.9245,40.3712,34.0802,37.2749,,Naturally Aspirated,CVT,Continuously Variable,1,Y,N,A,All Wheel Drive,10.0,G,Gasoline (Regular Unleaded Recommended),MPG,miles per gallon,T,Truck,,,,,1350,1350,SIDI; Hybrid; ,2,2,31,Small SUV 4WD,,Derived 5-cycle label,2025-05-27,36364,N,N,N,N,,N,,Y,Variable valve Timing Control (VTC) system is applied.,N,,Battery(s),1.0,Lithium Ion,263.0,4.1,77.3,On-Board,Electrical Regen Brake,Front Wheels,N,,1.0,Other,AC PMSM,135,GDI,Spark Ignition Direct Injection,N,N,N,0W-20,Y,Yes,,,7,7,THNXT02.0PHT,7,1750.0,,218,259,237,,,
2026,Honda,Honda,CR-V AWD TrailSport,HNX,213,2.0,4,Auto(AV),38,33,35,51.6,47.2,49.5226,37.6314,32.6618,35.2199,,Naturally Aspirated,CVT,Continuously Variable,1,Y,N,A,All Wheel Drive,10.0,G,Gasoline (Regular Unleaded Recommended),MPG,miles per gallon,T,Truck,,,,,1400,1400,SIDI; Hybrid; ,2,2,31,Small SUV 4WD,,Derived 5-cycle label,2025-05-27,36366,Y,N,N,N,,N,,Y,Variable valve Timing Control (VTC) system is applied.,N,,Battery(s),1.0,Lithium Ion,263.0,4.1,77.3,On-Board,Electrical Regen Brake,Front Wheels,N,,1.0,Other,AC PMSM,135,GDI,Spark Ignition Direct Injection,N,N,N,0W-20,Y,Yes,,,6,6,THNXT02.0PHT,7,1500.0,,236,272,252,,,
2026,Honda,Honda,PASSPORT AWD,HNX,381,3.5,6,Auto(S10),19,25,21,25.4,37.3,29.6578,19.0,25.0,21.0,,Naturally Aspirated,SA,Semi-Automatic,10,Y,N,A,All Wheel Drive,10.0,G,Gasoline (Regular Unleaded Recommended),MPG,miles per gallon,T,Truck,,,,,2350,2350,SIDI; ,2,2,31,Small SUV 4WD,,Derived 5-cycle label,2025-02-11,36369,N,N,N,N,,Y,Variable Cylinder Management (VCM) is applied.,Y,Variable valve Timing Control (VTC) system is applied.,N,,,,,,,,,,,,,,,,,GDI,Spark Ignition Direct Injection,N,N,N,0W-20,Y,Yes,,,4,4,THNXT03.516S,4,,3250.0,469,356,424,,,
2026,Honda,Honda,PASSPORT AWD Trailsport,HNX,383,3.5,6,Auto(S10),18,23,20,23.8,33.5,27.3657,18.0,23.0,20.0,,Naturally Aspirated,SA,Semi-Automatic,10,Y,N,A,All Wheel Drive,10.0,G,Gasoline (Regular Unleaded Recommended),MPG,miles per gallon,T,Truck,,,,,2500,2500,SIDI; ,2,2,31,Small SUV 4WD,,Derived 5-cycle label,2025-02-11,36370,Y,N,N,N,,Y,Variable Cylinder Management (VCM) is applied.,Y,Variable valve Timing Control (VTC) system is applied.,N,,,,,,,,,,,,,,,,,GDI,Spark Ignition Direct Injection,N,N,N,0W-20,Y,Yes,,,4,4,THNXT03.516S,4,,4000.0,496,387,446,,,
2026,Hyundai,HYUNDAI MOTOR COMPANY,Kona AWD,HYX,31,2.0,4,Auto(AV-S1),26,29,27,33.8,48.6495,39.1818,26.0325,29.0675,27.316,,Naturally Aspirated,SCV,Selectable Continuously Variable (e.g. CVT with paddles),1,Y,N,A,All Wheel Drive,15.0,G,Gasoline (Regular Unleaded Recommended),MPG,miles per gallon,T,Truck,,,,,1850,1850,,2,2,31,Small SUV 4WD,,Derived Vehicle Specific 5-cycle Calculation Approach for city label but Modified 5-cycle Calculation Approach for Highway label,2025-06-01,36616,N,N,N,N,,N,,Y,VVT,N,,,,,,,,,,,,,,,,,MFI,Multipoint/sequential fuel injection,,,N,SAE 0W20,N,No,Non stop-start,,5,5,THYXT02.0KE3,6,,750.0,341,300,323,,,
2026,Hyundai,HYUNDAI MOTOR COMPANY,Kona AWD SX2 1.6T 8AT AWD,HYX,29,1.6,4,Auto(S8),25,28,26,31.7921,45.03,36.6391,24.642,28.4305,26.2139,TC,Turbocharged,SA,Semi-Automatic,8,Y,N,A,All Wheel Drive,15.0,G,Gasoline (Regular Unleaded Recommended),MPG,miles per gallon,T,Truck,,,,,1900,1900,SIDI; ,2,2,31,Small SUV 4WD,,Derived Vehicle Specific 5-cycle Calculation Approach for city label but Modified 5-cycle Calculation Approach for Highway label,2025-06-01,36614,N,N,N,N,,N,,Y,VVT,N,,,,,,,,,,,,,,,,,GDI,Spark Ignition Direct Injection,,,N,SAE 0W20,N,No,SX2 1.6T 8AT AWD,,5,5,THYXT01.6KC3,6,,1000.0,362,313,340,,,
2026,Hyundai,HYUNDAI MOTOR COMPANY,Kona AWD w/ STOP-START,HYX,69,2.0,4,Auto(AV-S1),27,29,28,34.8,48.6495,39.9131,26.7185,29.1325,27.7534,,Naturally Aspirated,SCV,Selectable Continuously Variable (e.g. CVT with paddles),1,Y,N,A,All Wheel Drive,15.0,G,Gasoline (Regular Unleaded Recommended),MPG,miles per gallon,T,Truck,,,,,1750,1750,,2,2,31,Small SUV 4WD,,Derived Vehicle Specific 5-cycle Calculation Approach for city label but Modified 5-cycle Calculation Approach for Highway label,2025-06-01,36617,N,N,N,N,,N,,Y,VVT,N,,,,,,,,,,,,,,,,,MFI,Multipoint/sequential fuel injection,,,N,SAE 0W20,Y,Yes,STOP-START,,5,5,THYXT02.0KE3,6,,250.0,332,302,319,,,
2026,Hyundai,HYUNDAI MOTOR COMPANY,Santa Cruz AWD  NX4 OB 2.5 AWD 8AT,HYX,44,2.5,4,Auto(S8),21,29,24,27.3,41.1,32.1591,21.4659,28.829,24.2534,,Naturally Aspirated,SA,Semi-Automatic,8,Y,N,A,All Wheel Drive,15.0,G,Gasoline (Regular Unleaded Recommended),MPG,miles per gallon,T,Truck,,,,,2050,2050,SIDI & PFI; ,2,2,31,Small SUV 4WD,,Derived 5-cycle label,2025-06-15,36702,N,N,N,N,,N,,Y,E-CVVT is an electric device that improve fuel efficiency and reduce toxic exhaust gas by allowing the timing of the intake valves to be changed while the engine is on opration.,N,,,,,,,,,,,,,,,,,GDPI,Spark Ignition direct & ported injection,,,N,SAE 0W20,N,No,NX4 OB 2.5 AWD 8AT,,5,5,THYXT02.5VR3,6,,1750.0,415,309,367,,,
2026,Hyundai,HYUNDAI MOTOR COMPANY,Santa Cruz AWD NX4 OB 2.5T AWD 8AT,HYX,46,2.5,4,Auto(S8),18,25,20,22.3,38.4,27.4858,17.821,24.9275,20.4437,TC,Turbocharged,SA,Semi-Automatic,8,Y,N,A,All Wheel Drive,15.0,G,Gasoline (Regular Unleaded Recommended),MPG,miles per gallon,T,Truck,,,,,2500,2500,SIDI & PFI; ,2,2,31,Small SUV 4WD,,Derived Vehicle Specific 5-cycle Calculation Approach for city label but Modified 5-cycle Calculation Approach for Highway label,2025-06-15,36775,N,N,N,N,,N,,Y,E-CVVT is an electric device that improve fuel efficiency and reduce toxic exhaust gas by allowing the timing of the intake valves to be changed while the engine is on opration.,N,,,,,,,,,,,,,,,,,GDPI,Spark Ignition direct & ported injection,,,N,SAE 0W20,N,No,NX4 OB 2.5T AWD 8AT,,4,4,THYXT02.5VP3,6,,4000.0,497,356,433,,,
2026,Hyundai,HYUNDAI MOTOR COMPANY,Santa Cruz XRT AWD,HYX,50,2.5,4,Auto(S8),18,25,20,22.4,37.4,27.3331,17.8951,24.7835,20.4533,TC,Turbocharged,SA,Semi-Automatic,8,Y,N,A,All Wheel Drive,15.0,G,Gasoline (Regular Unleaded Recommended),MPG,miles per gallon,T,Truck,,,,,2500,2500,SIDI & PFI; ,2,2,31,Small SUV 4WD,,Derived Vehicle Specific 5-cycle Calculation Approach for city label but Modified 5-cycle Calculation Approach for Highway label,2025-06-15,36776,Y,N,N,N,,N,,Y,E-CVVT is an electric device that improve fuel efficiency and reduce toxic exhaust gas by allowing the timing of the intake valves to be changed while the engine is on opration.,N,,,,,,,,,,,,,,,,,GDPI,Spark Ignition direct & ported injection,,,N,SAE 0W20,N,No,NX4 OB 2.5T XRT AWD 8AT,,4,4,THYXT02.5VP3,6,,4000.0,498,357,435,,,
2026,Hyundai,HYUNDAI MOTOR COMPANY,Santa Fe AWD,HYX,48,2.5,4,Auto(S8),20,28,23,24.7913,40.0599,29.9237,19.6519,28.165,22.7457,TC,Turbocharged,SA,Semi-Automatic,8,Y,N,A,All Wheel Drive,15.0,G,Gasoline (Regular Unleaded Recommended),MPG,miles per gallon,T,Truck,,,,,2150,2150,SIDI & PFI; ,2,2,31,Small SUV 4WD,,Derived 5-cycle label,2025-06-15,36786,N,N,N,N,,N,,Y,Fixed3,N,,,,,,,,,,,,,,,,,GDPI,Spark Ignition direct & ported injection,,,N,SAE 0W30,Y,Yes,,,5,5,THYXT02.5MP3,6,,2250.0,450,314,389,,,
2026,Hyundai,HYUNDAI MOTOR COMPANY,Santa Fe AWD XRT,HYX,47,2.5,4,Auto(S8),19,25,21,23.3,35.5,27.5625,18.5595,25.217,21.0617,TC,Turbocharged,SA,Semi-Automatic,8,Y,N,A,All Wheel Drive,15.0,G,Gasoline (Regular Unleaded Recommended),MPG,miles per gallon,T,Truck,,,,,2350,2350,SIDI & PFI; ,2,2,31,Small SUV 4WD,,Derived 5-cycle label,2025-06-15,36785,Y,N,N,N,,N,,Y,Fixed3,N,,,,,,,,,,,,,,,,,GDPI,Spark Ignition direct & ported injection,,,N,SAE 0W30,Y,Yes,,,4,4,THYXT02.5MP3,6,,3250.0,477,353,421,,,
2026,Hyundai,HYUNDAI MOTOR COMPANY,Santa Fe Hybrid AWD,HYX,21,1.6,4,Auto(AM-S6),35,34,34,46.7078,46.2569,46.5038,34.7922,34.0678,34.4624,TC,Turbocharged,AMS,Automated Manual- Selectable (e.g. Automated Manual with paddles),6,N,N,A,All Wheel Drive,15.0,G,Gasoline (Regular Unleaded Recommended),MPG,miles per gallon,T,Truck,,,,,1450,1450,SIDI; Hybrid; ,2,2,31,Small SUV 4WD,,Vehicle Specific 5-cycle label,2025-06-15,36652,N,N,N,N,,N,,Y,Fixed 3 (Continuous Variable Valve Timing),N,,Battery(s),1.0,Lithium Ion,270.0,5.5,40.1,On-Board,Electrical Regen Brake,Front Wheels,Y,,1.0,Other,PMSM,48,GDI,Spark Ignition Direct Injection,N,N,N,"SAE 0W-20, API SN PLUS",Y,Yes,,,6,6,THYXV01.6M13,6,1250.0,,255,262,258,,,
2026,Hyundai,HYUNDAI MOTOR COMPANY,Tucson AWD,HYX,57,2.5,4,Auto(S8),24,30,26,30.8563,43.1177,35.3843,23.9878,30.1083,26.4031,,Naturally Aspirated,SA,Semi-Automatic,8,Y,N,A,All Wheel Drive,15.0,G,Gasoline (Regular Unleaded Recommended),MPG,miles per gallon,T,Truck,,,,,1900,1900,SIDI & PFI; ,2,2,31,Small SUV 4WD,,Derived 5-cycle label,2025-08-01,37251,N,N,N,N,,N,,Y,E-CVVT is an electric device that improve fuel efficiency and reduce toxic exhaust gas by allowing the timing of the intake valves to be changed while the engine is on opration.,N,,,,,,,,,,,,,,,,,GDPI,Spark Ignition direct & ported injection,,,N,SAE 0W20,Y,Yes,NX4 2.5 8AT AWD,,5,5,THYXT02.5LR3,6,,1000.0,371,296,337,,,
2026,Hyundai,HYUNDAI MOTOR COMPANY,Tucson Hybrid,HYX,53,1.6,4,Auto(AM-S6),36,37,36,47.8392,47.3619,47.6232,35.9399,36.9955,36.4074,TC,Turbocharged,AMS,Automated Manual- Selectable (e.g. Automated Manual with paddles),6,N,N,A,All Wheel Drive,15.0,G,Gasoline (Regular Unleaded Recommended),MPG,miles per gallon,T,Truck,,,,,1400,1400,SIDI; Hybrid; ,2,2,31,Small SUV 4WD,,Vehicle Specific 5-cycle label,2025-08-15,37220,N,N,N,N,,N,,Y,Fixed 3,N,,Battery(s),1.0,Lithium Ion,270.0,5.5,39.6,On-Board,Electrical Regen Brake,Front Wheels,Y,,1.0,Other,PMSM,48,GDI,Spark Ignition Direct Injection,N,N,N,"SAE 0W-20, API SN PLUS",Y,Yes,,,7,7,THYXT01.6L13,6,1500.0,,246,240,243,,,
2026,Hyundai,HYUNDAI MOTOR COMPANY,Tucson Hybrid Blue,HYX,54,1.6,4,Auto(AM-S6),38,38,38,50.1,48.5,49.3671,38.1891,37.8856,38.0519,TC,Turbocharged,AMS,Automated Manual- Selectable (e.g. Automated Manual with paddles),6,N,N,A,All Wheel Drive,15.0,G,Gasoline (Regular Unleaded Recommended),MPG,miles per gallon,T,Truck,,,,,1300,1300,SIDI; Hybrid; ,2,2,31,Small SUV 4WD,,Vehicle Specific 5-cycle label,2025-08-15,37219,Y,N,N,N,,N,,Y,Fixed 3,N,,Battery(s),1.0,Lithium Ion,270.0,5.5,39.6,On-Board,Electrical Regen Brake,Front Wheels,Y,,1.0,Other,PMSM,48,GDI,Spark Ignition Direct Injection,N,N,N,"SAE 0W-20, API SN PLUS",Y,Yes,,,7,7,THYXT01.6L13,6,2000.0,,232,235,234,,,
2026,Jaguar Land Rover L,Jaguar,F-PACE,JLX,768,2.0,4,Auto(S8),22,27,24,27.8072,37.647,31.5137,21.824,26.5822,23.7359,TC,Turbocharged,SA,Semi-Automatic,8,Y,N,A,All Wheel Drive,10.0,GP,Gasoline (Premium Unleaded Recommended),MPG,miles per gallon,T,Truck,,,,,2600,2600,SIDI; ,2,2,31,Small SUV 4WD,,Derived 5-cycle label,2025-02-07,36082,Y,N,N,N,,N,,Y,Inlet and Exhaust Camshaft Phasing controlled by Engine Management System,Y,Continuously variable inlet valve lift,,,,,,,,,,,,,,,,GDI,Spark Ignition Direct Injection,N,N,N,0W20,Y,Yes,F-PACE,31.7,5,5,TJLXJ02.0RTX,6,,4500.0,409,335,376,,,
2026,Jaguar Land Rover L,Jaguar,F-PACE MHEV,JLX,774,3.0,6,Auto(S8),19,25,21,23.6453,35.3426,27.7832,18.7801,25.0863,21.1755,TS,Turbocharged+Supercharged,SA,Semi-Automatic,8,Y,N,4,4-Wheel Drive,10.0,GP,Gasoline (Premium Unleaded Recommended),MPG,miles per gallon,T,Truck,,,,,2950,2950,SIDI; Mild Hybrid; ,2,2,31,Small SUV 4WD,,Derived 5-cycle label,2025-02-07,36084,Y,N,N,N,,N,,Y,Inlet and Exhaust Camshaft Phasing controlled by Engine Management System.,N,,Battery(s),1.0,Lithium Ion,48.0,8.0,370.0,On-Board,Not applicable,,,,1.0,AC Induction,,15,GDI,Spark Ignition Direct Injection,N,N,N,0W20,Y,Yes,F-PACE P400 MHEV,27.9,4,4,TJLXJ03.0FSC,6,,6250.0,471,354,418,,,
2026,Jaguar Land Rover L,Jaguar,F-PACE SVR,JLX,770,5.0,8,Auto(S8),15,21,17,18.5037,28.5629,21.9885,14.9703,20.6385,17.0813,SC,Supercharged,SA,Semi-Automatic,8,Y,N,A,All Wheel Drive,10.0,GP,Gasoline (Premium Unleaded Recommended),MPG,miles per gallon,T,Truck,,,,,3650,3650,SIDI; ,2,2,31,Small SUV 4WD,,Derived 5-cycle label,2025-02-07,36087,Y,N,N,N,,N,,Y,Inlet and Exhaust Camshaft Phasing controlled by Engine Management System.,N,,,,,,,,,,,,,,,,,GDI,Spark Ignition Direct Injection,N,N,N,0W20,Y,Yes,F-Pace SVR,22.1,3,3,TJLXJ05.0FSM,2,,9750.0,592,430,519,,,
2026,FCA US LLC,Jeep,Compass 4X4,CRX,536,2.0,4,Auto(A8),23,31,26,30.1,45.3,35.4532,23.4563,31.4791,26.4949,TC,Turbocharged,A,Automatic,8,Y,N,A,All Wheel Drive,10.0,G,Gasoline (Regular Unleaded Recommended),MPG,miles per gallon,T,Truck,,,,,1900,1900,SIDI; ,2,2,31,Small SUV 4WD,,Derived 5-cycle label,2025-08-11,37339,N,N,N,N,,N,,Y,electro-hydraulic control,N,,,,,,,,,,,,,,,,,GDI,Spark Ignition Direct Injection,,,N,0W-30,Y,Yes,,,5,5,TCRXJ02.0570,6,,1000.0,379,282,335,,,
2026,FCA US LLC,Jeep,Wrangler 2dr 4X4,CRX,518,2.0,4,Auto(A8),20,23,21,25.6,35.9,29.3952,20.2399,22.9616,21.3803,TC,Turbocharged,A,Automatic,8,Y,N,4,4-Wheel Drive,10.0,G,Gasoline (Regular Unleaded Recommended),MPG,miles per gallon,T,Truck,,,,,2350,2350,SIDI; ,2,2,31,Small SUV 4WD,,Derived Vehicle Specific 5-cycle Calculation Approach for city label but Modified 5-cycle Calculation Approach for Highway label,2025-08-25,37310,N,N,N,N,,N,,Y,electro-hydraulic control,N,,,,,,,,,,,,,,,,,GDI,Spark Ignition Direct Injection,,N,N,0W-30,Y,Yes,,,4,4,TCRXT02.0572,6,,3250.0,439,387,416,,,
2026,FCA US LLC,Jeep,Wrangler 2dr 4X4,CRX,519,3.6,6,Manual(M6),17,23,19,21.1,32.2,24.9741,16.9285,23.0453,19.2247,,Naturally Aspirated,M,Manual,6,N,N,4,4-Wheel Drive,10.0,G,Gasoline (Regular Unleaded Recommended),MPG,miles per gallon,T,Truck,,,,,2600,2600,,2,2,31,Small SUV 4WD,,Derived 5-cycle label,2025-08-25,37111,N,N,N,N,,N,,Y,Cam Phaser,N,,,,,,,,,,,,,,,,,MFI,Multipoint/sequential fuel injection,,,N,0W-20,Y,Yes,,,4,4,TCRXT03.6570,6,,4500.0,525,386,462,,,
2026,FCA US LLC,Jeep,Wrangler 4dr 4X4,CRX,520,2.0,4,Auto(A8),20,22,21,24.9,35.1,28.646,19.7311,22.4854,20.8822,TC,Turbocharged,A,Automatic,8,Y,N,4,4-Wheel Drive,10.0,G,Gasoline (Regular Unleaded Recommended),MPG,miles per gallon,T,Truck,,,,,2350,2350,SIDI; ,2,2,31,Small SUV 4WD,,Derived Vehicle Specific 5-cycle Calculation Approach for city label but Modified 5-cycle Calculation Approach for Highway label,2025-08-25,37311,N,N,N,N,,N,,Y,electro-hydraulic control,N,,,,,,,,,,,,,,,,,GDI,Spark Ignition Direct Injection,,N,N,0W-30,Y,Yes,,,4,4,TCRXT02.0572,6,,3250.0,452,394,426,,,
2026,FCA US LLC,Jeep,Wrangler 4dr 4X4,CRX,521,3.6,6,Auto(A8),18,23,20,21.9,32.5,25.6671,17.5243,23.244,19.7064,,Naturally Aspirated,A,Automatic,8,Y,N,4,4-Wheel Drive,10.0,G,Gasoline (Regular Unleaded Recommended),MPG,miles per gallon,T,Truck,,,,,2500,2500,,2,2,31,Small SUV 4WD,,Derived 5-cycle label,2025-08-25,37113,N,N,N,N,,N,,Y,Cam Phaser,N,,,,,,,,,,,,,,,,,MFI,Multipoint/sequential fuel injection,,,N,0W-20,Y,Yes,,,4,4,TCRXT03.6570,6,,4000.0,507,382,451,,,
2026,FCA US LLC,Jeep,Wrangler 4dr 4X4,CRX,523,3.6,6,Manual(M6),16,22,19,20.4,31.3,24.1909,16.4046,22.4473,18.6657,,Naturally Aspirated,M,Manual,6,N,N,4,4-Wheel Drive,10.0,G,Gasoline (Regular Unleaded Recommended),MPG,miles per gallon,T,Truck,,,,,2600,2600,,2,2,31,Small SUV 4WD,,Derived 5-cycle label,2025-08-25,37112,N,N,N,N,,N,,Y,Cam Phaser,N,,,,,,,,,,,,,,,,,MFI,Multipoint/sequential fuel injection,,,N,0W-20,Y,Yes,,,4,4,TCRXT03.6570,6,,4500.0,542,396,476,,,
2026,Kia,KIA,Seltos AWD (1.6L),KMX,9,1.6,4,Auto(S8),24,27,25,31.1,42.6,35.4004,24.1585,27.2165,25.445,TC,Turbocharged,SA,Semi-Automatic,8,Y,N,A,All Wheel Drive,15.0,G,Gasoline (Regular Unleaded Recommended),MPG,miles per gallon,T,Truck,,,,,2000,2000,SIDI; ,2,2,31,Small SUV 4WD,,Derived Vehicle Specific 5-cycle Calculation Approach for city label but Modified 5-cycle Calculation Approach for Highway label,2025-04-17,36375,N,N,N,N,,N,,Y,VVT,N,,,,,,,,,,,,,,,,,GDI,Spark Ignition Direct Injection,,,N,SAE 0W20,N,No,,,5,5,TKMXT01.6NC3,6,,1500.0,368,327,350,,,
2026,Kia,KIA,Seltos AWD (2.0L),KMX,10,2.0,4,Auto(AV-S8),27,31,29,34.9,45.3,38.921,26.7869,31.4791,28.7128,,Naturally Aspirated,SCV,Selectable Continuously Variable (e.g. CVT with paddles),8,Y,N,A,All Wheel Drive,15.0,G,Gasoline (Regular Unleaded Recommended),MPG,miles per gallon,T,Truck,,,,,1700,1700,,2,2,31,Small SUV 4WD,,Derived 5-cycle label,2025-04-17,36376,N,N,N,N,,N,,Y,Fixed3(More than two or continuous),N,,,,,,,,,,,,,,,,,MFI,Multipoint/sequential fuel injection,,,N,0W20 API SN or ILSAC GF-6,Y,Yes,,,6,6,TKMXT02.0NE3,6,0.0,,331,282,309,,,
2026,Kia,KIA,Sorento AWD,KMX,38,2.5,4,Auto(S8),23,28,25,29.5,39.4,33.2608,23.0328,27.7421,24.9377,,Naturally Aspirated,SA,Semi-Automatic,8,Y,N,A,All Wheel Drive,15.0,G,Gasoline (Regular Unleaded Recommended),MPG,miles per gallon,T,Truck,,,,,2000,2000,SIDI & PFI; ,2,2,31,Small SUV 4WD,,Derived 5-cycle label,2025-07-18,37010,N,N,N,N,,N,,Y,Fixed3,N,,,,,,,,,,,,,,,,,GDPI,Spark Ignition direct & ported injection,,,N,SAE 0W20,Y,Yes,,,5,5,TKMXT02.5JR3,6,,1500.0,387,321,357,,,
2026,Kia,KIA,Sorento AWD,KMX,40,2.5,4,Auto(AM-S8),20,27,23,25.8314,38.3833,30.2886,20.4076,27.0881,22.9551,TC,Turbocharged,AMS,Automated Manual- Selectable (e.g. Automated Manual with paddles),8,N,N,A,All Wheel Drive,15.0,G,Gasoline (Regular Unleaded Recommended),MPG,miles per gallon,T,Truck,,,,,2150,2150,SIDI & PFI; ,2,2,31,Small SUV 4WD,,Derived 5-cycle label,2025-07-18,37012,N,N,N,N,,N,,Y,Fixed3,N,,,,,,,,,,,,,,,,,GDPI,Spark Ignition direct & ported injection,,,N,SAE 0W30,Y,Yes,,,5,5,TKMXT02.5JP3,6,,2250.0,436,329,388,,,
2026,Kia,KIA,Sorento Hybrid AWD,KMX,23,1.6,4,Auto(AM-S6),32,35,34,44.1,44.8,44.4123,32.4797,35.0622,33.5931,TC,Turbocharged,AMS,Automated Manual- Selectable (e.g. Automated Manual with paddles),6,N,N,A,All Wheel Drive,15.0,G,Gasoline (Regular Unleaded Recommended),MPG,miles per gallon,T,Truck,,,,,1450,1450,SIDI; Hybrid; ,2,2,31,Small SUV 4WD,,Vehicle Specific 5-cycle label,2025-07-07,37255,N,N,N,N,,N,,Y,Fixed 3 (Continous Variable Valve Timing),N,,Battery(s),1.0,Lithium Ion,270.0,5.5,37.1,On-Board,Electrical Regen Brake,Front Wheels,Y,,1.0,Other,PMSM,48,GDI,Spark Ignition Direct Injection,N,N,N,0W-20,Y,Yes,,,6,6,TKMXV01.6J13,6,1250.0,,272,254,264,,,
2026,Kia,KIA,Sportage AWD,KMX,1,2.5,4,Auto(S8),24,30,26,30.5181,43.0601,35.1215,23.7504,30.0719,26.2318,,Naturally Aspirated,SA,Semi-Automatic,8,Y,N,A,All Wheel Drive,15.0,G,Gasoline (Regular Unleaded Recommended),MPG,miles per gallon,T,Truck,,,,,1900,1900,SIDI & PFI; ,2,2,31,Small SUV 4WD,,Derived 5-cycle label,2025-03-15,36326,N,N,N,N,,N,,Y,E-CVVT is an electric device that improve fuel efficiency and reduce toxic exhaust gas by allowing the timing of the intake valves to be changed while the engine is on opration.,N,,,,,,,,,,,,,,,,,GDPI,Spark Ignition direct & ported injection,,,N,SAE 0W-20,Y,Yes,,,5,5,TKMXT02.5PR3,6,,1000.0,374,296,339,,,
2026,Kia,KIA,Sportage Hybrid AWD,KMX,3,1.6,4,Auto(AM-S6),35,36,35,45.2998,46.1946,45.6981,35.1232,35.6283,35.3487,TC,Turbocharged,AMS,Automated Manual- Selectable (e.g. Automated Manual with paddles),6,N,N,A,All Wheel Drive,15.0,G,Gasoline (Regular Unleaded Recommended),MPG,miles per gallon,T,Truck,,,,,1400,1400,SIDI; Hybrid; ,2,2,31,Small SUV 4WD,,Vehicle Specific 5-cycle label,2025-05-15,36682,N,N,N,N,,N,,Y,Fixed 3,N,,Battery(s),1.0,Lithium Ion,270.0,5.5,37.5,On-Board,Electrical Regen Brake,Front Wheels,Y,,1.0,Other,PMSM,48,GDI,Spark Ignition Direct Injection,N,N,N,SAE 0W-20 API SN PLUS,Y,Yes,,,6,6,TKMXT01.6P13,6,1500.0,,252,250,251,,,
2026,Kia,KIA,Sportage X-pro,KMX,42,2.5,4,Auto(S8),23,26,24,28.9,36.0,31.7147,22.6076,25.5432,23.8406,,Naturally Aspirated,SA,Semi-Automatic,8,Y,N,A,All Wheel Drive,15.0,G,Gasoline (Regular Unleaded Recommended),MPG,miles per gallon,T,Truck,,,,,2050,2050,SIDI & PFI; ,2,2,31,Small SUV 4WD,,Derived 5-cycle label,2025-03-15,36328,Y,N,N,N,,N,,Y,E-CVVT is an electric device that improve fuel efficiency and reduce toxic exhaust gas by allowing the timing of the intake valves to be changed while the engine is on opration.,N,,,,,,,,,,,,,,,,,GDPI,Spark Ignition direct & ported injection,,,N,SAE 0W-20,Y,Yes,,,5,5,TKMXT02.5PR3,6,,1750.0,394,349,374,,,
2026,Jaguar Land Rover L,Land Rover,Discovery Sport,JLX,550,2.0,4,Auto(S9),19,23,20,23.2538,34.2146,27.1707,18.5255,23.409,20.4448,TC,Turbocharged,SA,Semi-Automatic,9,Y,N,A,All Wheel Drive,10.0,GP,Gasoline (Premium Unleaded Recommended),MPG,miles per gallon,T,Truck,,,,,3100,3100,SIDI; ,2,2,31,Small SUV 4WD,,Derived Vehicle Specific 5-cycle Calculation Approach for city label but Modified 5-cycle Calculation Approach for Highway label,2025-02-07,36081,Y,N,N,N,,N,,Y,Inlet and Exhaust Camshaft Phasing controlled by Engine Management System.,N,,,,,,,,,,,,,,,,,GDI,Spark Ignition Direct Injection,N,N,N,0W20,Y,Yes,Land Rover Discovery Sport,27.4,4,4,TJLXT02.0RTV,6,,7000.0,482,381,437,,,
2026,Jaguar Land Rover L,Land Rover,Range Rover Evoque,JLX,74,2.0,4,Auto(S9),20,27,22,25.007,38.5572,29.7046,19.809,26.6798,22.4055,TC,Turbocharged,SA,Semi-Automatic,9,Y,N,A,All Wheel Drive,10.0,GP,Gasoline (Premium Unleaded Recommended),MPG,miles per gallon,T,Truck,,,,,2850,2850,SIDI; ,2,2,31,Small SUV 4WD,,Derived Vehicle Specific 5-cycle Calculation Approach for city label but Modified 5-cycle Calculation Approach for Highway label,2025-02-07,36080,Y,N,N,N,,N,,Y,Inlet and Exhaust Camshaft Phasing controlled by Engine Management System.,N,,,,,,,,,,,,,,,,,GDI,Spark Ignition Direct Injection,N,N,N,0W20,Y,Yes,Range Rover Evoque,29.9,4,4,TJLXT02.0RTV,6,,5750.0,451,334,398,,,
2026,Jaguar Land Rover L,Land Rover,Range Rover Velar,JLX,562,2.0,4,Auto(S8),22,26,23,27.3793,37.202,31.0711,21.5376,26.3231,23.4566,TC,Turbocharged,SA,Semi-Automatic,8,Y,N,A,All Wheel Drive,10.0,GP,Gasoline (Premium Unleaded Recommended),MPG,miles per gallon,T,Truck,,,,,2700,2700,SIDI; ,2,2,31,Small SUV 4WD,,Derived 5-cycle label,2025-02-07,36083,Y,N,N,N,,N,,Y,Inlet and Exhaust Camshaft Phasing controlled by Engine Management System,Y,Continuously variable inlet valve lift,,,,,,,,,,,,,,,,GDI,Spark Ignition Direct Injection,N,N,N,0W20,Y,Yes,Velar,31.3,5,5,TJLXJ02.0RTX,6,,5000.0,415,339,381,,,
2026,Jaguar Land Rover L,Land Rover,Range Rover Velar P340 MHEV,JLX,566,3.0,6,Auto(S8),19,26,22,24.4397,36.7279,28.7715,19.3663,25.9987,21.8778,TS,Turbocharged+Supercharged,SA,Semi-Automatic,8,Y,N,4,4-Wheel Drive,10.0,GP,Gasoline (Premium Unleaded Recommended),MPG,miles per gallon,T,Truck,,,,,2850,2850,SIDI; Mild Hybrid; ,2,2,31,Small SUV 4WD,,Derived 5-cycle label,2025-02-07,36085,Y,N,N,N,,N,,Y,Inlet and Exhaust Camshaft Phasing controlled by Engine Management System.,N,,Battery(s),1.0,Lithium Ion,48.0,8.0,370.0,On-Board,Not applicable,,,,1.0,AC Induction,,15,GDI,Spark Ignition Direct Injection,N,N,N,0W20,Y,Yes,Range Rover Velar P340 MHEV,28.9,4,4,TJLXJ03.0FSC,6,,5750.0,460,343,407,,,
2026,Jaguar Land Rover L,Land Rover,Range Rover Velar P400 MHEV,JLX,567,3.0,6,Auto(S8),19,25,21,23.4798,35.278,27.6394,18.7066,25.0863,21.1241,TS,Turbocharged+Supercharged,SA,Semi-Automatic,8,Y,N,4,4-Wheel Drive,10.0,GP,Gasoline (Premium Unleaded Recommended),MPG,miles per gallon,T,Truck,,,,,2950,2950,SIDI; Mild Hybrid; ,2,2,31,Small SUV 4WD,,Derived 5-cycle label,2025-02-07,36086,Y,N,N,N,,N,,Y,Inlet and Exhaust Camshaft Phasing controlled by Engine Management System.,N,,Battery(s),1.0,Lithium Ion,48.0,8.0,370.0,On-Board,Not applicable,,,,1.0,AC Induction,,15,GDI,Spark Ignition Direct Injection,N,N,N,0W20,Y,Yes,Range Rover Velar MHEV,27.9,4,4,TJLXJ03.0FSC,6,,6250.0,473,354,420,,,
2026,Toyota,LEXUS,NX 350 AWD,TYX,12,2.4,4,Auto(S8),21,28,24,27.2471,39.6799,31.7195,21.428,27.9216,23.9327,TC,Turbocharged,SA,Semi-Automatic,8,Y,N,A,All Wheel Drive,15.0,GPR,Gasoline (Premium Unleaded Required),MPG,miles per gallon,T,Truck,,,,,2600,2600,SIDI & PFI; ,2,2,31,Small SUV 4WD,,Derived 5-cycle label,2025-08-06,36962,N,N,N,N,"APPLIED TO NX 350, RX 350, TX 350",N,,Y,Intake and exhaust,N,,,,,,,,,,,,,,,,,GDPI,Spark Ignition direct & ported injection,,,N,0W-20,Y,Yes,,,5,5,TTYXJ02.4H3B,6,,4500.0,413,317,370,,,
2026,Toyota,LEXUS,NX 350 AWD F SPORT,TYX,16,2.4,4,Auto(S8),21,28,24,27.6,40.5,32.2179,21.0,28.4463,24.2794,TC,Turbocharged,SA,Semi-Automatic,8,Y,N,A,All Wheel Drive,15.0,GPR,Gasoline (Premium Unleaded Required),MPG,miles per gallon,T,Truck,,,,,2600,2600,SIDI & PFI; ,2,2,31,Small SUV 4WD,,Derived 5-cycle label,2025-08-06,36964,Y,N,N,N,"APPLIED TO NX 350, RX 350, TX 350",N,,Y,Intake and exhaust,N,,,,,,,,,,,,,,,,,GDPI,Spark Ignition direct & ported injection,,,N,0W-20,Y,Yes,,32.6,5,5,TTYXJ02.4H3B,6,,4500.0,420,309,370,,,
2026,Toyota,LEXUS,NX 350h AWD,TYX,5,2.5,4,Auto(AV-S6),41,37,39,56.2446,51.6969,54.1029,41.3984,37.4192,39.0,,Naturally Aspirated,SCV,Selectable Continuously Variable (e.g. CVT with paddles),6,N,N,A,All Wheel Drive,15.0,GP,Gasoline (Premium Unleaded Recommended),MPG,miles per gallon,T,Truck,,,,,1600,1600,SIDI & PFI; Hybrid; ,2,2,31,Small SUV 4WD,,Vehicle Specific 5-cycle label,2025-08-06,36960,N,N,N,N,Applied to NX 350h and SIENNA.,N,,Y,Intake and exhaust,N,,Battery(s),1.0,Lithium Ion,259.0,4.3,35.0,On-Board,Electrical Regen Brake,Both,N,"""40kWatt"" of Rated Motor/Generator Power is only for AWD.",2.0,Other,AC Synchronous,134,GDPI,Spark Ignition direct & ported injection,N,N,N,"0W-16,0W-8",Y,Yes,HYBRID,,7,7,TTYXJ02.5H3A,6,500.0,,212,235,225,,,
2026,Toyota,LEXUS,RX 350 AWD,TYX,80,2.4,4,Auto(S8),21,28,24,26.7492,40.1469,31.476,21.0701,28.2206,23.7817,TC,Turbocharged,SA,Semi-Automatic,8,Y,N,A,All Wheel Drive,15.0,GPR,Gasoline (Premium Unleaded Required),MPG,miles per gallon,T,Truck,,,,,2600,2600,SIDI & PFI; ,2,2,31,Small SUV 4WD,,Derived 5-cycle label,2025-09-17,37027,Y,N,N,N,"APPLIED TO NX 350, RX 350, TX 350",N,,Y,Intake and exhaust,N,,,,,,,,,,,,,,,,,GDPI,Spark Ignition direct & ported injection,,,N,0W-20,Y,Yes,,,5,5,TTYXJ02.4H3B,6,,4500.0,417,312,370,,,
2026,Toyota,LEXUS,RX 350h AWD,TYX,33,2.5,4,Auto(AV-S6),37,34,36,50.1964,48.0746,49.2189,37.4363,34.3312,35.9722,,Naturally Aspirated,SCV,Selectable Continuously Variable (e.g. CVT with paddles),6,N,N,A,All Wheel Drive,15.0,GP,Gasoline (Premium Unleaded Recommended),MPG,miles per gallon,T,Truck,,,,,1750,1750,SIDI & PFI; Hybrid; ,2,2,31,Small SUV 4WD,,Vehicle Specific 5-cycle label,2025-09-17,37026,Y,N,N,N,Applied to GRAND HIGHLANDER HYBRID and RX 350h.,N,,Y,Intake and exhaust,N,,Battery(s),1.0,Lithium Ion,259.0,4.3,35.0,On-Board,Electrical Regen Brake,Both,N,"""40kWatt"" of Rated Motor/Generator Power is only for AWD.",2.0,Other,AC Synchronous,40 and 134,GDPI,Spark Ignition direct & ported injection,N,N,N,"0W-16,0W-8",Y,Yes,HYBRID,,7,7,TTYXJ02.5H3A,6,,250.0,234,256,244,,,
2026,Toyota,LEXUS,RX 500h AWD,TYX,85,2.4,4,Auto(S6),27,28,27,35.1,39.8,37.0699,26.9235,27.9986,27.3969,TC,Turbocharged,SA,Semi-Automatic,6,N,N,A,All Wheel Drive,15.0,GPR,Gasoline (Premium Unleaded Required),MPG,miles per gallon,T,Truck,,,,,2300,2300,SIDI & PFI; Hybrid; ,2,2,31,Small SUV 4WD,,Derived 5-cycle label,2025-09-17,37623,Y,N,N,N,"APPLIED TO TX 500h, RX 500h",N,,Y,Intake and exhaust,N,,Battery(s),1.0,NiMH,288.0,5.0,23.0,On-Board,Electrical Regen Brake,Both,N,,2.0,Other,AC Synchronous,64 and 76,GDPI,Spark Ignition direct & ported injection,N,N,N,0W-20,Y,Yes,HYBRID,,5,5,TTYXT02.4H3L,6,,3000.0,326,314,321,,,
2026,Ford Motor Company,Lincoln,CORSAIR AWD,FMX,54,2.0,4,Auto(S8),21,28,24,26.5,40.1,31.2728,20.8906,28.1906,23.6461,TC,Turbocharged,SA,Semi-Automatic,8,Y,N,A,All Wheel Drive,85.0,G,Gasoline (Regular Unleaded Recommended),MPG,miles per gallon,T,Truck,,,,,2050,2050,SIDI & PFI; ,2,2,31,Small SUV 4WD,,Derived 5-cycle label,2025-09-08,37398,N,N,N,N,"26MY 2.0L GTPFDI Corsair FWD, Corsair AWD, Escape AWD, Rated HP and Peak Torque values based on 98 RON testing.",N,,Y,"Intake/Exhaust, Hydraulic Actuated VCT",N,,,,,,,,,,,,,,,,,GDPI,Spark Ignition direct & ported injection,,,N,SAE 5W-30 / ILSAC GF-7,Y,Yes,,,5,5,TFMXT02.02Y3,5,,1750.0,425,316,376,,,
2026,Ford Motor Company,Lincoln,NAUTILUS AWD,FMX,17,2.0,4,Auto(A8),21,29,24,26.4,44.4,32.2909,20.8185,29.0,24.4053,TC,Turbocharged,A,Automatic,8,Y,N,A,All Wheel Drive,85.0,G,Gasoline (Regular Unleaded Recommended),MPG,miles per gallon,T,Truck,,,,,2050,2050,SIDI & PFI; ,2,2,31,Small SUV 4WD,,Derived 5-cycle label,2025-08-21,36947,N,N,N,N,,N,,Y,Dual intake &amp; Exhaust,N,,,,,,,,,,,,,,,,,GDPI,Spark Ignition direct & ported injection,,,N,SAE 5W-30 / ILSAC GF-7,Y,Yes,,,5,5,TFMXT02.02Y5,5,,1750.0,425,306,369,,,
2026,Ford Motor Company,Lincoln,NAUTILUS HEV AWD,FMX,18,2.0,4,Auto(AV),29,31,30,38.6663,45.338,41.4083,28.6173,31.39,29.8019,TC,Turbocharged,CVT,Continuously Variable,1,N,N,P,Part-time 4-Wheel Drive,85.0,G,Gasoline (Regular Unleaded Recommended),MPG,miles per gallon,T,Truck,,,,,1650,1650,SIDI & PFI; Hybrid; ,2,2,31,Small SUV 4WD,,Vehicle Specific 5-cycle label,2025-08-21,37084,N,N,N,N,Engine Rated Horsepower is the combined hybrid system HP value.,N,,Y,Hydraulic actuated Variable Cam Timing,N,,Battery(s),1.0,Lithium Ion,221.0,5.0,36.4,On-Board,Electrical Regen Brake,Front Wheels,N,,1.0,Other,AC Permanent Magnet,100,GDPI,Spark Ignition direct & ported injection,N,N,N,SAE 5W-30 / ILSAC GF-7,Y,Yes,,,6,6,TFMXT02.02JF,5,250.0,,334,282,311,,,
2026,Maserati,MASERATI,Grecale Modena V6,MAX,66,3.0,6,Auto(A8),18,25,20,22.1534,34.5074,26.4078,17.7124,24.6536,20.2821,TC,Turbocharged,A,Automatic,8,Y,N,A,All Wheel Drive,10.0,GPR,Gasoline (Premium Unleaded Required),MPG,miles per gallon,T,Truck,,,,,3100,3100,SIDI & PFI; ,2,2,31,Small SUV 4WD,,Derived Vehicle Specific 5-cycle Calculation Approach for city label but Modified 5-cycle Calculation Approach for Highway label,2025-09-19,37635,Y,N,N,N,,Y,Half Engine Mode,Y,Variable camshaft timing for exhaust and intake,N,,,,,,,,,,,,,,,,,GDPI,Spark Ignition direct & ported injection,N,,N,SAE 5W-40,Y,Yes,,,4,4,TMAXJ03.0TJI,4,,7000.0,495,354,432,,,
2026,Maserati,MASERATI,Grecale Trofeo,MAX,60,3.0,6,Auto(A8),18,25,20,22.1534,34.5074,26.4078,17.7124,24.6536,20.2821,TC,Turbocharged,A,Automatic,8,Y,N,A,All Wheel Drive,10.0,GPR,Gasoline (Premium Unleaded Required),MPG,miles per gallon,T,Truck,,,,,3100,3100,SIDI & PFI; ,2,2,31,Small SUV 4WD,,Derived Vehicle Specific 5-cycle Calculation Approach for city label but Modified 5-cycle Calculation Approach for Highway label,2025-08-22,37634,Y,N,N,N,,Y,Half Engine Mode,Y,Variable camshaft timing for exhaust and inlet,N,,,,,,,,,,,,,,,,,GDPI,Spark Ignition direct & ported injection,N,,N,SAE 5W-40,Y,Yes,,,4,4,TMAXJ03.0TJI,4,,7000.0,495,354,432,,,
2026,MAZDA,MAZDA,CX-30 4WD,TKX,705,2.5,4,Auto(S6),24,31,27,31.5,45.1,36.4456,24.4382,31.354,27.1311,,Naturally Aspirated,SA,Semi-Automatic,6,Y,N,4,4-Wheel Drive,10.0,G,Gasoline (Regular Unleaded Recommended),MPG,miles per gallon,T,Truck,,,,,1850,1850,SIDI; ,2,2,31,Small SUV 4WD,,Derived 5-cycle label,2025-09-26,37001,Y,N,N,N,MAZDA CX-30 2.5L-DI w/o cylinder deactivation,N,,Y,This technology optimizes the valve timing by using computer control to continuously switch the intake and exhaust valve opening/closing timing according to driving conditions.,N,,,,,,,,,,,,,,,,,GDI,Spark Ignition Direct Injection,,,N,GF-6 0W-20,N,No,without cylinder deactivation,,5,5,TTKXV02.5CDI,6,,750.0,365,285,329,,,
2026,MAZDA,MAZDA,CX-30 4WD,TKX,708,2.5,4,Auto(S6),22,30,25,28.5,42.6774,33.5093,22.3233,29.8301,25.1741,TC,Turbocharged,SA,Semi-Automatic,6,Y,N,4,4-Wheel Drive,10.0,G,Gasoline (Regular Unleaded Recommended),MPG,miles per gallon,T,Truck,,,,,2000,2000,SIDI; ,2,2,31,Small SUV 4WD,,Derived 5-cycle label,2025-09-26,37000,N,N,N,N,,N,,Y,This technology optimizes the valve timing by using computer control to continuously switch the intake and exhaust valve opening/closing timing according to driving conditions.,N,,,,,,,,,,,,,,,,,GDI,Spark Ignition Direct Injection,,,N,GF-6 5W-30,N,No,,,5,5,TTKXV02.5EGA,4,,1500.0,398,299,353,,,
2026,Mercedes-Benz,Mercedes-Benz,GLA 250 4MATIC,MBX,505,2.0,4,Auto(AM8),25,33,28,32.4,47.6,37.8371,25.0648,32.9095,28.0765,TC,Turbocharged,AM,Automated Manual,8,Y,N,A,All Wheel Drive,10.0,GPR,Gasoline (Premium Unleaded Required),MPG,miles per gallon,T,Truck,,,,,2200,2200,SIDI; Mild Hybrid; ,2,2,31,Small SUV 4WD,,Derived 5-cycle label,2025-04-18,36444,N,,N,N,,N,,Y,Allows timing of the intake/exhaust valves to be changed while the engine is in operation,Y,High/Low position on inlet side,Battery(s),1.0,Lithium Ion,48.0,7.7,52.9,On-Board,Electrical Regen Brake,Both,N,RSG2 Engine 48V technology,1.0,Other,permanent magnet synchronous,10,GDI,Spark Ignition Direct Injection,N,N,N,5W40,Y,Yes,GLA 250 4MATIC,38.1,5,5,TMBXJ02.0HY3,6,,2500.0,353,269,315,,,
2026,Mercedes-Benz,Mercedes-Benz,GLB 250 4MATIC,MBX,751,2.0,4,Auto(AM8),24,33,27,30.8,47.2,36.5083,23.9483,32.6618,27.2155,TC,Turbocharged,AM,Automated Manual,8,Y,N,A,All Wheel Drive,10.0,GPR,Gasoline (Premium Unleaded Required),MPG,miles per gallon,T,Truck,,,,,2300,2300,SIDI; Mild Hybrid; ,2,2,31,Small SUV 4WD,,Derived 5-cycle label,2025-04-18,36446,N,,N,N,,N,,Y,Allows timing of the intake/exhaust valves to be changed while the engine is in operation,Y,High/Low position on inlet side,Battery(s),1.0,Lithium Ion,48.0,7.7,52.9,On-Board,Electrical Regen Brake,Both,N,RSG2 Engine 48V technology,1.0,Other,permanent magnet synchronous,10,GDI,Spark Ignition Direct Injection,N,N,N,5W40,Y,Yes,GLB 250 4MATIC,36.8,5,5,TMBXJ02.0HY3,6,,3000.0,368,270,324,,,
2026,Mercedes-Benz,Mercedes-Benz,GLC 300 4MATIC,MBX,112,2.0,4,Auto(A9),23,31,26,30.1,44.5,35.2301,23.4563,30.9781,26.3336,TC,Turbocharged,A,Automatic,9,Y,N,A,All Wheel Drive,10.0,GPR,Gasoline (Premium Unleaded Required),MPG,miles per gallon,T,Truck,,,,,2400,2400,SIDI; Mild Hybrid; ,2,2,31,Small SUV 4WD,,Derived 5-cycle label,2025-07-25,37121,N,N,N,N,"GLC 300, GLC 300 4MATIC, GLC 300 4MATIC (coupe) - ICE: 255 HP / E: 23 HP",N,,Y,Allows timing of the intake/exhaust valves to be changed while the engineis in operation,N,,Battery(s),1.0,Lithium Ion,48.0,17.5,62.2,On-Board,Electrical Regen Brake,Both,N,ISG2 Engine 48V technology (BB300),1.0,Other,permanent magnet synchronous,17,GDI,Spark Ignition Direct Injection,N,N,N,5W30,Y,Yes,GLC 300 4MATIC,35.5,5,5,TMBXJ02.0HY1,6,,3500.0,380,287,338,,,
2026,Mercedes-Benz,Mercedes-Benz,GLC 300 4MATIC (Coupe),MBX,130,2.0,4,Auto(A9),23,31,26,29.9,44.1,34.9666,23.3153,30.7269,26.1542,TC,Turbocharged,A,Automatic,9,Y,N,A,All Wheel Drive,10.0,GPR,Gasoline (Premium Unleaded Required),MPG,miles per gallon,T,Truck,,,,,2400,2400,SIDI; Mild Hybrid; ,2,2,31,Small SUV 4WD,,Derived 5-cycle label,2025-07-25,37119,N,,N,N,"GLC 300, GLC 300 4MATIC, GLC 300 4MATIC (coupe) - ICE: 255 HP / E: 23 HP",N,,Y,Allows timing of the intake/exhaust valves to be changed while the engineis in operation,N,,Battery(s),1.0,Lithium Ion,48.0,17.5,62.2,On-Board,Electrical Regen Brake,Both,N,ISG2 Engine 48V technology (BB300),1.0,Other,permanent magnet synchronous,17,GDI,Spark Ignition Direct Injection,N,N,N,5W30,Y,Yes,GLC 300 4MATIC (Coupe),35.2,5,5,TMBXJ02.0HY1,6,,3500.0,379,287,337,,,
2026,Mercedes-Benz,Mercedes-Benz,GLE 350,MBX,414,2.0,4,Auto(A9),21,28,23,25.9985,39.699,30.7784,20.5285,27.9338,23.3092,TC,Turbocharged,A,Automatic,9,Y,N,R,"2-Wheel Drive, Rear",10.0,GPR,Gasoline (Premium Unleaded Required),MPG,miles per gallon,T,Truck,,,,,2700,2700,SIDI; Mild Hybrid; ,2,2,31,Small SUV 4WD,,Derived 5-cycle label,2025-06-04,36732,,N,N,N,,N,,Y,Allows timing of the intake/exhaust valves to be changed while the engine is in operation,N,,Battery(s),1.0,Lithium Ion,48.0,20.0,80.0,On-Board,Electrical Regen Brake,Both,N,ISG2 Engine 48V technology,1.0,Other,permanent magnet synchronous,15,GDI,Spark Ignition Direct Injection,N,N,N,5W30,Y,Yes,GLE 350,31.0,5,5,TMBXT02.0HY1,6,,5000.0,434,318,382,,,
2026,Mercedes-Benz,Mercedes-Benz,GLE 350 4MATIC,MBX,415,2.0,4,Auto(A9),19,26,22,24.3,36.1,28.4907,19.2932,25.6084,21.7015,TC,Turbocharged,A,Automatic,9,Y,N,A,All Wheel Drive,10.0,GPR,Gasoline (Premium Unleaded Required),MPG,miles per gallon,T,Truck,,,,,2850,2850,SIDI; Mild Hybrid; ,2,2,31,Small SUV 4WD,,Derived 5-cycle label,2025-06-06,36730,,N,N,N,,N,,Y,Allows timing of the intake/exhaust valves to be changed while the engine is in operation,N,,Battery(s),1.0,Lithium Ion,48.0,20.0,80.0,On-Board,Electrical Regen Brake,Both,N,ISG2 Engine 48V technology,1.0,Other,permanent magnet synchronous,15,GDI,Spark Ignition Direct Injection,N,N,N,5W30,Y,Yes,GLE 350 4MATIC,28.7,4,4,TMBXT02.0HY1,6,,5750.0,461,347,410,,,
2026,BMW,Mini,Countryman S ALL4,BMX,62,2.0,4,Auto(AM-S7),24,32,27,30.8442,46.4192,36.3295,23.9793,32.1769,27.0844,TC,Turbocharged,AMS,Automated Manual- Selectable (e.g. Automated Manual with paddles),7,N,N,A,All Wheel Drive,10.0,GP,Gasoline (Premium Unleaded Recommended),MPG,miles per gallon,T,Truck,,,,,2300,2300,SIDI & PFI; ,2,2,31,Small SUV 4WD,,Derived 5-cycle label,2025-08-01,37085,Y,N,N,N,,N,,Y,Variable Valve Timing at inlet and outlet valves,Y,Variable Valve Lift at inlet valves,,,,,,,,,,,,,,,,GDPI,Spark Ignition direct & ported injection,N,N,N,0W-20,Y,Yes,,,5,5,TBMXJ02.0M4P,7,,3000.0,366,273,324,,,
2026,BMW,Mini,JCW Countryman ALL4,BMX,86,2.0,4,Auto(AM-S7),23,30,25,28.7573,43.6041,33.9608,22.5063,30.4149,25.4888,TC,Turbocharged,AMS,Automated Manual- Selectable (e.g. Automated Manual with paddles),7,N,N,A,All Wheel Drive,10.0,GP,Gasoline (Premium Unleaded Recommended),MPG,miles per gallon,T,Truck,,,,,2500,2500,SIDI & PFI; ,2,2,31,Small SUV 4WD,,Derived 5-cycle label,2025-08-01,37117,Y,N,N,N,,N,,Y,Variable Valve Timing at inlet and outlet valves,Y,Variable Valve Lift at inlet valves,,,,,,,,,,,,,,,,GDPI,Spark Ignition direct & ported injection,,,N,0W-20,Y,Yes,,,5,5,TBMXJ02.0T4P,5,,4000.0,389,288,344,,,
2026,Mitsubishi Motors Co,Mitsubishi Motors Corporation,ECLIPSE CROSS 4WD,MTX,231,1.5,4,Auto(AV-S8),25,26,25,32.2304,40.8995,35.6288,24.947,26.0,25.0,TC,Turbocharged,SCV,Selectable Continuously Variable (e.g. CVT with paddles),8,Y,N,4,4-Wheel Drive,10.0,G,Gasoline (Regular Unleaded Recommended),MPG,miles per gallon,T,Truck,,,,,2000,2000,SIDI; ,2,2,31,Small SUV 4WD,,Derived Vehicle Specific 5-cycle Calculation Approach for city label but Modified 5-cycle Calculation Approach for Highway label,2025-08-31,36791,N,N,N,N,,N,,Y,DOHC continuous Variable Valve Timing System with both inlet and exhaust,N,,,,,,,,,,,,,,,,,GDI,Spark Ignition Direct Injection,,,N,0W20,N,No,,,5,5,TMTXT01.5G8W,2,,1500.0,354,338,353,,,
2026,Mitsubishi Motors Co,Mitsubishi Motors Corporation,ECLIPSE CROSS ES 4WD,MTX,233,1.5,4,Auto(AV-S8),25,28,26,33.4645,42.2916,36.9334,25.0,28.1179,26.0,TC,Turbocharged,SCV,Selectable Continuously Variable (e.g. CVT with paddles),8,Y,N,4,4-Wheel Drive,10.0,G,Gasoline (Regular Unleaded Recommended),MPG,miles per gallon,T,Truck,,,,,1900,1900,SIDI; ,2,2,31,Small SUV 4WD,,Derived Vehicle Specific 5-cycle Calculation Approach for city label but Modified 5-cycle Calculation Approach for Highway label,2025-08-31,36790,Y,N,N,N,,N,,Y,DOHC continuous Variable Valve Timing System with both inlet and exhaust,N,,,,,,,,,,,,,,,,,GDI,Spark Ignition Direct Injection,,,N,0W20,N,No,,,5,5,TMTXT01.5G8W,2,,1000.0,354,312,339,,,
2026,Nissan,NISSAN,KICKS AWD,NSX,392,2.0,4,Auto(AV),27,34,30,36.4574,49.4564,41.3479,27.0,34.0535,30.3344,,Naturally Aspirated,CVT,Continuously Variable,1,Y,N,A,All Wheel Drive,10.0,G,Gasoline (Regular Unleaded Recommended),MPG,miles per gallon,T,Truck,,,,,1650,1650,SIDI; ,2,2,31,Small SUV 4WD,,Derived 5-cycle label,2025-09-05,37254,N,,N,N,Fof KICKS AWD,N,,Y,"INT;ECM and VTC controller controlled, Electric driven EXH;ECM controlled, Oil pressure driven",N,,,,,,,,,,,,,,,,,GDI,Spark Ignition Direct Injection,,,N,SAE 0W-20,N,No,,,6,6,TNSXJ02.0JMF,7,250.0,,330,261,299,,,
2026,Nissan,NISSAN,MURANO AWD,NSX,226,2.0,4,Auto(S9),21,27,23,28.2377,39.1716,32.2941,21.0,27.0,23.0,TC,Turbocharged,SA,Semi-Automatic,9,Y,N,A,All Wheel Drive,15.0,G,Gasoline (Regular Unleaded Recommended),MPG,miles per gallon,T,Truck,,,,,2150,2150,SIDI & PFI; ,2,2,31,Small SUV 4WD,,Derived 5-cycle label,2025-09-25,37548,N,,N,N,"MURANO FWD, MURANO AWD, PATHFINDER 2WD, PATHFINDER 4WD",N,,Y,"INT:ECM controlled, Motor driven EXH:ECM controlled, Oil pressure driven",N,,,,,,,,,,,,,,,,,GDPI,Spark Ignition direct & ported injection,,,N,SAE 0W-20,Y,Yes,,,5,5,TNSXT02.0FVM,5,,2250.0,424,330,387,,,
2026,Nissan,NISSAN,ROGUE AWD,NSX,197,1.5,3,Auto(AV-S8),28,35,31,37.891,50.2562,42.6086,28.0,34.5435,31.1368,TC,Turbocharged,SCV,Selectable Continuously Variable (e.g. CVT with paddles),8,Y,N,A,All Wheel Drive,15.0,G,Gasoline (Regular Unleaded Recommended),MPG,miles per gallon,T,Truck,,,,,1600,1600,SIDI; ,2,2,31,Small SUV 4WD,,Derived 5-cycle label,2025-07-29,36999,N,,N,N,,N,,Y,"EXH; ECM controlled, Oil pressure driven INT; ECM controlled, Motor driven",N,,,,,,,,,,,,,,,,,GDI,Spark Ignition Direct Injection,,,N,SAE 0W-20,Y,Yes,,,6,6,TNSXT01.5E3J,5,500.0,,318,258,291,,,
2026,Nissan,NISSAN,ROGUE AWD ROCK CREEK,NSX,199,1.5,3,Auto(AV-S8),27,32,29,36.5,46.9,40.5459,27.0,32.4757,29.0,TC,Turbocharged,SCV,Selectable Continuously Variable (e.g. CVT with paddles),8,Y,N,A,All Wheel Drive,15.0,G,Gasoline (Regular Unleaded Recommended),MPG,miles per gallon,T,Truck,,,,,1700,1700,SIDI; ,2,2,31,Small SUV 4WD,,Derived 5-cycle label,2025-07-29,36817,Y,,N,N,,N,,Y,"EXH; ECM controlled, Oil pressure driven INT; ECM controlled, Motor driven",N,,,,,,,,,,,,,,,,,GDI,Spark Ignition Direct Injection,,,N,SAE 0W-20,Y,Yes,,,6,6,TNSXT01.5E3U,5,0.0,,330,274,307,,,
2026,Porsche,Porsche,Macan,PRX,301,2.0,4,Auto(AM-S7),19,25,21,25.9,35.6,29.5194,19.0,25.2823,21.0,TC,Turbocharged,AMS,Automated Manual- Selectable (e.g. Automated Manual with paddles),7,N,N,A,All Wheel Drive,10.0,GPR,Gasoline (Premium Unleaded Required),MPG,miles per gallon,T,Truck,,,,,2950,2950,SIDI; ,2,2,31,Small SUV 4WD,,Derived 5-cycle label,2025-08-01,37144,,N,N,N,TWC/MAP/DFI/WR-HO2S/HO2S/TC/CAC,N,,Y,VarioCam Plus,Y,VarioCam Plus,,,,,,,,,,,,,,,,GDI,Spark Ignition Direct Injection,,,N,0W40,Y,Yes,Macan,,4,4,TPRXT02.0MR4,4,,6250.0,468,352,423,,,
2026,Porsche,Porsche,Macan GTS,PRX,370,2.9,6,Auto(AM-S7),17,22,19,22.2,32.2,25.8065,17.0,22.0,19.0,TC,Turbocharged,AMS,Automated Manual- Selectable (e.g. Automated Manual with paddles),7,N,N,A,All Wheel Drive,10.0,GPR,Gasoline (Premium Unleaded Required),MPG,miles per gallon,T,Truck,,,,,3300,3300,SIDI; ,2,2,31,Small SUV 4WD,,Derived 5-cycle label,2025-08-01,37328,,N,N,N,,N,,Y,VarioCam,Y,VarioCam Plus,,,,,,,,,,,,,,,,GDI,Spark Ignition Direct Injection,,,N,0W40,Y,Yes,Macan,,4,4,TPRXT03.0CV6,4,,8000.0,521,403,466,,,
2026,Porsche,Porsche,Macan S,PRX,310,2.9,6,Auto(AM-S7),17,23,19,22.8,32.4,26.3077,17.0,23.1778,19.0,TC,Turbocharged,AMS,Automated Manual- Selectable (e.g. Automated Manual with paddles),7,N,N,A,All Wheel Drive,10.0,GPR,Gasoline (Premium Unleaded Required),MPG,miles per gallon,T,Truck,,,,,3300,3300,SIDI; ,2,2,31,Small SUV 4WD,,Derived 5-cycle label,2025-08-01,37268,,N,N,N,Engine for Macan S,N,,Y,VarioCam,Y,VarioCam Plus,,,,,,,,,,,,,,,,GDI,Spark Ignition Direct Injection,,,N,0W40,Y,Yes,Macan,,4,4,TPRXT03.0CV6,4,,8000.0,520,381,465,,,
2026,Porsche,Porsche,Macan T,PRX,314,2.0,4,Auto(AM-S7),19,25,21,24.8,34.6,28.4227,19.0,24.6279,21.0,TC,Turbocharged,AMS,Automated Manual- Selectable (e.g. Automated Manual with paddles),7,N,N,A,All Wheel Drive,10.0,GPR,Gasoline (Premium Unleaded Required),MPG,miles per gallon,T,Truck,,,,,2950,2950,SIDI; ,2,2,31,Small SUV 4WD,,Derived 5-cycle label,2025-08-01,37147,,N,N,N,TWC/MAP/DFI/WR-HO2S/HO2S/TC/CAC,N,,Y,VarioCam Plus,Y,VarioCam Plus,,,,,,,,,,,,,,,,GDI,Spark Ignition Direct Injection,,,N,0W40,Y,Yes,,,4,4,TPRXT02.0MR4,4,,6250.0,468,361,423,,,
2026,Subaru,Subaru,CROSSTREK AWD,FJX,40,2.5,4,Auto(AV-S8),26,33,29,34.1086,48.2721,39.2972,26.2447,33.3247,29.0191,,Naturally Aspirated,SCV,Selectable Continuously Variable (e.g. CVT with paddles),8,Y,N,A,All Wheel Drive,15.0,G,Gasoline (Regular Unleaded Recommended),MPG,miles per gallon,T,Truck,,,,,1700,1700,SIDI; ,2,2,31,Small SUV 4WD,,Derived 5-cycle label,2025-08-03,37288,N,N,N,N,,N,,Y,Intake and Exhaust,N,,,,,,,,,,,,,,,,,GDI,Spark Ignition Direct Injection,,,N,ILSAC GF-6B 0W-16,Y,Yes,,,6,6,TFJXJ02.5VDH,6,0.0,,339,268,307,,,
2026,Subaru,Subaru,CROSSTREK HYBRID AWD,FJX,91,2.5,4,Auto(AV-S6),36,36,36,53.4,50.2,51.9109,36.3074,36.098,36.2129,,Naturally Aspirated,SCV,Selectable Continuously Variable (e.g. CVT with paddles),6,N,N,A,All Wheel Drive,15.0,G,Gasoline (Regular Unleaded Recommended),MPG,miles per gallon,T,Truck,,,,,1400,1400,SIDI; Hybrid; ,2,2,31,Small SUV 4WD,,Vehicle Specific 5-cycle label,2025-08-03,37290,N,N,N,N,,N,,Y,Intake,N,,Battery(s),1.0,Lithium Ion,259.0,4.0,60.5,On-Board,Electrical Regen Brake,Both,N,,1.0,"DC Permanent Magnet, brushless",,77,GDI,Spark Ignition Direct Injection,N,N,N,ILSAC GF-6B 0W-16,N,No,,,7,7,TFJXT02.5XEJ,7,1500.0,,244,247,246,,,
2026,Subaru,Subaru,CROSSTREK WILDERNESS AWD,FJX,41,2.5,4,Auto(AV-S8),24,29,26,31.5,41.7,35.3961,24.4382,29.2106,26.3775,,Naturally Aspirated,SCV,Selectable Continuously Variable (e.g. CVT with paddles),8,Y,N,A,All Wheel Drive,15.0,G,Gasoline (Regular Unleaded Recommended),MPG,miles per gallon,T,Truck,,,,,1900,1900,SIDI; ,2,2,31,Small SUV 4WD,,Derived 5-cycle label,2025-08-03,37289,Y,N,N,N,,N,,Y,Intake and Exhaust,N,,,,,,,,,,,,,,,,,GDI,Spark Ignition Direct Injection,,,N,ILSAC GF-6B 0W-16,Y,Yes,,,5,5,TFJXJ02.5VDH,6,,1000.0,364,305,337,,,
2026,Subaru,Subaru,FORESTER AWD,FJX,18,2.5,4,Auto(AV-S8),26,33,29,33.6196,47.9,38.8288,25.9083,33.095,28.7142,,Naturally Aspirated,SCV,Selectable Continuously Variable (e.g. CVT with paddles),8,Y,N,A,All Wheel Drive,15.0,G,Gasoline (Regular Unleaded Recommended),MPG,miles per gallon,T,Truck,,,,,1700,1700,SIDI; ,2,2,31,Small SUV 4WD,,Derived 5-cycle label,2025-08-03,37292,N,N,N,N,,N,,Y,Intake and Exhaust,N,,,,,,,,,,,,,,,,,GDI,Spark Ignition Direct Injection,,,N,ILSAC GF-6B 0W-16,Y,Yes,,,6,6,TFJXJ02.5VDH,6,0.0,,343,269,310,,,
2026,Subaru,Subaru,FORESTER SPORT/TOURING AWD,FJX,20,2.5,4,Auto(AV-S8),25,32,28,32.9,46.2,37.7963,25.4114,32.0405,28.0202,,Naturally Aspirated,SCV,Selectable Continuously Variable (e.g. CVT with paddles),8,Y,N,A,All Wheel Drive,15.0,G,Gasoline (Regular Unleaded Recommended),MPG,miles per gallon,T,Truck,,,,,1750,1750,SIDI; ,2,2,31,Small SUV 4WD,,Derived 5-cycle label,2025-08-03,37291,Y,N,N,N,,N,,Y,Intake and Exhaust,N,,,,,,,,,,,,,,,,,GDI,Spark Ignition Direct Injection,,,N,ILSAC GF-6B 0W-16,Y,Yes,,,5,5,TFJXJ02.5VDH,6,,250.0,350,278,317,,,
2026,Subaru,Subaru,FORESTER WILDERNESS AWD,FJX,80,2.5,4,Auto(AV-S8),24,28,26,30.6,40.4,34.3495,23.808,28.3824,25.6697,,Naturally Aspirated,SCV,Selectable Continuously Variable (e.g. CVT with paddles),8,Y,N,A,All Wheel Drive,15.0,G,Gasoline (Regular Unleaded Recommended),MPG,miles per gallon,T,Truck,,,,,1900,1900,SIDI; ,2,2,31,Small SUV 4WD,,Derived 5-cycle label,2025-08-03,37293,Y,N,N,N,,N,,Y,Intake and Exhaust,N,,,,,,,,,,,,,,,,,GDI,Spark Ignition Direct Injection,,,N,ILSAC GF-6B 0W-16,Y,Yes,,,5,5,TFJXJ02.5VDH,6,,1000.0,374,315,347,,,
2026,Subaru,Subaru,OUTBACK AWD,FJX,19,2.5,4,Auto(AV-S8),25,31,27,31.6409,44.2256,36.2875,24.5365,30.8058,27.0101,,Naturally Aspirated,SCV,Selectable Continuously Variable (e.g. CVT with paddles),8,Y,N,A,All Wheel Drive,15.0,G,Gasoline (Regular Unleaded Recommended),MPG,miles per gallon,T,Truck,,,,,1850,1850,SIDI; ,2,2,31,Small SUV 4WD,,Derived 5-cycle label,2025-08-21,37296,N,N,N,N,,N,,Y,Intake and Exhaust,N,,,,,,,,,,,,,,,,,GDI,Spark Ignition Direct Injection,,,N,ILSAC GF-6B 0W-16,Y,Yes,,,5,5,TFJXJ02.5VDH,6,,750.0,363,289,330,,,
2026,Subaru,Subaru,OUTBACK AWD,FJX,21,2.4,4,Auto(AV-S8),21,29,24,27.3,40.6,32.0202,21.4659,28.5101,24.1511,TC,Turbocharged,SCV,Selectable Continuously Variable (e.g. CVT with paddles),8,Y,N,A,All Wheel Drive,15.0,G,Gasoline (Regular Unleaded Recommended),MPG,miles per gallon,T,Truck,,,,,2050,2050,SIDI; ,2,2,31,Small SUV 4WD,,Derived 5-cycle label,2025-08-21,37297,N,N,N,N,,N,,Y,Intake and Exhaust,N,,,,,,,,,,,,,,,,,GDI,Spark Ignition Direct Injection,,,N,ILSAC GF-6A 0W-20,Y,Yes,,,5,5,TFJXT02.4RAB,5,,1750.0,414,313,369,,,
2026,Subaru,Subaru,OUTBACK WILDERNESS AWD,FJX,75,2.4,4,Auto(AV-S8),21,27,23,26.5,37.6,30.5597,20.8906,26.5822,23.118,TC,Turbocharged,SCV,Selectable Continuously Variable (e.g. CVT with paddles),8,Y,N,A,All Wheel Drive,15.0,G,Gasoline (Regular Unleaded Recommended),MPG,miles per gallon,T,Truck,,,,,2150,2150,SIDI; ,2,2,31,Small SUV 4WD,,Derived 5-cycle label,2025-08-21,37298,Y,N,N,N,,N,,Y,Intake and Exhaust,N,,,,,,,,,,,,,,,,,GDI,Spark Ignition Direct Injection,,,N,ILSAC GF-6A 0W-20,Y,Yes,,,5,5,TFJXT02.4RAB,5,,2250.0,426,336,385,,,
2026,Toyota,TOYOTA,COROLLA CROSS AWD,TYX,7,2.0,4,Auto(AV-S10),29,31,30,39.8593,49.8945,43.8259,29.0,31.0177,30.0,,Naturally Aspirated,SCV,Selectable Continuously Variable (e.g. CVT with paddles),10,Y,N,A,All Wheel Drive,15.0,G,Gasoline (Regular Unleaded Recommended),MPG,miles per gallon,T,Truck,,,,,1650,1650,SIDI & PFI; ,2,2,31,Small SUV 4WD,,Derived Vehicle Specific 5-cycle Calculation Approach for city label but Modified 5-cycle Calculation Approach for Highway label,2025-08-05,37500,N,N,N,N,,N,,Y,Intake and exhaust,N,,,,,,,,,,,,,,,,,GDPI,Spark Ignition direct & ported injection,,,N,0W-8,Y,Yes,,,6,6,TTYXT02.0E4A,5,250.0,,307,284,295,,,
2026,Toyota,TOYOTA,COROLLA CROSS HYBRID AWD,TYX,8,2.0,4,Auto(AV-S6),46,39,42,65.2102,57.2653,61.3782,46.0,39.0,42.0,,Naturally Aspirated,SCV,Selectable Continuously Variable (e.g. CVT with paddles),6,N,N,A,All Wheel Drive,15.0,G,Gasoline (Regular Unleaded Recommended),MPG,miles per gallon,T,Truck,,,,,1200,1200,SIDI & PFI; Hybrid; ,2,2,31,Small SUV 4WD,,Vehicle Specific 5-cycle label,2025-08-05,37501,N,N,N,N,,N,,Y,Intake and exhaust,N,,Battery(s),1.0,Lithium Ion,222.0,4.08,80.7,On-Board,Electrical Regen Brake,Both,N,"""30kWatt"" of Rated Motor/Generator Power is only for AWD.",2.0,Other,AC Synchronous,30 and 83,GDPI,Spark Ignition direct & ported injection,N,N,N,0W-16,Y,Yes,HYBRID,,7,7,TTYXT02.0H3A,6,2500.0,,192,227,211,,,
2026,Volkswagen Group of,Volkswagen,Atlas 4Motion Peak Edition,VGA,12,2.0,4,Auto(S8),19,25,21,23.5,35.4,27.6885,18.7066,25.1517,21.1449,TC,Turbocharged,SA,Semi-Automatic,8,Y,N,A,All Wheel Drive,15.0,G,Gasoline (Regular Unleaded Recommended),MPG,miles per gallon,T,Truck,,,,,2350,2350,SIDI; ,2,2,31,Small SUV 4WD,,Derived 5-cycle label,2025-05-26,36572,Y,N,N,N,DRKB var: 0,N,,Y,Electronic / Hydraulic,Y,Audi Valve Lift System,,,,,,,,,,,,,,,,GDI,Spark Ignition Direct Injection,,,N,0W20 VW50800,Y,Yes,,,4,4,TVGAT02.0V7A,4,,3250.0,476,355,421,,,
2026,Volkswagen Group of,Volkswagen,Atlas Cross Sport 4Motion,VGA,11,2.0,4,Auto(S8),20,26,22,24.6293,36.1279,28.7465,19.5338,25.6265,21.874,TC,Turbocharged,SA,Semi-Automatic,8,Y,N,A,All Wheel Drive,15.0,G,Gasoline (Regular Unleaded Recommended),MPG,miles per gallon,T,Truck,,,,,2250,2250,SIDI; ,2,2,31,Small SUV 4WD,,Derived 5-cycle label,2025-05-26,36571,N,N,N,N,DRKB var: 0,N,,Y,Electronic / Hydraulic,Y,Audi Valve Lift System,,,,,,,,,,,,,,,,GDI,Spark Ignition Direct Injection,,,N,0W20 VW50800,Y,Yes,,,4,4,TVGAT02.0V7A,4,,2750.0,456,348,407,,,
2026,Volkswagen Group of,Volkswagen,Atlas SE 4Motion,VGA,10,2.0,4,Auto(S8),20,26,22,24.6293,36.1279,28.7465,19.5338,25.6265,21.874,TC,Turbocharged,SA,Semi-Automatic,8,Y,N,A,All Wheel Drive,15.0,G,Gasoline (Regular Unleaded Recommended),MPG,miles per gallon,T,Truck,,,,,2250,2250,SIDI; ,2,2,31,Small SUV 4WD,,Derived 5-cycle label,2025-05-26,36570,N,N,N,N,DRKB var: 0,N,,Y,Electronic / Hydraulic,Y,Audi Valve Lift System,,,,,,,,,,,,,,,,GDI,Spark Ignition Direct Injection,,,N,0W20 VW50800,Y,Yes,,,4,4,TVGAT02.0V7A,4,,2750.0,456,348,407,,,
2026,Volkswagen Group of,Volkswagen,Atlas SEL 4Motion,VGA,9,2.0,4,Auto(S8),19,25,21,23.9,35.3,27.9639,19.0003,25.0863,21.3288,TC,Turbocharged,SA,Semi-Automatic,8,Y,N,A,All Wheel Drive,15.0,G,Gasoline (Regular Unleaded Recommended),MPG,miles per gallon,T,Truck,,,,,2350,2350,SIDI; ,2,2,31,Small SUV 4WD,,Derived 5-cycle label,2025-05-26,36569,Y,N,N,N,DRKB var: 0,N,,Y,Electronic / Hydraulic,Y,Audi Valve Lift System,,,,,,,,,,,,,,,,GDI,Spark Ignition Direct Injection,,,N,0W20 VW50800,Y,Yes,,,4,4,TVGAT02.0V7A,4,,3250.0,468,355,417,,,
2026,Volkswagen Group of,Volkswagen,Taos 4Motion,VGA,28,1.5,4,Auto(S8),25,33,28,32.4499,47.0474,37.7159,25.0995,32.5671,27.9874,TC,Turbocharged,SA,Semi-Automatic,8,Y,N,4,4-Wheel Drive,15.0,G,Gasoline (Regular Unleaded Recommended),MPG,miles per gallon,T,Truck,,,100.0,28.0,1750,1750,SIDI; ,2,2,31,Small SUV 4WD,,Derived 5-cycle label,2025-06-27,37083,Y,N,N,N,Applies to DYBA var: 0,N,,Y,-,N,,,,,,,,,,,,,,,,,GDI,Spark Ignition Direct Injection,,,N,0W20 VW50800,Y,Yes,,38.0,5,5,TVGAJ01.5V2L,7,,250.0,355,274,318,,,
2026,Volkswagen Group of,Volkswagen,Tiguan 4Motion,VGA,34,2.0,4,Auto(S8),22,30,25,28.5,43.4,33.7076,22.3233,30.2863,25.3189,TC,Turbocharged,SA,Semi-Automatic,8,Y,N,A,All Wheel Drive,15.0,G,Gasoline (Regular Unleaded Recommended),MPG,miles per gallon,T,Truck,,,,,2000,2000,SIDI; ,2,2,31,Small SUV 4WD,,Derived 5-cycle label,2025-07-31,37081,Y,N,N,N,DYKA var: 0 for AWD,N,,Y,Hydraulic/Hydraulic,N,,,,,,,,,,,,,,,,,GDI,Spark Ignition Direct Injection,,,N,0W20 VW50800,Y,Yes,,,5,5,TVGAJ02.0V3G,6,,1500.0,398,294,351,,,
2026,Volkswagen Group of,Volkswagen,Tiguan SEL 4Motion,VGA,35,2.0,4,Auto(S8),22,29,25,28.0,41.9,32.9135,21.9668,29.3376,24.7669,TC,Turbocharged,SA,Semi-Automatic,8,Y,N,A,All Wheel Drive,15.0,G,Gasoline (Regular Unleaded Recommended),MPG,miles per gallon,T,Truck,,,,,2000,2000,SIDI; ,2,2,31,Small SUV 4WD,,Derived 5-cycle label,2025-07-31,37082,Y,N,N,N,DYKA var: 0 for AWD,N,,Y,Hydraulic/Hydraulic,N,,,,,,,,,,,,,,,,,GDI,Spark Ignition Direct Injection,,,N,0W20 VW50800,Y,Yes,,,5,5,TVGAJ02.0V3G,6,,1500.0,406,304,360,,,
2026,Volvo,"Volvo Cars of North America, LLC",XC40 B5 AWD,VVX,240,2.0,4,Auto(S8),23,30,26,30.0,43.0,34.7241,23.3858,30.034,25.973,TC,Turbocharged,SA,Semi-Automatic,8,Y,N,A,All Wheel Drive,10.0,GPR,Gasoline (Premium Unleaded Required),MPG,miles per gallon,T,Truck,,,,,2400,2400,SIDI; Mild Hybrid; ,2,2,31,Small SUV 4WD,,Derived 5-cycle label,2025-05-23,36332,,N,N,N,"XC40 B5 AWD, S90 B5, V60CC B5 AWD",N,,Y,Timing on both intake and exhaust side.,N,,Battery(s),1.0,Lithium Ion,44.0,8.4,56.0,On-Board,Electrical Regen Brake,Both,N,,1.0,"DC Permanent Magnet, brushless",,10,GDI,Spark Ignition Direct Injection,N,N,N,0W-20 C6 (API SP),Y,Yes,Blank,34.7,5,5,TVVXJ02.0U70,4,,3500.0,381,296,343,,,
2026,Volvo,"Volvo Cars of North America, LLC",XC60 B5 AWD,VVX,260,2.0,4,Auto(S8),23,30,26,29.5997,43.6,34.5992,23.1032,30.4124,25.9048,TC,Turbocharged,SA,Semi-Automatic,8,Y,N,A,All Wheel Drive,10.0,GPR,Gasoline (Premium Unleaded Required),MPG,miles per gallon,T,Truck,,,,,2400,2400,SIDI; Mild Hybrid; ,2,2,31,Small SUV 4WD,,Derived 5-cycle label,2025-05-23,36336,,N,N,N,Mechanical Turbo and Electric supercharger,N,,Y,Timing on both intake and exhaust side.,N,,Battery(s),1.0,Lithium Ion,44.0,8.4,56.0,On-Board,Electrical Regen Brake,Both,N,,1.0,"DC Permanent Magnet, brushless",,10,GDI,Spark Ignition Direct Injection,N,N,N,0W-20 / C6 (API SP),Y,Yes,Blank,,5,5,TVVXT02.0S31,6,,3500.0,384,292,343,,,
2026,BMW,BMW,X5 sDrive40i,BMX,570,3.0,6,Auto(S8),23,27,25,29.7,37.9,32.9035,23.1741,26.7761,24.6674,TC,Turbocharged,SA,Semi-Automatic,8,Y,N,R,"2-Wheel Drive, Rear",10.0,GP,Gasoline (Premium Unleaded Recommended),MPG,miles per gallon,T,Truck,,,,,2500,2500,SIDI & PFI; Mild Hybrid; ,2,2,32,Standard SUV 2WD,,Derived 5-cycle label,2025-04-01,36610,N,N,N,N,,N,,Y,Variable Valve Timing at inlet and outlet valves,Y,Variable Valve Lift at inlet valves and two settings at outlet valves,Battery(s),1.0,Lithium Ion,44.0,10.0,38.0,On-Board,Electrical Regen Brake,Both,N,"Starter Generator Engine with 48V Technology; Motor/Generator Type: permanent magnet synchronous machine (PMSM); Rated Motor/Generator Power: 9 kW (X7 xDrive40i, X5 sDrive40i, X5 xDrive40i and X6 xDrive40i), 13 kW (740i Sedan and 740i xDrive Sedan) / X7 xDrive40i, X5 sDrive40i, X5 xDrive40i and X6 xDrive40i; Battery Energy Capacity: 10.0 Ah, Total Voltage of Battery Pack(s): 44 V, Battery Specific Energy: 38 Wh/kg / 740i Sedan and 740i xDrive Sedan; Battery Energy Capacity: 20.0 Ah, Total Voltage of Battery Pack(s): 46.2 V, Battery Specific Energy: 47 Wh/kg",1.0,Other,PMSM,9,GDPI,Spark Ignition direct & ported injection,N,N,N,0W-12,Y,Yes,,,5,5,TBMXJ03.0B58,6,,4000.0,383,331,360,,,
2026,General Motors,Buick,ENCLAVE FWD,GMX,853,2.5,4,Auto(A8),20,25,22,25.3,37.4,29.611,20.0221,25.0,22.4814,TC,Turbocharged,A,Automatic,8,Y,N,F,"2-Wheel Drive, Front",10.0,G,Gasoline (Regular Unleaded Recommended),MPG,miles per gallon,T,Truck,,,,,2250,2250,SIDI; ,2,2,32,Standard SUV 2WD,,Derived 5-cycle label,2025-07-07,36797,N,N,N,N,,N,,Y,Cam Phaser,N,,,,,,,,,,,,,,,,,GDI,Spark Ignition Direct Injection,,,N,0W20,Y,Yes,,,4,4,TGMXT02.5000,6,,2750.0,444,356,404,,,
2026,General Motors,Chevrolet,SUBURBAN 2WD,GMX,583,6.2,8,Auto(A10),15,19,16,18.2,27.3,21.4118,14.7421,18.8593,16.3481,,Naturally Aspirated,A,Automatic,10,Y,N,R,"2-Wheel Drive, Rear",10.0,GP,Gasoline (Premium Unleaded Recommended),MPG,miles per gallon,T,Truck,,,,,3900,3900,SIDI; ,1,1,32,Standard SUV 2WD,,Derived Vehicle Specific 5-cycle Calculation Approach for city label but Modified 5-cycle Calculation Approach for Highway label,2025-09-08,36831,N,N,N,N,,Y,Dynamic Fuel Management,Y,cam phaser,N,,,,,,,,,,,,,,,,,GDI,Spark Ignition Direct Injection,,,N,0W20,Y,Yes,,,3,3,TGMXT06.2375,5,,11000.0,605,470,544,,,
2026,General Motors,Chevrolet,SUBURBAN 2WD,GMX,593,5.3,8,Auto(A10),15,20,17,19.5,29.9,23.1186,14.9986,19.6041,16.7716,,Naturally Aspirated,A,Automatic,10,Y,N,R,"2-Wheel Drive, Rear",10.0,G,Gasoline (Regular Unleaded Recommended),MPG,miles per gallon,T,Truck,,,,,2900,2900,SIDI; ,1,1,32,Standard SUV 2WD,,Vehicle Specific 5-cycle label,2025-09-08,36924,N,N,N,N,,Y,Dynamic Fuel Management,Y,cam phaser,N,,,,,,,,,,,,,,,,,GDI,Spark Ignition Direct Injection,,,N,0W20,Y,Yes,,,3,3,TGMXT05.3330,6,,6000.0,592,453,530,,,
2026,General Motors,Chevrolet,SUBURBAN 2WD,GMX,763,3.0,6,Auto(A10),21,26,23,27.5,40.1,32.0288,21.0,26.441,23.0,TC,Turbocharged,A,Automatic,10,Y,N,R,"2-Wheel Drive, Rear",,DU,"Diesel, ultra low sulfur (15 ppm, maximum)",MPG,miles per gallon,T,Truck,,,,,2350,2350,,2,2,32,Standard SUV 2WD,,Derived Vehicle Specific 5-cycle Calculation Approach for city label but Modified 5-cycle Calculation Approach for Highway label,2025-08-25,37236,N,N,N,N,,N,,N,,N,,,,,,,,,,,,,,,,,CRDI,Common Rail Direct Diesel Injection,,,N,0W20,Y,Yes,,,5,4,TGMXT03.0353,4,,3250.0,485,385,442,,,
2026,General Motors,Chevrolet,TAHOE 2WD,GMX,581,6.2,8,Auto(A10),15,20,17,18.7392,29.6,22.4452,15.1518,20.025,17.0151,,Naturally Aspirated,A,Automatic,10,Y,N,R,"2-Wheel Drive, Rear",10.0,GP,Gasoline (Premium Unleaded Recommended),MPG,miles per gallon,T,Truck,,,,,3650,3650,SIDI; ,1,1,32,Standard SUV 2WD,,Derived Vehicle Specific 5-cycle Calculation Approach for city label but Modified 5-cycle Calculation Approach for Highway label,2025-09-08,36829,N,N,N,N,,Y,Dynamic Fuel Management,Y,cam phaser,N,,,,,,,,,,,,,,,,,GDI,Spark Ignition Direct Injection,,,N,0W20,Y,Yes,,,3,3,TGMXT06.2375,5,,9750.0,587,444,523,,,
2026,General Motors,Chevrolet,TAHOE 2WD,GMX,591,5.3,8,Auto(A10),15,20,17,19.5,29.9,23.1186,14.9986,19.6041,16.7716,,Naturally Aspirated,A,Automatic,10,Y,N,R,"2-Wheel Drive, Rear",10.0,G,Gasoline (Regular Unleaded Recommended),MPG,miles per gallon,T,Truck,,,,,2900,2900,SIDI; ,1,1,32,Standard SUV 2WD,,Vehicle Specific 5-cycle label,2025-09-08,36923,N,N,N,N,,Y,Dynamic Fuel Management,Y,cam phaser,N,,,,,,,,,,,,,,,,,GDI,Spark Ignition Direct Injection,,,N,0W20,Y,Yes,,,3,3,TGMXT05.3330,6,,6000.0,592,453,530,,,
2026,General Motors,Chevrolet,TAHOE 2WD,GMX,778,3.0,6,Auto(A10),22,26,24,28.4,40.1,32.6924,22.2521,26.0143,23.8011,TC,Turbocharged,A,Automatic,10,Y,N,R,"2-Wheel Drive, Rear",,DU,"Diesel, ultra low sulfur (15 ppm, maximum)",MPG,miles per gallon,T,Truck,,,,,2250,2250,,2,2,32,Standard SUV 2WD,,Derived Vehicle Specific 5-cycle Calculation Approach for city label but Modified 5-cycle Calculation Approach for Highway label,2025-08-25,37233,N,N,N,N,,N,,N,,N,,,,,,,,,,,,,,,,,CRDI,Common Rail Direct Diesel Injection,,,N,0W20,Y,Yes,,,5,4,TGMXT03.0353,4,,2750.0,457,391,427,,,
2026,General Motors,Chevrolet,TRAVERSE FWD,GMX,851,2.5,4,Auto(A8),20,26,22,25.4969,38.1873,29.9803,20.1651,26.0,22.0,TC,Turbocharged,A,Automatic,8,Y,N,F,"2-Wheel Drive, Front",10.0,G,Gasoline (Regular Unleaded Recommended),MPG,miles per gallon,T,Truck,,,,,2250,2250,SIDI; ,2,2,32,Standard SUV 2WD,,Derived 5-cycle label,2025-07-07,36792,N,N,N,N,,N,,Y,Cam Phaser,N,,,,,,,,,,,,,,,,,GDI,Spark Ignition Direct Injection,,,N,0W20,Y,Yes,,,4,4,TGMXT02.5000,6,,2750.0,440,342,404,,,
2026,FCA US LLC,Dodge,Durango RWD,CRX,512,3.6,6,Auto(A8),18,25,20,22.3,35.3,26.7297,17.821,25.0863,20.4916,,Naturally Aspirated,A,Automatic,8,Y,N,R,"2-Wheel Drive, Rear",10.0,G,Gasoline (Regular Unleaded Recommended),MPG,miles per gallon,T,Truck,,,,,2500,2500,,2,2,32,Standard SUV 2WD,,Derived 5-cycle label,2025-07-21,37100,N,N,N,N,,N,,Y,Cam Phaser,N,,,,,,,,,,,,,,,,,MFI,Multipoint/sequential fuel injection,,,N,0W-20,N,No,,,4,4,TCRXT03.6570,6,,4000.0,499,355,434,,,
2026,Ford Motor Company,Ford,EXPLORER RWD,FMX,12,3.0,6,Auto(S10),18,25,21,22.9,36.2,27.436,18.2647,25.0,20.9905,TC,Turbocharged,SA,Semi-Automatic,10,Y,N,R,"2-Wheel Drive, Rear",10.0,G,Gasoline (Regular Unleaded Recommended),MPG,miles per gallon,T,Truck,,,,,2350,2350,SIDI; ,2,2,32,Standard SUV 2WD,,Derived 5-cycle label,2025-09-22,37675,N,N,N,N,,N,,Y,DOHC with VCT,N,,,,,,,,,,,,,,,,,GDI,Spark Ignition Direct Injection,,,N,SAE 5W-30 / ILSAC GF-7,Y,Yes,,,4,4,TFMXT03.0JPC,5,,3250.0,486,355,423,,,
2026,Ford Motor Company,Ford,EXPLORER RWD,FMX,16,2.3,4,Auto(A10),20,29,24,25.9,41.0,31.0452,20.4572,28.7652,23.5132,TC,Turbocharged,A,Automatic,10,Y,N,R,"2-Wheel Drive, Rear",10.0,G,Gasoline (Regular Unleaded Recommended),MPG,miles per gallon,T,Truck,,,,,2050,2050,SIDI & PFI; ,2,2,32,Standard SUV 2WD,,Derived 5-cycle label,2025-09-22,37755,N,N,N,N,,N,,Y,TiVCT,N,,,,,,,,,,,,,,,,,GDPI,Spark Ignition direct & ported injection,,,N,SAE 5W-30 / ILSAC GF-7,Y,Yes,,,5,5,TFMXT02.34K2,6,,1750.0,433,308,377,,,
2026,General Motors,GMC,ACADIA FWD,GMX,852,2.5,4,Auto(A8),20,26,22,25.5,38.2,29.9861,20.1673,26.0,22.0,TC,Turbocharged,A,Automatic,8,Y,N,F,"2-Wheel Drive, Front",10.0,G,Gasoline (Regular Unleaded Recommended),MPG,miles per gallon,T,Truck,,,,,2250,2250,SIDI; ,2,2,32,Standard SUV 2WD,,Derived 5-cycle label,2025-07-07,36794,N,N,N,N,,N,,Y,Cam Phaser,N,,,,,,,,,,,,,,,,,GDI,Spark Ignition Direct Injection,,,N,0W20,Y,Yes,,,4,4,TGMXT02.5000,6,,2750.0,440,342,404,,,
2026,General Motors,GMC,YUKON 2WD,GMX,582,6.2,8,Auto(A10),15,20,17,18.7392,29.6,22.4452,15.1518,20.025,17.0151,,Naturally Aspirated,A,Automatic,10,Y,N,R,"2-Wheel Drive, Rear",10.0,GP,Gasoline (Premium Unleaded Recommended),MPG,miles per gallon,T,Truck,,,,,3650,3650,SIDI; ,1,1,32,Standard SUV 2WD,,Derived Vehicle Specific 5-cycle Calculation Approach for city label but Modified 5-cycle Calculation Approach for Highway label,2025-09-08,36830,N,N,N,N,,Y,Dynamic Fuel Management,Y,cam phaser,N,,,,,,,,,,,,,,,,,GDI,Spark Ignition Direct Injection,,,N,0W20,Y,Yes,,,3,3,TGMXT06.2375,5,,9750.0,587,444,523,,,
2026,General Motors,GMC,YUKON 2WD,GMX,592,5.3,8,Auto(A10),15,20,17,19.5,29.9,23.1186,14.9986,19.6041,16.7716,,Naturally Aspirated,A,Automatic,10,Y,N,R,"2-Wheel Drive, Rear",10.0,G,Gasoline (Regular Unleaded Recommended),MPG,miles per gallon,T,Truck,,,,,2900,2900,SIDI; ,1,1,32,Standard SUV 2WD,,Vehicle Specific 5-cycle label,2025-09-08,36925,N,N,N,N,,Y,Dynamic Fuel Management,Y,cam phaser,N,,,,,,,,,,,,,,,,,GDI,Spark Ignition Direct Injection,,,N,0W20,Y,Yes,,,3,3,TGMXT05.3330,6,,6000.0,592,453,530,,,
2026,General Motors,GMC,YUKON 2WD,GMX,762,3.0,6,Auto(A10),21,26,23,27.5,40.1,32.0288,21.0,26.441,23.0,TC,Turbocharged,A,Automatic,10,Y,N,R,"2-Wheel Drive, Rear",,DU,"Diesel, ultra low sulfur (15 ppm, maximum)",MPG,miles per gallon,T,Truck,,,,,2350,2350,,2,2,32,Standard SUV 2WD,,Derived Vehicle Specific 5-cycle Calculation Approach for city label but Modified 5-cycle Calculation Approach for Highway label,2025-08-25,37235,N,N,N,N,,N,,N,,N,,,,,,,,,,,,,,,,,CRDI,Common Rail Direct Diesel Injection,,,N,0W20,Y,Yes,,,5,4,TGMXT03.0353,4,,3250.0,485,385,442,,,
2026,General Motors,GMC,YUKON XL 2WD,GMX,584,6.2,8,Auto(A10),15,19,16,18.2,27.3,21.4118,14.7421,18.8593,16.3481,,Naturally Aspirated,A,Automatic,10,Y,N,R,"2-Wheel Drive, Rear",10.0,GP,Gasoline (Premium Unleaded Recommended),MPG,miles per gallon,T,Truck,,,,,3900,3900,SIDI; ,1,1,32,Standard SUV 2WD,,Derived Vehicle Specific 5-cycle Calculation Approach for city label but Modified 5-cycle Calculation Approach for Highway label,2025-09-08,36832,N,N,N,N,,Y,Dynamic Fuel Management,Y,cam phaser,N,,,,,,,,,,,,,,,,,GDI,Spark Ignition Direct Injection,,,N,0W20,Y,Yes,,,3,3,TGMXT06.2375,5,,11000.0,605,470,544,,,
2026,General Motors,GMC,YUKON XL 2WD,GMX,594,5.3,8,Auto(A10),15,20,17,19.5,29.9,23.1186,14.9986,19.6041,16.7716,,Naturally Aspirated,A,Automatic,10,Y,N,R,"2-Wheel Drive, Rear",10.0,G,Gasoline (Regular Unleaded Recommended),MPG,miles per gallon,T,Truck,,,,,2900,2900,SIDI; ,1,1,32,Standard SUV 2WD,,Vehicle Specific 5-cycle label,2025-09-08,36926,N,N,N,N,,Y,Dynamic Fuel Management,Y,cam phaser,N,,,,,,,,,,,,,,,,,GDI,Spark Ignition Direct Injection,,,N,0W20,Y,Yes,,,3,3,TGMXT05.3330,6,,6000.0,592,453,530,,,
2026,General Motors,GMC,YUKON XL 2WD,GMX,761,3.0,6,Auto(A10),21,26,23,27.5,40.1,32.0288,21.0,26.441,23.0,TC,Turbocharged,A,Automatic,10,Y,N,R,"2-Wheel Drive, Rear",,DU,"Diesel, ultra low sulfur (15 ppm, maximum)",MPG,miles per gallon,T,Truck,,,,,2350,2350,,2,2,32,Standard SUV 2WD,,Derived Vehicle Specific 5-cycle Calculation Approach for city label but Modified 5-cycle Calculation Approach for Highway label,2025-08-25,37234,N,N,N,N,,N,,N,,N,,,,,,,,,,,,,,,,,CRDI,Common Rail Direct Diesel Injection,,,N,0W20,Y,Yes,,,5,4,TGMXT03.0353,4,,3250.0,485,385,442,,,
2026,Hyundai,HYUNDAI MOTOR COMPANY,Palisade FWD,HYX,20,3.5,6,Auto(S8),19,25,21,23.3919,37.0697,28.0491,18.6271,25.4842,21.1933,,Naturally Aspirated,SA,Semi-Automatic,8,Y,N,F,"2-Wheel Drive, Front",15.0,G,Gasoline (Regular Unleaded Recommended),MPG,miles per gallon,T,Truck,,,,,2350,2350,SIDI & PFI; ,2,2,32,Standard SUV 2WD,,Derived Vehicle Specific 5-cycle Calculation Approach for city label but Modified 5-cycle Calculation Approach for Highway label,2025-05-15,36649,N,N,N,N,,N,,Y,Fixed3(More than two or continuous),N,,,,,,,,,,,,,,,,,GDPI,Spark Ignition direct & ported injection,,,N,0W20,N,No,,,4,4,THYXT03.5NU3,6,,3250.0,476,348,418,,,
2026,Hyundai,HYUNDAI MOTOR COMPANY,Palisade Hybrid FWD,HYX,86,2.5,4,Auto(AM-S6),31,32,31,41.9,43.2998,42.5185,30.6659,32.0618,31.2787,TC,Turbocharged,AMS,Automated Manual- Selectable (e.g. Automated Manual with paddles),6,N,N,F,"2-Wheel Drive, Front",15.0,G,Gasoline (Regular Unleaded Recommended),MPG,miles per gallon,T,Truck,,,,,1600,1600,SIDI; Hybrid; ,2,2,32,Standard SUV 2WD,,Vehicle Specific 5-cycle label,2025-08-15,37369,N,N,N,N,,N,,Y,Fixed 3 (More than two or continuous),N,,Battery(s),1.0,Lithium Ion,300.0,5.5,44.7,On-Board,Electrical Regen Brake,Front Wheels,Y,,2.0,Other,PMSM,13 and 54,GDI,Spark Ignition Direct Injection,N,N,N,"SAE 0W-20, API SN PLUS",Y,Yes,,,6,6,THYXV02.5N13,6,500.0,,287,277,283,,,
2026,Hyundai,HYUNDAI MOTOR COMPANY,Palisade Hybrid FWD Blue,HYX,87,2.5,4,Auto(AM-S6),33,35,34,45.3,46.0,45.6123,33.3973,34.828,34.0263,TC,Turbocharged,AMS,Automated Manual- Selectable (e.g. Automated Manual with paddles),6,N,N,F,"2-Wheel Drive, Front",15.0,G,Gasoline (Regular Unleaded Recommended),MPG,miles per gallon,T,Truck,,,,,1450,1450,SIDI; Hybrid; ,2,2,32,Standard SUV 2WD,,Vehicle Specific 5-cycle label,2025-08-15,37353,Y,N,N,N,,N,,Y,Fixed 3 (More than two or continuous),N,,Battery(s),1.0,Lithium Ion,300.0,5.5,44.7,On-Board,Electrical Regen Brake,Front Wheels,Y,,2.0,Other,PMSM,13 and 54,GDI,Spark Ignition Direct Injection,N,N,N,"SAE 0W-20, API SN PLUS",Y,Yes,,,6,6,THYXV02.5N13,6,1250.0,,262,253,258,,,
2026,Nissan,INFINITI,QX60 FWD,NSX,222,2.0,4,Auto(S9),22,28,24,28.8383,40.698,33.1907,22.0,28.0,24.0,TC,Turbocharged,SA,Semi-Automatic,9,Y,N,F,"2-Wheel Drive, Front",15.0,GPR,Gasoline (Premium Unleaded Required),MPG,miles per gallon,T,Truck,,,,,2600,2600,SIDI & PFI; ,2,2,32,Standard SUV 2WD,,Derived 5-cycle label,2025-07-18,37264,N,N,N,N,"For QX60 FWD, QX60 AWD",N,,Y,"INT:ECM controlled, Motor driven EXH:ECM controlled, Oil pressure driven",N,,,,,,,,,,,,,,,,,GDPI,Spark Ignition direct & ported injection,,,N,SAE 0W-20,Y,Yes,,,5,5,TNSXT02.0FVM,5,,4500.0,405,318,371,,,
2026,Nissan,INFINITI,QX80 2WD,NSX,890,3.5,6,Auto(S9),16,20,18,19.8553,30.3245,23.5073,15.9952,20.1862,17.6436,TC,Turbocharged,SA,Semi-Automatic,9,Y,N,R,"2-Wheel Drive, Rear",15.0,GPR,Gasoline (Premium Unleaded Required),MPG,miles per gallon,T,Truck,,,,,3450,3450,SIDI; ,2,2,32,Standard SUV 2WD,,Derived Vehicle Specific 5-cycle Calculation Approach for city label but Modified 5-cycle Calculation Approach for Highway label,2025-04-29,36165,N,,N,N,For QX80 2WD and QX80 4WD,N,,Y,"INT;ECM and VTC controller controlled, Electric driven EXH;ECM controlled, Oil pressure driven",N,,,,,,,,,,,,,,,,,GDI,Spark Ignition Direct Injection,,,N,SAE 0W-20,Y,Yes,,,3,3,TNSXT03.5EWU,5,,8750.0,557,440,504,,,
2026,Toyota,LEXUS,TX 350,TYX,110,2.4,4,Auto(S8),21,27,23,26.6674,39.3535,31.1922,21.0112,27.0,23.0,TC,Turbocharged,SA,Semi-Automatic,8,Y,N,F,"2-Wheel Drive, Front",15.0,GPR,Gasoline (Premium Unleaded Required),MPG,miles per gallon,T,Truck,,,,,2700,2700,SIDI & PFI; ,2,2,32,Standard SUV 2WD,,Derived 5-cycle label,2025-09-03,37024,Y,N,N,N,"APPLIED TO NX 350, RX 350, TX 350",N,,Y,Intake and exhaust,N,,,,,,,,,,,,,,,,,GDPI,Spark Ignition direct & ported injection,,,N,0W-20,Y,Yes,,,5,5,TTYXJ02.4H3B,6,,5000.0,418,326,382,,,
2026,Ford Motor Company,Lincoln,AVIATOR RWD,FMX,2,3.0,6,Auto(S10),18,25,21,22.9,36.2,27.436,18.2647,25.0,20.9905,TC,Turbocharged,SA,Semi-Automatic,10,Y,N,R,"2-Wheel Drive, Rear",10.0,G,Gasoline (Regular Unleaded Recommended),MPG,miles per gallon,T,Truck,,,,,2350,2350,SIDI; ,2,2,32,Standard SUV 2WD,,Derived 5-cycle label,2025-09-22,37673,N,N,N,N,,N,,Y,DOHC with VCT,N,,,,,,,,,,,,,,,,,GDI,Spark Ignition Direct Injection,,,N,SAE 5W-30 / ILSAC GF-7,Y,Yes,,,4,4,TFMXT03.0JPC,5,,3250.0,486,355,423,,,
2026,Nissan,NISSAN,ARMADA 2WD,NSX,282,3.5,6,Auto(S9),16,20,18,20.5738,31.1921,24.2956,16.0,20.0,18.4896,TC,Turbocharged,SA,Semi-Automatic,9,Y,N,R,"2-Wheel Drive, Rear",15.0,GP,Gasoline (Premium Unleaded Recommended),MPG,miles per gallon,T,Truck,,,,,3450,3450,SIDI; ,2,2,32,Standard SUV 2WD,,Derived Vehicle Specific 5-cycle Calculation Approach for city label but Modified 5-cycle Calculation Approach for Highway label,2025-08-12,36816,N,,N,N,"For ARMADA 2WD, ARMADA 4WD (except ARMADA 4WD NISMO) and ARMADA 4WD PRO-4X",N,,Y,"INT;ECM and VTC controller controlled, Electric driven EXH;ECM controlled, Oil pressure driven",N,,,,,,,,,,,,,,,,,GDI,Spark Ignition Direct Injection,,,N,SAE 0W-20,Y,Yes,,,3,3,TNSXT03.5EWU,5,,8750.0,556,444,506,,,
2026,Toyota,TOYOTA,GRAND HIGHLANDER HYBRID,TYX,34,2.5,4,Auto(AV-S6),37,34,36,52.2983,48.6,50.5667,37.0,34.0585,36.1798,,Naturally Aspirated,SCV,Selectable Continuously Variable (e.g. CVT with paddles),6,N,N,F,"2-Wheel Drive, Front",15.0,G,Gasoline (Regular Unleaded Recommended),MPG,miles per gallon,T,Truck,,,,,1400,1400,SIDI & PFI; Hybrid; ,2,2,32,Standard SUV 2WD,,Vehicle Specific 5-cycle label,2025-09-03,37016,N,N,N,N,Applied to GRAND HIGHLANDER HYBRID and RX 350h.,N,,Y,Intake and exhaust,N,,Battery(s),1.0,Lithium Ion,259.0,4.3,35.0,On-Board,Electrical Regen Brake,Both,N,"""40kWatt"" of Rated Motor/Generator Power is only for AWD.",2.0,Other,AC Synchronous,40 and 134,GDPI,Spark Ignition direct & ported injection,N,N,N,"0W-16,0W-8",Y,Yes,HYBRID,,7,7,TTYXJ02.5H3A,6,1500.0,,237,258,246,,,
2026,Toyota,TOYOTA,GRAND HIGHLANDER LE/XLE,TYX,82,2.4,4,Auto(S8),21,28,24,27.4,40.0,31.9254,21.0,28.1266,24.0756,TC,Turbocharged,SA,Semi-Automatic,8,Y,N,F,"2-Wheel Drive, Front",15.0,G,Gasoline (Regular Unleaded Recommended),MPG,miles per gallon,T,Truck,,,,,2050,2050,SIDI & PFI; ,2,2,32,Standard SUV 2WD,,Derived 5-cycle label,2025-09-03,37019,Y,N,N,N,"APPLIED TO GRAND HIGHLANDER, HIGHLANDER",N,,Y,Intake and exhaust,N,,,,,,,,,,,,,,,,,GDPI,Spark Ignition direct & ported injection,,,N,0W-20,Y,Yes,,,5,5,TTYXJ02.4H3B,6,,1750.0,419,313,371,,,
2026,Toyota,TOYOTA,GRAND HIGHLANDER LIMITED,TYX,84,2.4,4,Auto(S8),21,28,24,27.3,40.2,31.9075,21.4659,28.2546,24.0682,TC,Turbocharged,SA,Semi-Automatic,8,Y,N,F,"2-Wheel Drive, Front",15.0,G,Gasoline (Regular Unleaded Recommended),MPG,miles per gallon,T,Truck,,,,,2050,2050,SIDI & PFI; ,2,2,32,Standard SUV 2WD,,Derived 5-cycle label,2025-09-03,37021,Y,N,N,N,"APPLIED TO GRAND HIGHLANDER, HIGHLANDER",N,,Y,Intake and exhaust,N,,,,,,,,,,,,,,,,,GDPI,Spark Ignition direct & ported injection,,,N,0W-20,Y,Yes,,,5,5,TTYXJ02.4H3B,6,,1750.0,410,312,366,,,
2026,Toyota,TOYOTA,SEQUOIA 2WD,TYX,21,3.4,6,Auto(S10),21,24,22,26.8,33.8,29.5543,21.1067,24.1023,22.3571,TC,Turbocharged,SA,Semi-Automatic,10,Y,N,R,"2-Wheel Drive, Rear",15.0,G,Gasoline (Regular Unleaded Recommended),MPG,miles per gallon,T,Truck,,,,,2250,2250,SIDI & PFI; Hybrid; ,2,2,32,Standard SUV 2WD,,Derived 5-cycle label,2025-08-06,36982,N,N,N,N,APPLIED TO SEQUOIA AND TUNDRA,N,,Y,Intake and exhaust,N,,Battery(s),1.0,NiMH,288.0,6.5,33.0,On-Board,Electrical Regen Brake,Rear Wheels,N,"Regenerative Braking Source is ""Both"" for 4WD models.",1.0,Other,AC SYNCHRONOUS,36,GDPI,Spark Ignition direct & ported injection,N,N,N,0W-20,Y,Yes,HYBRID,,4,4,TTYXT03.4B5C,4,,2750.0,418,366,395,,,
2026,Toyota,TOYOTA,SEQUOIA 2WD,TYX,208,3.4,6,Auto(S10),21,24,22,26.8,33.8,29.5543,21.1067,24.1023,22.3571,TC,Turbocharged,SA,Semi-Automatic,10,Y,N,R,"2-Wheel Drive, Rear",15.0,GPR,Gasoline (Premium Unleaded Required),MPG,miles per gallon,T,Truck,,,,,2850,2850,SIDI & PFI; Hybrid; ,2,2,32,Standard SUV 2WD,,Derived 5-cycle label,2025-08-06,37029,N,N,N,N,APPLIED TO SEQUOIA AND TUNDRA TRD PERFORMANCE PACKAGE.,N,,Y,Intake and exhaust,N,,Battery(s),1.0,NiMH,288.0,6.5,33.0,On-Board,Electrical Regen Brake,Rear Wheels,N,"Regenerative Braking Source is ""Both"" for 4WD models.",1.0,Other,AC SYNCHRONOUS,36,GDPI,Spark Ignition direct & ported injection,N,N,N,0W-20,Y,Yes,HYBRID TRD Perf,,4,4,TTYXT03.4B5C,4,,5750.0,418,366,395,,,
2026,Honda,Acura,MDX AWD Type-S,HNX,506,3.0,6,Auto(S10),17,21,19,22.7,32.1,26.1453,17.0,21.4883,19.4932,TC,Turbocharged,SA,Semi-Automatic,10,Y,N,A,All Wheel Drive,10.0,GP,Gasoline (Premium Unleaded Recommended),MPG,miles per gallon,T,Truck,,,,,3300,3300,SIDI; ,2,2,33,Standard SUV 4WD,,Derived Vehicle Specific 5-cycle Calculation Approach for city label but Modified 5-cycle Calculation Approach for Highway label,2025-05-21,36596,N,N,N,N,,Y,Variable Cylinder Management (VCM) is applied.,Y,Variable valve Timing control(VTC) system is applied.,N,,,,,,,,,,,,,,,,,GDI,Spark Ignition Direct Injection,N,N,N,0W-20,Y,Yes,,,4,4,THNXT03.0HTC,4,,8000.0,523,414,474,,,
2026,aston martin,Aston Martin Lagonda Ltd,DBX 707,ASX,3,4.0,8,Auto(A9),15,20,17,18.4692,27.1871,21.5837,14.9469,19.6829,16.7618,TC,Turbocharged,A,Automatic,9,Y,N,4,4-Wheel Drive,10.0,GP,Gasoline (Premium Unleaded Recommended),MPG,miles per gallon,T,Truck,,,,,3650,3650,SIDI; ,2,2,33,Standard SUV 4WD,,Derived 5-cycle label,2025-06-06,37421,N,N,N,N,DBX707 Power Spec,Y,Individual cylinder de-activation based on torque demand,Y,Inlet and Exhaust Cam Phasing,N,,,,,,,,,,,,,,,,,GDI,Spark Ignition Direct Injection,N,,N,0W40,N,No,DBX 707,,3,3,TASXJ04.0AEX,4,,9750.0,602,457,537,,,
2026,aston martin,Aston Martin Lagonda Ltd,DBX 727,ASX,4,4.0,8,Auto(A9),14,19,16,17.636,26.8975,20.8697,14.312,19.4863,16.2534,TC,Turbocharged,A,Automatic,9,Y,N,4,4-Wheel Drive,10.0,GP,Gasoline (Premium Unleaded Recommended),MPG,miles per gallon,T,Truck,,,,,3900,3900,SIDI; ,2,2,33,Standard SUV 4WD,,Derived 5-cycle label,2025-07-07,37498,N,N,N,N,,Y,Individual cylinder de-activation based on torque demand,Y,Inlet and Exhaust Cam Phasing,N,,,,,,,,,,,,,,,,,GDI,Spark Ignition Direct Injection,N,,N,0W40,N,No,DBX 727,,3,3,TASXJ04.0AEX,4,,11000.0,620,456,546,,,
2026,Volkswagen Group of,Audi,Q7,VGA,1,2.0,4,Auto(S8),20,26,22,24.8,36.2,28.8948,19.6583,25.6735,21.9752,TC,Turbocharged,SA,Semi-Automatic,8,Y,N,A,All Wheel Drive,15.0,GP,Gasoline (Premium Unleaded Recommended),MPG,miles per gallon,T,Truck,,,,,2850,2850,SIDI; ,2,2,33,Standard SUV 4WD,,Derived 5-cycle label,2025-09-11,37580,Y,N,N,N,Applies to DUVA var: 0,N,,Y,Audi Valve System,Y,Audi Valve System,,,,,,,,,,,,,,,,GDI,Spark Ignition Direct Injection,N,,N,0W20 VW50800,Y,Yes,,,4,4,TVGAT02.0A77,4,,5750.0,453,347,405,,,
2026,Volkswagen Group of,Audi,Q7 quattro,VGA,17,3.0,6,Auto(S8),18,23,20,22.7,32.8,26.3514,18.117,23.4426,20.18,TC,Turbocharged,SA,Semi-Automatic,8,N,N,A,All Wheel Drive,15.0,GP,Gasoline (Premium Unleaded Recommended),MPG,miles per gallon,T,Truck,,,,,3100,3100,SIDI; Mild Hybrid; ,2,2,33,Standard SUV 4WD,,Derived 5-cycle label,2025-09-11,37581,Y,N,N,N,Applies to DCBD var: 0,N,,Y,Adjust the inlet and outlet camshaft continuously between retarded and advanced position. The maximum adjustment speed is limited by mechanical system (e.g. oil viscosity).,Y,Audi Valve Lift System,Battery(s),1.0,Lithium Ion,48.0,9.5,51.0,On-Board,Electrical Regen Brake,Both,N,,1.0,Other,Belt-Driven-Starter-Generator,8,GDI,Spark Ignition Direct Injection,N,N,N,0W20 VW50800,Y,Yes,,,4,4,TVGAJ03.0N7N,4,,7000.0,492,380,442,,,
2026,Volkswagen Group of,Audi,Q8 quattro,VGA,18,3.0,6,Auto(S8),17,23,19,21.5958,31.7,25.2121,17.2981,22.7134,19.377,TC,Turbocharged,SA,Semi-Automatic,8,N,N,A,All Wheel Drive,15.0,GP,Gasoline (Premium Unleaded Recommended),MPG,miles per gallon,T,Truck,,,,,3300,3300,SIDI; Mild Hybrid; ,2,2,33,Standard SUV 4WD,,Derived 5-cycle label,2025-09-11,37582,Y,N,N,N,Applies to DCBD var: 0,N,,Y,Adjust the inlet and outlet camshaft continuously between retarded and advanced position. The maximum adjustment speed is limited by mechanical system (e.g. oil viscosity).,Y,Audi Valve Lift System,Battery(s),1.0,Lithium Ion,48.0,9.5,51.0,On-Board,Electrical Regen Brake,Both,N,,1.0,Other,Belt-Driven-Starter-Generator,8,GDI,Spark Ignition Direct Injection,N,N,N,0W20 VW50800,Y,Yes,,,4,4,TVGAJ03.0N7N,4,,8000.0,514,392,459,,,
2026,Volkswagen Group of,Audi,RS Q8 Performance,VGA,14,4.0,8,Auto(S8),14,20,16,17.7,27.1,20.9738,14.3609,19.6238,16.3319,TC,Turbocharged,SA,Semi-Automatic,8,Y,N,A,All Wheel Drive,15.0,GP,Gasoline (Premium Unleaded Recommended),MPG,miles per gallon,T,Truck,,,,,3900,3900,SIDI; Mild Hybrid; ,2,2,33,Standard SUV 4WD,,Derived 5-cycle label,2025-09-11,37584,Y,N,N,N,Applies to DWNA var: 0,Y,Fuel saving by reduction of active cylinders. Mechanical deactivation of 4 inlet and outlet vales with injection cut-off on these 4 cylinders.,Y,The variable valve timing is a substantial engine feature for: - Reducing engine out emissions - Optimizing full load performance - Optimizing fuel consumption - Reducing engine roughness Adjust the inlet and outlet camshaft position continously between retard and advanced position.,N,,Battery(s),1.0,Lithium Ion,48.0,9.5,50.1,On-Board,Electrical Regen Brake,Both,N,,1.0,Other,Belt-Driven-Starter-Generator,8,GDI,Spark Ignition Direct Injection,N,N,N,0W40 VW50200 / VW50500,Y,Yes,,,3,3,TVGAJ04.0NAT,2,,11000.0,622,454,547,,,
2026,Volkswagen Group of,Audi,SQ7,VGA,15,4.0,8,Auto(S8),14,20,16,17.8,27.4,21.1317,14.4373,19.8273,16.4496,TC,Turbocharged,SA,Semi-Automatic,8,Y,N,A,All Wheel Drive,15.0,GP,Gasoline (Premium Unleaded Recommended),MPG,miles per gallon,T,Truck,,,,,3900,3900,SIDI; ,2,2,33,Standard SUV 4WD,,Derived 5-cycle label,2025-08-01,37142,Y,N,N,N,Applies to DWRB var: 0,Y,Fuel saving by reduction of active cylinders. Mechanical deactivation of 4 inlet and outlet vales with injection cut-off on these 4 cylinders.,Y,The variable valve timing is a substantial engine feature for: ? Reducing engine out emissions ? Optimizing full load performance ? Optimizing fuel consumption ? Reducing engine roughness                                                                 Adjust the inlet and outlet camshaft position continously between retard and advanced position.,N,,,,,,,,,,,,,,,,,GDI,Spark Ignition Direct Injection,N,N,N,0W40 VW50200 / VW50500,Y,Yes,,,3,3,TVGAT04.0NAV,2,,11000.0,615,448,540,,,
2026,Volkswagen Group of,Audi,SQ8,VGA,2,4.0,8,Auto(S8),14,20,16,17.7,26.9,20.9196,14.2611,20.2504,16.4506,TC,Turbocharged,SA,Semi-Automatic,8,Y,N,A,All Wheel Drive,15.0,GP,Gasoline (Premium Unleaded Recommended),MPG,miles per gallon,T,Truck,,,,,3900,3900,SIDI; ,2,2,33,Standard SUV 4WD,,Vehicle Specific 5-cycle label,2025-09-11,37587,Y,N,N,N,Applies to DWRB var: 0,Y,Fuel saving by reduction of active cylinders. Mechanical deactivation of 4 inlet and outlet vales with injection cut-off on these 4 cylinders.,Y,The variable valve timing is a substantial engine feature for: ? Reducing engine out emissions ? Optimizing full load performance ? Optimizing fuel consumption ? Reducing engine roughness                                                                 Adjust the inlet and outlet camshaft position continously between retard and advanced position.,N,,,,,,,,,,,,,,,,,GDI,Spark Ignition Direct Injection,N,N,N,0W40 VW50200 / VW50500,Y,Yes,,,3,3,TVGAT04.0NAV,2,,11000.0,623,439,540,,,
2026,Volkswagen Group of,Bentley,Bentayga,VGA,30,4.0,8,Auto(S8),14,21,16,17.2,28.3,20.8865,13.7246,20.5717,16.1424,TC,Turbocharged,SA,Semi-Automatic,8,Y,N,A,All Wheel Drive,15.0,GP,Gasoline (Premium Unleaded Recommended),MPG,miles per gallon,T,Truck,,,,,3900,3900,SIDI; ,2,2,33,Standard SUV 4WD,,Vehicle Specific 5-cycle label,2025-08-01,37161,N,N,N,N,Applies to DWNG var: 0,Y,Fuel saving by reduction of active cylinders. Mechanical deactivation of 4 inlet and outlet vales with injection cut-off on these 4 cylinders.,Y,The variable valve timing is a substantial engine feature for: * Reducing engine out emissions * Optimizing full load performance * Optimizing fuel consumption * Reducing engine roughness *Adjust the inlet and outlet camshaft position continuously between retard and advanced position.,N,,,,,,,,,,,,,,,,,GDI,Spark Ignition Direct Injection,,,N,0W40 VW50200 / VW50500,Y,Yes,,,3,3,TVGAT04.0PAA,2,,11000.0,650,433,553,,,
2026,Volkswagen Group of,Bentley,Bentayga EWB,VGA,31,4.0,8,Auto(S8),14,21,16,17.2,28.3,20.8865,13.7246,20.5717,16.1424,TC,Turbocharged,SA,Semi-Automatic,8,Y,N,A,All Wheel Drive,15.0,GP,Gasoline (Premium Unleaded Recommended),MPG,miles per gallon,T,Truck,,,,,3900,3900,SIDI; ,2,2,33,Standard SUV 4WD,,Vehicle Specific 5-cycle label,2025-08-01,37163,N,N,N,N,Applies to DWNG var: 0,Y,Fuel saving by reduction of active cylinders. Mechanical deactivation of 4 inlet and outlet vales with injection cut-off on these 4 cylinders.,Y,The variable valve timing is a substantial engine feature for: * Reducing engine out emissions * Optimizing full load performance * Optimizing fuel consumption * Reducing engine roughness *Adjust the inlet and outlet camshaft position continuously between retard and advanced position.,N,,,,,,,,,,,,,,,,,GDI,Spark Ignition Direct Injection,,,N,0W40 VW50200 / VW50500,Y,Yes,,,3,3,TVGAT04.0PAA,2,,11000.0,650,433,553,,,
2026,BMW,BMW,ALPINA XB7,BMX,777,4.4,8,Auto(S8),16,20,17,19.2,28.0,22.3627,15.5008,20.2334,17.3243,TC,Turbocharged,SA,Semi-Automatic,8,Y,N,A,All Wheel Drive,10.0,GP,Gasoline (Premium Unleaded Recommended),MPG,miles per gallon,T,Truck,,,,,3650,3650,SIDI; Mild Hybrid; ,2,2,33,Standard SUV 4WD,,Derived 5-cycle label,2025-04-01,36630,N,N,N,N,,N,,Y,Variable Valve Timing at inlet and outlet valves,Y,Variable Valve Lift at inlet valves,Battery(s),1.0,Lithium Ion,44.0,10.0,38.0,On-Board,Electrical Regen Brake,Both,N,"Starter Generator Engine with 48V Technology; Motor/Generator Type: permanent magnet synchronous machine (PMSM); Rated Motor/Generator Power: 9 kW (X7 M60i xDrive, X5 M60i xDrive, X6 M60i xDrive and ALPINA XB7), 13 kW (760i xDrive Sedan) / X7 M60i xDrive, X5 M60i xDrive, X6 M60i xDrive and ALPINA XB7; Battery Energy Capacity: 10.0 Ah, Total Voltage of Battery Pack(s): 44 V, Battery Specific Energy: 38 Wh/kg / 760i xDrive Sedan; Battery Energy Capacity: 20.0 Ah, Total Voltage of Battery Pack(s): 46.2 V, Battery Specific Energy: 47 Wh/kg",1.0,Other,PMSM,9,GDI,Spark Ignition Direct Injection,N,N,N,0W30,Y,Yes,,,3,3,TBMXJ04.4S68,4,,9750.0,564,434,506,,,
2026,BMW,BMW,X5 M Competition,BMX,591,4.4,8,Auto(S8),13,18,15,15.8142,25.0123,18.9502,12.9117,18.1998,14.8539,TC,Turbocharged,SA,Semi-Automatic,8,Y,N,A,All Wheel Drive,10.0,GPR,Gasoline (Premium Unleaded Required),MPG,miles per gallon,T,Truck,,,,,4150,4150,SIDI; Mild Hybrid; ,2,2,33,Standard SUV 4WD,,Derived 5-cycle label,2025-04-01,36434,Y,N,N,N,,N,,Y,Variable Valve Timing at inlet and outlet valves,Y,Variable Valve Lift at inlet valves,Battery(s),1.0,Lithium Ion,44.0,10.0,38.0,On-Board,Electrical Regen Brake,Both,N,Starter Generator Engine with 48V Technology; Motor/Generator Type: permanent magnet synchronous machine (PMSM),1.0,Other,PMSM,9,GDI,Spark Ignition Direct Injection,N,N,N,0W30,Y,Yes,,,2,2,TBMXT04.4S6M,4,,12250.0,678,481,589,,,
2026,BMW,BMW,X5 M60i xDrive,BMX,574,4.4,8,Auto(S8),17,22,19,21.3295,31.2106,24.8731,17.0997,22.3877,19.1334,TC,Turbocharged,SA,Semi-Automatic,8,Y,N,A,All Wheel Drive,10.0,GP,Gasoline (Premium Unleaded Recommended),MPG,miles per gallon,T,Truck,,,,,3300,3300,SIDI; Mild Hybrid; ,2,2,33,Standard SUV 4WD,,Derived 5-cycle label,2025-04-01,36633,N,N,N,N,,N,,Y,Variable Valve Timing at inlet and outlet valves,Y,Variable Valve Lift at inlet valves,Battery(s),1.0,Lithium Ion,44.0,10.0,38.0,On-Board,Electrical Regen Brake,Both,N,"Starter Generator Engine with 48V Technology; Motor/Generator Type: permanent magnet synchronous machine (PMSM); Rated Motor/Generator Power: 9 kW (X7 M60i xDrive, X5 M60i xDrive, X6 M60i xDrive and ALPINA XB7), 13 kW (760i xDrive Sedan) / X7 M60i xDrive, X5 M60i xDrive, X6 M60i xDrive and ALPINA XB7; Battery Energy Capacity: 10.0 Ah, Total Voltage of Battery Pack(s): 44 V, Battery Specific Energy: 38 Wh/kg / 760i xDrive Sedan; Battery Energy Capacity: 20.0 Ah, Total Voltage of Battery Pack(s): 46.2 V, Battery Specific Energy: 47 Wh/kg",1.0,Other,PMSM,9,GDI,Spark Ignition Direct Injection,N,N,N,0W30,Y,Yes,,,4,4,TBMXJ04.4S68,4,,8000.0,512,391,458,,,
2026,BMW,BMW,X5 xDrive40i,BMX,571,3.0,6,Auto(S8),23,27,25,30.0,38.4,33.2756,23.3858,27.0988,24.9225,TC,Turbocharged,SA,Semi-Automatic,8,Y,N,A,All Wheel Drive,10.0,GP,Gasoline (Premium Unleaded Recommended),MPG,miles per gallon,T,Truck,,,,,2500,2500,SIDI & PFI; Mild Hybrid; ,2,2,33,Standard SUV 4WD,,Derived 5-cycle label,2025-04-01,36611,Y,N,N,N,,N,,Y,Variable Valve Timing at inlet and outlet valves,Y,Variable Valve Lift at inlet valves and two settings at outlet valves,Battery(s),1.0,Lithium Ion,44.0,10.0,38.0,On-Board,Electrical Regen Brake,Both,N,"Starter Generator Engine with 48V Technology; Motor/Generator Type: permanent magnet synchronous machine (PMSM); Rated Motor/Generator Power: 9 kW (X7 xDrive40i, X5 sDrive40i, X5 xDrive40i and X6 xDrive40i), 13 kW (740i Sedan and 740i xDrive Sedan) / X7 xDrive40i, X5 sDrive40i, X5 xDrive40i and X6 xDrive40i; Battery Energy Capacity: 10.0 Ah, Total Voltage of Battery Pack(s): 44 V, Battery Specific Energy: 38 Wh/kg / 740i Sedan and 740i xDrive Sedan; Battery Energy Capacity: 20.0 Ah, Total Voltage of Battery Pack(s): 46.2 V, Battery Specific Energy: 47 Wh/kg",1.0,Other,PMSM,9,GDPI,Spark Ignition direct & ported injection,N,N,N,0W-12,Y,Yes,,,5,5,TBMXJ03.0B58,6,,4000.0,375,323,352,,,
2026,BMW,BMW,X6 M Competition,BMX,691,4.4,8,Auto(S8),13,18,15,15.8142,25.0123,18.9502,12.9117,18.1998,14.8539,TC,Turbocharged,SA,Semi-Automatic,8,Y,N,A,All Wheel Drive,10.0,GPR,Gasoline (Premium Unleaded Required),MPG,miles per gallon,T,Truck,,,,,4150,4150,SIDI; Mild Hybrid; ,2,2,33,Standard SUV 4WD,,Derived 5-cycle label,2025-04-01,36433,Y,N,N,N,,N,,Y,Variable Valve Timing at inlet and outlet valves,Y,Variable Valve Lift at inlet valves,Battery(s),1.0,Lithium Ion,44.0,10.0,38.0,On-Board,Electrical Regen Brake,Both,N,Starter Generator Engine with 48V Technology; Motor/Generator Type: permanent magnet synchronous machine (PMSM),1.0,Other,PMSM,9,GDI,Spark Ignition Direct Injection,N,N,N,0W30,Y,Yes,,,2,2,TBMXT04.4S6M,4,,12250.0,678,481,589,,,
2026,BMW,BMW,X6 M60i xDrive,BMX,674,4.4,8,Auto(S8),17,22,19,21.3295,31.2106,24.8731,17.0997,22.3877,19.1334,TC,Turbocharged,SA,Semi-Automatic,8,Y,N,A,All Wheel Drive,10.0,GP,Gasoline (Premium Unleaded Recommended),MPG,miles per gallon,T,Truck,,,,,3300,3300,SIDI; Mild Hybrid; ,2,2,33,Standard SUV 4WD,,Derived 5-cycle label,2025-04-01,36632,N,N,N,N,,N,,Y,Variable Valve Timing at inlet and outlet valves,Y,Variable Valve Lift at inlet valves,Battery(s),1.0,Lithium Ion,44.0,10.0,38.0,On-Board,Electrical Regen Brake,Both,N,"Starter Generator Engine with 48V Technology; Motor/Generator Type: permanent magnet synchronous machine (PMSM); Rated Motor/Generator Power: 9 kW (X7 M60i xDrive, X5 M60i xDrive, X6 M60i xDrive and ALPINA XB7), 13 kW (760i xDrive Sedan) / X7 M60i xDrive, X5 M60i xDrive, X6 M60i xDrive and ALPINA XB7; Battery Energy Capacity: 10.0 Ah, Total Voltage of Battery Pack(s): 44 V, Battery Specific Energy: 38 Wh/kg / 760i xDrive Sedan; Battery Energy Capacity: 20.0 Ah, Total Voltage of Battery Pack(s): 46.2 V, Battery Specific Energy: 47 Wh/kg",1.0,Other,PMSM,9,GDI,Spark Ignition Direct Injection,N,N,N,0W30,Y,Yes,,,4,4,TBMXJ04.4S68,4,,8000.0,512,391,458,,,
2026,BMW,BMW,X6 xDrive40i,BMX,671,3.0,6,Auto(S8),22,26,23,27.3536,37.1835,31.047,21.5043,26.3124,23.4311,TC,Turbocharged,SA,Semi-Automatic,8,Y,N,A,All Wheel Drive,10.0,GP,Gasoline (Premium Unleaded Recommended),MPG,miles per gallon,T,Truck,,,,,2700,2700,SIDI & PFI; Mild Hybrid; ,2,2,33,Standard SUV 4WD,,Derived 5-cycle label,2025-04-01,36612,Y,N,N,N,,N,,Y,Variable Valve Timing at inlet and outlet valves,Y,Variable Valve Lift at inlet valves and two settings at outlet valves,Battery(s),1.0,Lithium Ion,44.0,10.0,38.0,On-Board,Electrical Regen Brake,Both,N,"Starter Generator Engine with 48V Technology; Motor/Generator Type: permanent magnet synchronous machine (PMSM); Rated Motor/Generator Power: 9 kW (X7 xDrive40i, X5 sDrive40i, X5 xDrive40i and X6 xDrive40i), 13 kW (740i Sedan and 740i xDrive Sedan) / X7 xDrive40i, X5 sDrive40i, X5 xDrive40i and X6 xDrive40i; Battery Energy Capacity: 10.0 Ah, Total Voltage of Battery Pack(s): 44 V, Battery Specific Energy: 38 Wh/kg / 740i Sedan and 740i xDrive Sedan; Battery Energy Capacity: 20.0 Ah, Total Voltage of Battery Pack(s): 46.2 V, Battery Specific Energy: 47 Wh/kg",1.0,Other,PMSM,9,GDPI,Spark Ignition direct & ported injection,N,N,N,0W-12,Y,Yes,,,5,5,TBMXJ03.0B58,6,,5000.0,406,332,372,,,
2026,BMW,BMW,X7 M60i xDrive,BMX,774,4.4,8,Auto(S8),16,20,18,19.8828,28.1132,22.8996,16.0159,20.3099,17.6999,TC,Turbocharged,SA,Semi-Automatic,8,Y,N,A,All Wheel Drive,10.0,GP,Gasoline (Premium Unleaded Recommended),MPG,miles per gallon,T,Truck,,,,,3450,3450,SIDI; Mild Hybrid; ,2,2,33,Standard SUV 4WD,,Derived 5-cycle label,2025-04-01,36631,Y,N,N,N,,N,,Y,Variable Valve Timing at inlet and outlet valves,Y,Variable Valve Lift at inlet valves,Battery(s),1.0,Lithium Ion,44.0,10.0,38.0,On-Board,Electrical Regen Brake,Both,N,"Starter Generator Engine with 48V Technology; Motor/Generator Type: permanent magnet synchronous machine (PMSM); Rated Motor/Generator Power: 9 kW (X7 M60i xDrive, X5 M60i xDrive, X6 M60i xDrive and ALPINA XB7), 13 kW (760i xDrive Sedan) / X7 M60i xDrive, X5 M60i xDrive, X6 M60i xDrive and ALPINA XB7; Battery Energy Capacity: 10.0 Ah, Total Voltage of Battery Pack(s): 44 V, Battery Specific Energy: 38 Wh/kg / 760i xDrive Sedan; Battery Energy Capacity: 20.0 Ah, Total Voltage of Battery Pack(s): 46.2 V, Battery Specific Energy: 47 Wh/kg",1.0,Other,PMSM,9,GDI,Spark Ignition Direct Injection,N,N,N,0W30,Y,Yes,,,3,3,TBMXJ04.4S68,4,,8750.0,550,435,498,,,
2026,BMW,BMW,X7 xDrive40i,BMX,770,3.0,6,Auto(S8),21,25,23,26.3049,35.5243,29.7832,20.7499,25.2329,22.553,TC,Turbocharged,SA,Semi-Automatic,8,Y,N,A,All Wheel Drive,10.0,GP,Gasoline (Premium Unleaded Recommended),MPG,miles per gallon,T,Truck,,,,,2700,2700,SIDI & PFI; Mild Hybrid; ,2,2,33,Standard SUV 4WD,,Derived 5-cycle label,2025-04-01,36613,N,N,N,N,,N,,Y,Variable Valve Timing at inlet and outlet valves,Y,Variable Valve Lift at inlet valves and two settings at outlet valves,Battery(s),1.0,Lithium Ion,44.0,10.0,38.0,On-Board,Electrical Regen Brake,Both,N,"Starter Generator Engine with 48V Technology; Motor/Generator Type: permanent magnet synchronous machine (PMSM); Rated Motor/Generator Power: 9 kW (X7 xDrive40i, X5 sDrive40i, X5 xDrive40i and X6 xDrive40i), 13 kW (740i Sedan and 740i xDrive Sedan) / X7 xDrive40i, X5 sDrive40i, X5 xDrive40i and X6 xDrive40i; Battery Energy Capacity: 10.0 Ah, Total Voltage of Battery Pack(s): 44 V, Battery Specific Energy: 38 Wh/kg / 740i Sedan and 740i xDrive Sedan; Battery Energy Capacity: 20.0 Ah, Total Voltage of Battery Pack(s): 46.2 V, Battery Specific Energy: 47 Wh/kg",1.0,Other,PMSM,9,GDPI,Spark Ignition direct & ported injection,N,N,N,0W-12,Y,Yes,,,5,5,TBMXJ03.0B58,6,,5000.0,420,346,387,,,
2026,General Motors,Buick,ENCLAVE AWD,GMX,856,2.5,4,Auto(A8),20,24,21,24.6358,34.8097,28.3666,19.5385,24.0,21.0,TC,Turbocharged,A,Automatic,8,Y,N,A,All Wheel Drive,10.0,G,Gasoline (Regular Unleaded Recommended),MPG,miles per gallon,T,Truck,,,,,2350,2350,SIDI; ,2,2,33,Standard SUV 4WD,,Derived 5-cycle label,2025-07-07,36796,N,N,N,N,,N,,Y,Cam Phaser,N,,,,,,,,,,,,,,,,,GDI,Spark Ignition Direct Injection,,,N,0W20,Y,Yes,,,4,4,TGMXT02.5000,6,,3250.0,454,370,423,,,
2026,General Motors,Cadillac,ESCALADE 4WD,GMX,590,6.2,8,Auto(A10),14,18,16,18.2,27.3,21.4118,14.0,18.0,16.2969,,Naturally Aspirated,A,Automatic,10,Y,N,4,4-Wheel Drive,10.0,GP,Gasoline (Premium Unleaded Recommended),MPG,miles per gallon,T,Truck,,,,,3900,3900,SIDI; ,1,1,33,Standard SUV 4WD,,Derived Vehicle Specific 5-cycle Calculation Approach for city label but Modified 5-cycle Calculation Approach for Highway label,2025-09-08,36836,N,N,N,N,,Y,Dynamic Fuel Management,Y,cam phaser,N,,,,,,,,,,,,,,,,,GDI,Spark Ignition Direct Injection,,,N,0W20,Y,Yes,,,3,3,TGMXT06.2375,5,,11000.0,634,495,572,,,
2026,General Motors,Cadillac,ESCALADE V AWD,GMX,520,6.2,8,Auto(S10),11,17,13,13.8309,24.2544,17.147,11.3677,17.0,13.0,SC,Supercharged,SA,Semi-Automatic,10,Y,N,4,4-Wheel Drive,10.0,GPR,Gasoline (Premium Unleaded Required),MPG,miles per gallon,T,Truck,,,,,4800,4800,SIDI; ,1,1,33,Standard SUV 4WD,,Derived 5-cycle label,2025-09-08,37126,N,N,N,N,,N,,Y,Cam Phaser,N,,,,,,,,,,,,,,,,,GDI,Spark Ignition Direct Injection,,,N,0W40,N,No,,,1,1,TGMXT06.2376,2,,15500.0,793,526,691,,,
2026,General Motors,Chevrolet,SUBURBAN 4WD,GMX,588,6.2,8,Auto(A10),14,18,16,18.2,27.3,21.4118,14.0,18.0,16.2969,,Naturally Aspirated,A,Automatic,10,Y,N,4,4-Wheel Drive,10.0,GP,Gasoline (Premium Unleaded Recommended),MPG,miles per gallon,T,Truck,,,,,3900,3900,SIDI; ,1,1,33,Standard SUV 4WD,,Derived Vehicle Specific 5-cycle Calculation Approach for city label but Modified 5-cycle Calculation Approach for Highway label,2025-09-08,36835,N,N,N,N,,Y,Dynamic Fuel Management,Y,cam phaser,N,,,,,,,,,,,,,,,,,GDI,Spark Ignition Direct Injection,,,N,0W20,Y,Yes,,,3,3,TGMXT06.2375,5,,11000.0,634,495,572,,,
2026,General Motors,Chevrolet,SUBURBAN 4WD,GMX,597,5.3,8,Auto(A10),14,19,16,17.727,27.3441,21.0601,13.7134,18.5135,15.5247,,Naturally Aspirated,A,Automatic,10,Y,N,4,4-Wheel Drive,10.0,G,Gasoline (Regular Unleaded Recommended),MPG,miles per gallon,T,Truck,,,,,3100,3100,SIDI; ,1,1,33,Standard SUV 4WD,,Vehicle Specific 5-cycle label,2025-09-08,36929,N,N,N,N,,Y,Dynamic Fuel Management,Y,cam phaser,N,,,,,,,,,,,,,,,,,GDI,Spark Ignition Direct Injection,,,N,0W20,Y,Yes,,,3,3,TGMXT05.3330,6,,7000.0,646,481,571,,,
2026,General Motors,Chevrolet,SUBURBAN 4WD,GMX,766,3.0,6,Auto(A10),20,24,22,25.9401,37.0535,29.9874,20.4862,24.4178,22.0865,TC,Turbocharged,A,Automatic,10,Y,N,4,4-Wheel Drive,,DU,"Diesel, ultra low sulfur (15 ppm, maximum)",MPG,miles per gallon,T,Truck,,,,,2450,2450,,2,2,33,Standard SUV 4WD,,Derived Vehicle Specific 5-cycle Calculation Approach for city label but Modified 5-cycle Calculation Approach for Highway label,2025-08-25,37239,N,N,N,N,,N,,N,,N,,,,,,,,,,,,,,,,,CRDI,Common Rail Direct Diesel Injection,,,N,0W20,Y,Yes,,,4,4,TGMXT03.0353,4,,3750.0,496,416,460,,,
2026,General Motors,Chevrolet,TAHOE 4WD,GMX,767,3.0,6,Auto(A10),20,24,22,25.9401,37.0535,29.9874,20.4862,24.4178,22.0865,TC,Turbocharged,A,Automatic,10,Y,N,4,4-Wheel Drive,,DU,"Diesel, ultra low sulfur (15 ppm, maximum)",MPG,miles per gallon,T,Truck,,,,,2450,2450,,2,2,33,Standard SUV 4WD,,Derived Vehicle Specific 5-cycle Calculation Approach for city label but Modified 5-cycle Calculation Approach for Highway label,2025-08-25,37240,N,N,N,N,,N,,N,,N,,,,,,,,,,,,,,,,,CRDI,Common Rail Direct Diesel Injection,,,N,0W20,Y,Yes,,,4,4,TGMXT03.0353,4,,3750.0,496,416,460,,,
2026,General Motors,Chevrolet,TAHOE 4WD (5.3L),GMX,595,5.3,8,Auto(A10),15,19,17,19.4,29.4,22.906,14.9051,19.2415,16.5873,,Naturally Aspirated,A,Automatic,10,Y,N,4,4-Wheel Drive,10.0,G,Gasoline (Regular Unleaded Recommended),MPG,miles per gallon,T,Truck,,,,,2900,2900,SIDI; ,1,1,33,Standard SUV 4WD,,Vehicle Specific 5-cycle label,2025-09-08,36927,N,N,N,N,,Y,Dynamic Fuel Management,Y,cam phaser,N,,,,,,,,,,,,,,,,,GDI,Spark Ignition Direct Injection,,,N,0W20,Y,Yes,,,3,3,TGMXT05.3330,6,,6000.0,596,462,536,,,
2026,General Motors,Chevrolet,TAHOE 4WD (6.2L),GMX,586,6.2,8,Auto(A10),14,18,16,18.2,27.3,21.4118,14.0,18.0,16.2969,,Naturally Aspirated,A,Automatic,10,Y,N,4,4-Wheel Drive,10.0,GP,Gasoline (Premium Unleaded Recommended),MPG,miles per gallon,T,Truck,,,,,3900,3900,SIDI; ,1,1,33,Standard SUV 4WD,,Derived Vehicle Specific 5-cycle Calculation Approach for city label but Modified 5-cycle Calculation Approach for Highway label,2025-09-08,36839,N,N,N,N,,Y,Dynamic Fuel Management,Y,cam phaser,N,,,,,,,,,,,,,,,,,GDI,Spark Ignition Direct Injection,,,N,0W20,Y,Yes,,,3,3,TGMXT06.2375,5,,11000.0,634,495,572,,,
2026,General Motors,Chevrolet,TRAVERSE AWD,GMX,854,2.5,4,Auto(A8),20,24,21,24.6358,34.8097,28.3666,19.5385,24.0,21.0,TC,Turbocharged,A,Automatic,8,Y,N,A,All Wheel Drive,10.0,G,Gasoline (Regular Unleaded Recommended),MPG,miles per gallon,T,Truck,,,,,2350,2350,SIDI; ,2,2,33,Standard SUV 4WD,,Derived 5-cycle label,2025-07-07,36793,N,N,N,N,,N,,Y,Cam Phaser,N,,,,,,,,,,,,,,,,,GDI,Spark Ignition Direct Injection,,,N,0W20,Y,Yes,,,4,4,TGMXT02.5000,6,,3250.0,454,370,423,,,
2026,FCA US LLC,Dodge,Durango AWD,CRX,513,3.6,6,Auto(A8),17,24,20,21.8,33.3,25.8112,17.45,23.7728,19.8225,,Naturally Aspirated,A,Automatic,8,Y,N,A,All Wheel Drive,10.0,G,Gasoline (Regular Unleaded Recommended),MPG,miles per gallon,T,Truck,,,,,2500,2500,,2,2,33,Standard SUV 4WD,,Derived 5-cycle label,2025-07-21,37101,N,N,N,N,,N,,Y,Cam Phaser,N,,,,,,,,,,,,,,,,,MFI,Multipoint/sequential fuel injection,,,N,0W-20,N,No,,,4,4,TCRXT03.6570,6,,4000.0,510,374,449,,,
2026,FCA US LLC,Dodge,Durango AWD,CRX,514,5.7,8,Auto(A8),14,21,16,17.0,29.7,21.0507,13.8251,21.3781,16.4386,,Naturally Aspirated,A,Automatic,8,Y,N,A,All Wheel Drive,10.0,GM,Gasoline (Mid Grade Unleaded Recommended),MPG,miles per gallon,T,Truck,,,,,3550,3550,,1,1,33,Standard SUV 4WD,,Derived 5-cycle label,2025-07-21,37096,N,N,N,N,,Y,Solenoids,Y,Cam phasers,N,,,,,,,,,,,,,,,,,MFI,Multipoint/sequential fuel injection,,,N,SAE 0W-20,N,No,,,3,3,TCRXT05.7570,4,,9250.0,643,415,541,,,
2026,Ford Motor Company,Ford,EXPLORER AWD,FMX,10,3.0,6,Auto(S10),18,25,20,22.1,34.5,26.3641,17.6728,24.5623,20.2257,TC,Turbocharged,SA,Semi-Automatic,10,Y,N,P,Part-time 4-Wheel Drive,10.0,G,Gasoline (Regular Unleaded Recommended),MPG,miles per gallon,T,Truck,,,,,2500,2500,SIDI; ,2,2,33,Standard SUV 4WD,,Derived 5-cycle label,2025-09-22,37672,N,N,N,N,,N,,Y,DOHC with VCT,N,,,,,,,,,,,,,,,,,GDI,Spark Ignition Direct Injection,,,N,SAE 5W-30 / ILSAC GF-7,Y,Yes,,,4,4,TFMXT03.0JPC,5,,4000.0,503,361,439,,,
2026,Ford Motor Company,Ford,EXPLORER AWD,FMX,15,2.3,4,Auto(A10),20,27,23,25.0,38.3,29.6302,19.8039,27.0344,22.5135,TC,Turbocharged,A,Automatic,10,Y,N,P,Part-time 4-Wheel Drive,10.0,G,Gasoline (Regular Unleaded Recommended),MPG,miles per gallon,T,Truck,,,,,2150,2150,SIDI & PFI; ,2,2,33,Standard SUV 4WD,,Derived 5-cycle label,2025-09-22,37754,N,N,N,N,,N,,Y,TiVCT,N,,,,,,,,,,,,,,,,,GDPI,Spark Ignition direct & ported injection,,,N,SAE 5W-30 / ILSAC GF-7,Y,Yes,,,5,5,TFMXT02.34K2,6,,2250.0,448,329,394,,,
2026,Ford Motor Company,Ford,EXPLORER TREMOR AWD,FMX,139,2.3,4,Auto(S10),19,23,21,24.3046,36.7357,28.6705,19.2966,23.438,20.9635,TC,Turbocharged,SA,Semi-Automatic,10,Y,N,P,Part-time 4-Wheel Drive,10.0,G,Gasoline (Regular Unleaded Recommended),MPG,miles per gallon,T,Truck,,,,,2350,2350,SIDI & PFI; ,2,2,33,Standard SUV 4WD,,Derived Vehicle Specific 5-cycle Calculation Approach for city label but Modified 5-cycle Calculation Approach for Highway label,2025-09-30,37756,N,N,N,N,,N,,Y,TiVCT,N,,,,,,,,,,,,,,,,,GDPI,Spark Ignition direct & ported injection,,,N,SAE 5W-30 / ILSAC GF-7,Y,Yes,Tremor,,4,4,TFMXT02.34K4,6,,3250.0,460,378,424,,,
2026,Hyundai,GENESIS,GV80 AWD,HYX,13,2.5,4,Auto(S8),19,24,21,23.6417,33.8094,27.3419,18.8108,24.1085,20.875,TC,Turbocharged,SA,Semi-Automatic,8,Y,N,A,All Wheel Drive,15.0,GP,Gasoline (Premium Unleaded Recommended),MPG,miles per gallon,T,Truck,,,,,2950,2950,SIDI & PFI; ,2,2,33,Standard SUV 4WD,,Derived 5-cycle label,2025-06-15,36735,N,N,N,N,,N,,Y,Fixed3,N,,,,,,,,,,,,,,,,,GDPI,Spark Ignition direct & ported injection,,,N,SAE 0W30,Y,Yes,,,4,4,THYXT02.5TP3,6,,6250.0,474,369,427,,,
2026,Hyundai,GENESIS,GV80 AWD,HYX,14,3.5,6,Auto(S8),16,22,19,20.4827,31.2172,24.2324,16.4666,22.3921,18.6925,TC,Turbocharged,SA,Semi-Automatic,8,Y,N,A,All Wheel Drive,15.0,GP,Gasoline (Premium Unleaded Recommended),MPG,miles per gallon,T,Truck,,,,,3300,3300,SIDI & PFI; ,2,2,33,Standard SUV 4WD,,Derived 5-cycle label,2025-06-15,36737,N,N,N,N,,N,,Y,Fixed3,N,,,,,,,,,,,,,,,,,GDPI,Spark Ignition direct & ported injection,,,N,SAE 0W30,Y,Yes,,,4,4,THYXT03.5TT5,5,,8000.0,538,395,473,,,
2026,Hyundai,GENESIS,GV80 MHEV,HYX,75,3.5,6,Auto(S8),17,22,19,21.5,29.9,24.6114,17.2268,21.5122,18.9231,TS,Turbocharged+Supercharged,SA,Semi-Automatic,8,Y,N,A,All Wheel Drive,15.0,GP,Gasoline (Premium Unleaded Recommended),MPG,miles per gallon,T,Truck,,,,,3300,3300,SIDI & PFI; Mild Hybrid; ,2,2,33,Standard SUV 4WD,,Derived 5-cycle label,2025-06-15,36738,N,N,N,N,2 Turbocharger + 1 Supercharger,N,,Y,Fixed3,N,,Battery(s),1.0,Lithium Ion,45.0,9.8,36.4,On-Board,Electrical Regen Brake,Front Wheels,N,This vehicle is mild hybrid vehicle.,1.0,Other,Claw pole,12,GDPI,Spark Ignition direct & ported injection,N,N,N,SAE 0W30,Y,Yes,,,4,4,THYXT03.5T15,5,,8000.0,513,410,467,,,
2026,General Motors,GMC,ACADIA AWD,GMX,855,2.5,4,Auto(A8),20,23,21,24.6358,34.8097,28.3666,19.5385,23.0,21.0,TC,Turbocharged,A,Automatic,8,Y,N,A,All Wheel Drive,10.0,G,Gasoline (Regular Unleaded Recommended),MPG,miles per gallon,T,Truck,,,,,2350,2350,SIDI; ,2,2,33,Standard SUV 4WD,,Derived 5-cycle label,2025-07-07,36795,N,N,N,N,,N,,Y,Cam Phaser,N,,,,,,,,,,,,,,,,,GDI,Spark Ignition Direct Injection,,,N,0W20,Y,Yes,,,4,4,TGMXT02.5000,6,,3250.0,454,387,423,,,
2026,General Motors,GMC,YUKON 4WD,GMX,587,6.2,8,Auto(A10),14,18,16,18.2,27.3,21.4118,14.0,18.0,16.2969,,Naturally Aspirated,A,Automatic,10,Y,N,4,4-Wheel Drive,10.0,GP,Gasoline (Premium Unleaded Recommended),MPG,miles per gallon,T,Truck,,,,,3900,3900,SIDI; ,1,1,33,Standard SUV 4WD,,Derived Vehicle Specific 5-cycle Calculation Approach for city label but Modified 5-cycle Calculation Approach for Highway label,2025-09-08,36834,N,N,N,N,,Y,Dynamic Fuel Management,Y,cam phaser,N,,,,,,,,,,,,,,,,,GDI,Spark Ignition Direct Injection,,,N,0W20,Y,Yes,,,3,3,TGMXT06.2375,5,,11000.0,634,495,572,,,
2026,General Motors,GMC,YUKON 4WD,GMX,596,5.3,8,Auto(A10),15,19,17,19.4,29.4,22.906,14.9051,19.2415,16.5873,,Naturally Aspirated,A,Automatic,10,Y,N,4,4-Wheel Drive,10.0,G,Gasoline (Regular Unleaded Recommended),MPG,miles per gallon,T,Truck,,,,,2900,2900,SIDI; ,1,1,33,Standard SUV 4WD,,Vehicle Specific 5-cycle label,2025-09-08,36930,N,N,N,N,,Y,Dynamic Fuel Management,Y,cam phaser,N,,,,,,,,,,,,,,,,,GDI,Spark Ignition Direct Injection,,,N,0W20,Y,Yes,,,3,3,TGMXT05.3330,6,,6000.0,596,462,536,,,
2026,General Motors,GMC,YUKON 4WD,GMX,765,3.0,6,Auto(A10),20,24,22,25.9401,37.0535,29.9874,20.4862,24.4178,22.0865,TC,Turbocharged,A,Automatic,10,Y,N,4,4-Wheel Drive,,DU,"Diesel, ultra low sulfur (15 ppm, maximum)",MPG,miles per gallon,T,Truck,,,,,2450,2450,,2,2,33,Standard SUV 4WD,,Derived Vehicle Specific 5-cycle Calculation Approach for city label but Modified 5-cycle Calculation Approach for Highway label,2025-08-25,37238,N,N,N,N,,N,,N,,N,,,,,,,,,,,,,,,,,CRDI,Common Rail Direct Diesel Injection,,,N,0W20,Y,Yes,,,4,4,TGMXT03.0353,4,,3750.0,496,416,460,,,
2026,General Motors,GMC,YUKON XL 4WD,GMX,589,6.2,8,Auto(A10),14,18,16,18.2,27.3,21.4118,14.0,18.0,16.2969,,Naturally Aspirated,A,Automatic,10,Y,N,4,4-Wheel Drive,10.0,GP,Gasoline (Premium Unleaded Recommended),MPG,miles per gallon,T,Truck,,,,,3900,3900,SIDI; ,1,1,33,Standard SUV 4WD,,Derived Vehicle Specific 5-cycle Calculation Approach for city label but Modified 5-cycle Calculation Approach for Highway label,2025-09-08,36837,N,N,N,N,,Y,Dynamic Fuel Management,Y,cam phaser,N,,,,,,,,,,,,,,,,,GDI,Spark Ignition Direct Injection,,,N,0W20,Y,Yes,,,3,3,TGMXT06.2375,5,,11000.0,634,495,572,,,
2026,General Motors,GMC,YUKON XL 4WD,GMX,598,5.3,8,Auto(A10),14,19,16,17.727,27.3441,21.0601,13.7134,18.5135,15.5247,,Naturally Aspirated,A,Automatic,10,Y,N,4,4-Wheel Drive,10.0,G,Gasoline (Regular Unleaded Recommended),MPG,miles per gallon,T,Truck,,,,,3100,3100,SIDI; ,1,1,33,Standard SUV 4WD,,Vehicle Specific 5-cycle label,2025-09-08,36928,N,N,N,N,,Y,Dynamic Fuel Management,Y,cam phaser,N,,,,,,,,,,,,,,,,,GDI,Spark Ignition Direct Injection,,,N,0W20,Y,Yes,,,3,3,TGMXT05.3330,6,,7000.0,646,481,571,,,
2026,General Motors,GMC,YUKON XL 4WD,GMX,764,3.0,6,Auto(A10),20,24,22,25.9401,37.0535,29.9874,20.4862,24.4178,22.0865,TC,Turbocharged,A,Automatic,10,Y,N,4,4-Wheel Drive,,DU,"Diesel, ultra low sulfur (15 ppm, maximum)",MPG,miles per gallon,T,Truck,,,,,2450,2450,,2,2,33,Standard SUV 4WD,,Derived Vehicle Specific 5-cycle Calculation Approach for city label but Modified 5-cycle Calculation Approach for Highway label,2025-08-25,37237,N,N,N,N,,N,,N,,N,,,,,,,,,,,,,,,,,CRDI,Common Rail Direct Diesel Injection,,,N,0W20,Y,Yes,,,4,4,TGMXT03.0353,4,,3750.0,496,416,460,,,
2026,Hyundai,HYUNDAI MOTOR COMPANY,Palisade AWD,HYX,19,3.5,6,Auto(S8),18,24,20,22.2168,33.8857,26.2909,17.7594,23.6714,20.0081,,Naturally Aspirated,SA,Semi-Automatic,8,Y,N,A,All Wheel Drive,15.0,G,Gasoline (Regular Unleaded Recommended),MPG,miles per gallon,T,Truck,,,,,2500,2500,SIDI & PFI; ,2,2,33,Standard SUV 4WD,,Derived Vehicle Specific 5-cycle Calculation Approach for city label but Modified 5-cycle Calculation Approach for Highway label,2025-05-15,36648,N,N,N,N,,N,,Y,Fixed3(More than two or continuous),N,,,,,,,,,,,,,,,,,GDPI,Spark Ignition direct & ported injection,,,N,0W20,N,No,,,4,4,THYXT03.5NU3,6,,4000.0,500,375,444,,,
2026,Hyundai,HYUNDAI MOTOR COMPANY,Palisade Hybrid AWD,HYX,85,2.5,4,Auto(AM-S6),29,30,29,39.3593,40.6171,39.9155,28.7104,30.3776,29.4374,TC,Turbocharged,AMS,Automated Manual- Selectable (e.g. Automated Manual with paddles),6,N,N,A,All Wheel Drive,15.0,G,Gasoline (Regular Unleaded Recommended),MPG,miles per gallon,T,Truck,,,,,1700,1700,SIDI; Hybrid; ,2,2,33,Standard SUV 4WD,,Vehicle Specific 5-cycle label,2025-08-15,37354,N,N,N,N,,N,,Y,Fixed 3 (More than two or continuous),N,,Battery(s),1.0,Lithium Ion,300.0,5.5,44.7,On-Board,Electrical Regen Brake,Front Wheels,Y,,2.0,Other,PMSM,13 and 54,GDI,Spark Ignition Direct Injection,N,N,N,"SAE 0W-20, API SN PLUS",Y,Yes,,,6,6,THYXV02.5N13,6,0.0,,307,291,300,,,
2026,Hyundai,HYUNDAI MOTOR COMPANY,Palisade XRT Pro,HYX,83,3.5,6,Auto(S8),16,22,19,20.4,31.8,24.324,16.4046,22.195,18.5866,,Naturally Aspirated,SA,Semi-Automatic,8,Y,N,A,All Wheel Drive,15.0,G,Gasoline (Regular Unleaded Recommended),MPG,miles per gallon,T,Truck,,,,,2600,2600,SIDI & PFI; ,2,2,33,Standard SUV 4WD,,Derived Vehicle Specific 5-cycle Calculation Approach for city label but Modified 5-cycle Calculation Approach for Highway label,2025-05-15,36650,Y,N,N,N,,N,,Y,Fixed3(More than two or continuous),N,,,,,,,,,,,,,,,,,GDPI,Spark Ignition direct & ported injection,,,N,0W20,N,No,,,4,4,THYXT03.5NU3,6,,4500.0,542,402,479,,,
2026,Nissan,INFINITI,QX60 AWD,NSX,223,2.0,4,Auto(S9),22,27,24,27.5797,38.3015,31.5546,21.6663,27.0353,23.7926,TC,Turbocharged,SA,Semi-Automatic,9,Y,N,A,All Wheel Drive,15.0,GPR,Gasoline (Premium Unleaded Required),MPG,miles per gallon,T,Truck,,,,,2600,2600,SIDI & PFI; ,2,2,33,Standard SUV 4WD,,Derived 5-cycle label,2025-07-18,37263,N,N,N,N,"For QX60 FWD, QX60 AWD",N,,Y,"INT:ECM controlled, Motor driven EXH:ECM controlled, Oil pressure driven",N,,,,,,,,,,,,,,,,,GDPI,Spark Ignition direct & ported injection,,,N,SAE 0W-20,Y,Yes,,,5,5,TNSXT02.0FVM,5,,4500.0,411,330,374,,,
2026,Nissan,INFINITI,QX80 4WD,NSX,891,3.5,6,Auto(S9),16,19,17,19.3831,29.5947,22.946,15.6391,19.1806,17.0563,TC,Turbocharged,SA,Semi-Automatic,9,Y,N,4,4-Wheel Drive,15.0,GPR,Gasoline (Premium Unleaded Required),MPG,miles per gallon,T,Truck,,,,,3650,3650,SIDI; ,2,2,33,Standard SUV 4WD,,Derived Vehicle Specific 5-cycle Calculation Approach for city label but Modified 5-cycle Calculation Approach for Highway label,2025-08-19,37061,N,N,N,N,For QX80 2WD and QX80 4WD,N,,Y,"INT;ECM and VTC controller controlled, Electric driven EXH;ECM controlled, Oil pressure driven",N,,,,,,,,,,,,,,,,,GDI,Spark Ignition Direct Injection,,,N,SAE 0W-20,Y,Yes,,,3,3,TNSXT03.5EWU,5,,9750.0,569,464,522,,,
2026,Jaguar Land Rover L,Land Rover,Defender 110,JLX,663,2.0,4,Auto(S8),18,22,20,22.4865,30.9174,25.6318,17.9691,22.1807,19.6479,TC,Turbocharged,SA,Semi-Automatic,8,Y,N,4,4-Wheel Drive,10.0,GP,Gasoline (Premium Unleaded Recommended),MPG,miles per gallon,T,Truck,,,,,3100,3100,SIDI; ,2,2,33,Standard SUV 4WD,,Derived Vehicle Specific 5-cycle Calculation Approach for city label but Modified 5-cycle Calculation Approach for Highway label,2025-08-04,37135,Y,N,N,N,,N,,Y,Inlet and Exhaust Camshaft Phasing controlled by Engine Management System.,Y,Continuously variable inlet valve lift,,,,,,,,,,,,,,,,GDI,Spark Ignition Direct Injection,N,N,N,0W20,Y,Yes,Defender 110,25.8,4,4,TJLXT02.0RTW,6,,7000.0,494,400,452,,,
2026,Jaguar Land Rover L,Land Rover,Defender 110,JLX,669,5.0,8,Auto(S8),14,18,16,17.0743,25.1667,19.9629,13.9018,18.3284,15.5969,SC,Supercharged,SA,Semi-Automatic,8,Y,N,4,4-Wheel Drive,10.0,GP,Gasoline (Premium Unleaded Recommended),MPG,miles per gallon,T,Truck,,,,,3900,3900,SIDI; ,2,2,33,Standard SUV 4WD,,Derived 5-cycle label,2025-07-21,36561,Y,N,N,N,,N,,Y,Inlet and Exhaust Camshaft Phasing controlled by Engine Management System.,N,,,,,,,,,,,,,,,,,GDI,Spark Ignition Direct Injection,N,N,N,0W20,Y,Yes,Defender 110,20.1,3,3,TJLXT05.0FSR,2,,11000.0,644,489,574,,,
2026,Jaguar Land Rover L,Land Rover,Defender 110 MHEV,JLX,674,4.4,8,Auto(S8),15,19,17,18.354,26.688,21.3549,14.8943,19.352,16.6167,TC,Turbocharged,SA,Semi-Automatic,8,Y,N,4,4-Wheel Drive,10.0,GP,Gasoline (Premium Unleaded Recommended),MPG,miles per gallon,T,Truck,,,,,3650,3650,SIDI; Mild Hybrid; ,2,2,33,Standard SUV 4WD,,Derived 5-cycle label,2025-07-21,37056,Y,N,N,N,,N,,Y,Inlet and Exhaust Camshaft Phasing controlled by Engine Management System,N,,Battery(s),1.0,Lithium Ion,48.0,8.0,370.0,On-Board,Electrical Regen Brake,Both,N,,1.0,AC Induction,,22,GDI,Spark Ignition Direct Injection,N,N,N,0W20,Y,Yes,Defender 110 MHEV,21.5,3,3,TJLXT04.4GTH,5,,9750.0,597,458,534,,,
2026,Jaguar Land Rover L,Land Rover,Defender 110 Trophy MHEV,JLX,675,3.0,6,Auto(S8),17,18,17,21.0602,27.6328,23.5846,16.8988,17.7462,17.2699,TS,Turbocharged+Supercharged,SA,Semi-Automatic,8,Y,N,4,4-Wheel Drive,10.0,GP,Gasoline (Premium Unleaded Recommended),MPG,miles per gallon,T,Truck,,,,,3650,3650,SIDI; Mild Hybrid; ,2,2,33,Standard SUV 4WD,,Derived Vehicle Specific 5-cycle Calculation Approach for city label but Modified 5-cycle Calculation Approach for Highway label,2025-09-19,37625,Y,N,N,N,Mechanical turbocharger and electronic supercharger.,N,,Y,Inlet and Exhaust Camshaft Phasing controlled by Engine Management System.,N,,Battery(s),1.0,Lithium Ion,48.0,8.0,370.0,On-Board,Not applicable,,,,1.0,AC Induction,,15,GDI,Spark Ignition Direct Injection,N,N,N,0W20,Y,Yes,Defender Trophy MHEV,23.7,3,3,TJLXT03.0HTS,6,,9750.0,524,497,512,,,
2026,Jaguar Land Rover L,Land Rover,Defender 130,JLX,670,5.0,8,Auto(S8),14,19,16,17.0445,25.9735,20.1638,13.8251,18.8752,15.7175,SC,Supercharged,SA,Semi-Automatic,8,Y,N,4,4-Wheel Drive,10.0,GP,Gasoline (Premium Unleaded Recommended),MPG,miles per gallon,T,Truck,,,,,3900,3900,SIDI; ,2,2,33,Standard SUV 4WD,,Derived 5-cycle label,2025-07-21,36563,Y,N,N,N,,N,,Y,Inlet and Exhaust Camshaft Phasing controlled by Engine Management System.,N,,,,,,,,,,,,,,,,,GDI,Spark Ignition Direct Injection,N,N,N,0W20,Y,Yes,Defender 130,20.3,3,3,TJLXT05.0FSR,2,,11000.0,644,474,567,,,
2026,Jaguar Land Rover L,Land Rover,Defender 130 Outbound,JLX,673,3.0,6,Auto(S8),17,19,18,20.61,29.2821,23.779,16.562,19.481,17.7595,TS,Turbocharged+Supercharged,SA,Semi-Automatic,8,Y,N,4,4-Wheel Drive,10.0,GP,Gasoline (Premium Unleaded Recommended),MPG,miles per gallon,T,Truck,,,,,3450,3450,SIDI; Mild Hybrid; ,2,2,33,Standard SUV 4WD,,Derived Vehicle Specific 5-cycle Calculation Approach for city label but Modified 5-cycle Calculation Approach for Highway label,2025-09-19,37599,Y,N,N,N,Mechanical turbocharger and electronic supercharger.,N,,Y,Inlet and Exhaust Camshaft Phasing controlled by Engine Management System.,N,,Battery(s),1.0,Lithium Ion,48.0,8.0,370.0,On-Board,Not applicable,,,,1.0,AC Induction,,15,GDI,Spark Ignition Direct Injection,N,N,N,0W20,Y,Yes,Defender Outbound MHEV,23.9,3,3,TJLXT03.0HTS,6,,8750.0,538,453,500,,,
2026,Jaguar Land Rover L,Land Rover,Defender 90,JLX,666,2.0,4,Auto(S8),18,21,19,22.544,31.8779,25.9652,18.0017,20.5719,19.0741,TC,Turbocharged,SA,Semi-Automatic,8,Y,N,4,4-Wheel Drive,10.0,GP,Gasoline (Premium Unleaded Recommended),MPG,miles per gallon,T,Truck,,,,,3300,3300,SIDI; ,2,2,33,Standard SUV 4WD,,Derived Vehicle Specific 5-cycle Calculation Approach for city label but Modified 5-cycle Calculation Approach for Highway label,2025-08-04,37097,Y,N,N,N,,N,,Y,Inlet and Exhaust Camshaft Phasing controlled by Engine Management System.,Y,Continuously variable inlet valve lift,,,,,,,,,,,,,,,,GDI,Spark Ignition Direct Injection,N,N,N,0W20,Y,Yes,Defender 90,26.1,4,4,TJLXT02.0RTW,6,,8000.0,493,431,465,,,
2026,Jaguar Land Rover L,Land Rover,Defender 90,JLX,668,5.0,8,Auto(S8),15,19,16,17.901,26.1251,20.8553,14.5136,18.9434,16.2205,SC,Supercharged,SA,Semi-Automatic,8,Y,N,4,4-Wheel Drive,10.0,GP,Gasoline (Premium Unleaded Recommended),MPG,miles per gallon,T,Truck,,,,,3900,3900,SIDI; ,2,2,33,Standard SUV 4WD,,Derived 5-cycle label,2025-07-21,36560,Y,N,N,N,,N,,Y,Inlet and Exhaust Camshaft Phasing controlled by Engine Management System.,N,,,,,,,,,,,,,,,,,GDI,Spark Ignition Direct Injection,N,N,N,0W20,Y,Yes,Defender 90,21.0,3,3,TJLXT05.0FSR,2,,11000.0,615,471,550,,,
2026,Jaguar Land Rover L,Land Rover,Range Rover LWB MHEV,JLX,436,4.4,8,Auto(S8),16,22,18,19.2261,30.2444,22.996,15.5008,21.7131,17.7914,TC,Turbocharged,SA,Semi-Automatic,8,Y,N,4,4-Wheel Drive,10.0,GP,Gasoline (Premium Unleaded Recommended),MPG,miles per gallon,T,Truck,,,,,3450,3450,SIDI; Mild Hybrid; ,2,2,33,Standard SUV 4WD,,Derived 5-cycle label,2025-09-15,37051,Y,N,N,N,,N,,Y,Inlet and Exhaust Camshaft Phasing controlled by Engine Management System,N,,Battery(s),1.0,Lithium Ion,48.0,8.0,370.0,On-Board,Electrical Regen Brake,Both,N,,1.0,AC Induction,,22,GDI,Spark Ignition Direct Injection,N,N,N,0W20,Y,Yes,Range Rover MHEV LWB,23.1,3,3,TJLXT04.4GTG,6,,8750.0,574,411,501,,,
2026,Jaguar Land Rover L,Land Rover,Range Rover MHEV,JLX,435,4.4,8,Auto(S8),16,23,19,20.1822,32.1029,24.2312,16.2544,22.9789,18.7196,TC,Turbocharged,SA,Semi-Automatic,8,Y,N,4,4-Wheel Drive,10.0,GP,Gasoline (Premium Unleaded Recommended),MPG,miles per gallon,T,Truck,,,,,3300,3300,SIDI; Mild Hybrid; ,2,2,33,Standard SUV 4WD,,Derived 5-cycle label,2025-09-15,37052,Y,N,N,N,,N,,Y,Inlet and Exhaust Camshaft Phasing controlled by Engine Management System,N,,Battery(s),1.0,Lithium Ion,48.0,8.0,370.0,On-Board,Electrical Regen Brake,Both,N,,1.0,AC Induction,,22,GDI,Spark Ignition Direct Injection,N,N,N,0W20,Y,Yes,Range Rover MHEV,24.4,4,4,TJLXT04.4GTG,6,,8000.0,549,389,477,,,
2026,Jaguar Land Rover L,Land Rover,Range Rover Sport MHEV,JLX,437,4.4,8,Auto(S8),16,23,19,20.1822,32.1029,24.2312,16.2544,22.9789,18.7196,TC,Turbocharged,SA,Semi-Automatic,8,Y,N,4,4-Wheel Drive,10.0,GP,Gasoline (Premium Unleaded Recommended),MPG,miles per gallon,T,Truck,,,,,3300,3300,SIDI; Mild Hybrid; ,2,2,33,Standard SUV 4WD,,Derived 5-cycle label,2025-09-15,37330,Y,N,N,N,,N,,Y,Inlet and Exhaust Camshaft Phasing controlled by Engine Management System,N,,Battery(s),1.0,Lithium Ion,48.0,8.0,370.0,On-Board,Electrical Regen Brake,Both,N,,1.0,AC Induction,,22,GDI,Spark Ignition Direct Injection,N,N,N,0W20,Y,Yes,Range Rover Sport MHEV,24.4,4,4,TJLXT04.4GTG,5,,8000.0,549,389,477,,,
2026,Jaguar Land Rover L,Land Rover,Range Rover Sport SVR MHEV,JLX,438,4.4,8,Auto(S8),16,22,18,19.4788,30.2476,23.1948,15.7274,21.7131,17.9547,TC,Turbocharged,SA,Semi-Automatic,8,Y,N,4,4-Wheel Drive,10.0,GP,Gasoline (Premium Unleaded Recommended),MPG,miles per gallon,T,Truck,,,,,3450,3450,SIDI; Mild Hybrid; ,2,2,33,Standard SUV 4WD,,Derived 5-cycle label,2025-09-15,37331,Y,N,N,N,,N,,Y,Inlet and Exhaust Camshaft Phasing controlled by Engine Management System,N,,Battery(s),1.0,Lithium Ion,48.0,8.0,370.0,On-Board,Electrical Regen Brake,Both,N,,1.0,AC Induction,,22,GDI,Spark Ignition Direct Injection,N,N,N,0W20,Y,Yes,Range Rover Sport SVR MHEV,23.4,3,3,TJLXT04.4GTG,5,,8750.0,568,410,497,,,
2026,Jaguar Land Rover L,Land Rover,Range Rover SV LWB MHEV,JLX,430,4.4,8,Auto(S8),16,22,18,19.2261,30.2444,22.996,15.5008,21.7131,17.7914,TC,Turbocharged,SA,Semi-Automatic,8,Y,N,4,4-Wheel Drive,10.0,GP,Gasoline (Premium Unleaded Recommended),MPG,miles per gallon,T,Truck,,,,,3450,3450,SIDI; Mild Hybrid; ,2,2,33,Standard SUV 4WD,,Derived 5-cycle label,2025-09-15,37332,Y,N,N,N,,N,,Y,Inlet and Exhaust Camshaft Phasing controlled by Engine Management System,N,,Battery(s),1.0,Lithium Ion,48.0,8.0,370.0,On-Board,Electrical Regen Brake,Both,N,,1.0,AC Induction,,22,GDI,Spark Ignition Direct Injection,N,N,N,0W20,Y,Yes,Range Rover SV MHEV LWB,23.1,3,3,TJLXT04.4GTG,6,,8750.0,574,411,501,,,
2026,Jaguar Land Rover L,Land Rover,Range Rover SV MHEV,JLX,439,4.4,8,Auto(S8),16,23,18,19.3992,31.7996,23.5279,15.6519,22.7798,18.217,TC,Turbocharged,SA,Semi-Automatic,8,Y,N,4,4-Wheel Drive,10.0,GP,Gasoline (Premium Unleaded Recommended),MPG,miles per gallon,T,Truck,,,,,3450,3450,SIDI; Mild Hybrid; ,2,2,33,Standard SUV 4WD,,Derived 5-cycle label,2025-09-15,37316,Y,N,N,N,,N,,Y,Inlet and Exhaust Camshaft Phasing controlled by Engine Management System,N,,Battery(s),1.0,Lithium Ion,48.0,8.0,370.0,On-Board,Electrical Regen Brake,Both,N,,1.0,AC Induction,,22,GDI,Spark Ignition Direct Injection,N,N,N,0W20,Y,Yes,Range Rover SV MHEV,23.7,3,3,TJLXT04.4GTG,5,,8750.0,566,390,487,,,
2026,Toyota,LEXUS,TX 350 AWD,TYX,111,2.4,4,Auto(S8),20,26,23,25.8,37.4387,29.9963,20.3848,26.4778,22.7395,TC,Turbocharged,SA,Semi-Automatic,8,Y,N,A,All Wheel Drive,15.0,GPR,Gasoline (Premium Unleaded Required),MPG,miles per gallon,T,Truck,,,,,2700,2700,SIDI & PFI; ,2,2,33,Standard SUV 4WD,,Derived 5-cycle label,2025-09-03,37025,Y,N,N,N,"APPLIED TO NX 350, RX 350, TX 350",N,,Y,Intake and exhaust,N,,,,,,,,,,,,,,,,,GDPI,Spark Ignition direct & ported injection,,,N,0W-20,Y,Yes,,,5,5,TTYXJ02.4H3B,6,,5000.0,432,333,387,,,
2026,Toyota,LEXUS,TX 500h AWD,TYX,109,2.4,4,Auto(S6),27,28,27,35.1,39.6,36.9916,26.9235,27.8704,27.3415,TC,Turbocharged,SA,Semi-Automatic,6,N,N,A,All Wheel Drive,15.0,GPR,Gasoline (Premium Unleaded Required),MPG,miles per gallon,T,Truck,,,,,2300,2300,SIDI & PFI; Hybrid; ,2,2,33,Standard SUV 4WD,,Derived 5-cycle label,2025-09-03,37622,Y,N,N,N,"APPLIED TO TX 500h, RX 500h",N,,Y,Intake and exhaust,N,,Battery(s),1.0,NiMH,288.0,5.0,23.0,On-Board,Electrical Regen Brake,Both,N,,2.0,Other,AC Synchronous,64 and 76,GDPI,Spark Ignition direct & ported injection,N,N,N,0W-20,Y,Yes,HYBRID,,5,5,TTYXT02.4H3L,6,,3000.0,326,316,322,,,
2026,Ford Motor Company,Lincoln,AVIATOR AWD,FMX,1,3.0,6,Auto(S10),17,25,20,21.2794,34.8381,25.7975,17.0624,24.784,19.8446,TC,Turbocharged,SA,Semi-Automatic,10,Y,N,P,Part-time 4-Wheel Drive,10.0,G,Gasoline (Regular Unleaded Recommended),MPG,miles per gallon,T,Truck,,,,,2500,2500,SIDI; ,2,2,33,Standard SUV 4WD,,Derived 5-cycle label,2025-09-22,37671,N,N,N,N,,N,,Y,DOHC with VCT,N,,,,,,,,,,,,,,,,,GDI,Spark Ignition Direct Injection,,,N,SAE 5W-30 / ILSAC GF-7,Y,Yes,,,4,4,TFMXT03.0JPC,5,,4000.0,521,358,447,,,
2026,MAZDA,MAZDA,MAZDA CX-90 4WD,TKX,903,3.3,6,Auto(S8),23,28,25,29.5624,39.1232,33.215,23.0769,27.5643,24.9011,TC,Turbocharged,SA,Semi-Automatic,8,N,Y,4,4-Wheel Drive,10.0,G,Gasoline (Regular Unleaded Recommended),MPG,miles per gallon,T,Truck,,,,,2000,2000,SIDI; Mild Hybrid; ,2,2,33,Standard SUV 4WD,,Derived 5-cycle label,2025-09-08,36976,Y,N,N,N,,N,,Y,This technology optimizes the valve timing by using computer control to continuously switch the intake and exhaust valve opening/closing timing according to driving conditions.,N,,Battery(s),1.0,Lithium Ion,44.0,8.0,21.8,On-Board,Electrical Regen Brake,Both,N,,1.0,Other,Permanent magnet synchronous,11,GDI,Spark Ignition Direct Injection,N,N,N,GF-6 0W-20,Y,Yes,,,5,5,TTKXT03.3DHB,5,,1500.0,386,324,358,,,
2026,MAZDA,MAZDA,MAZDA CX-90 4WD,TKX,904,3.3,6,Auto(S8),23,28,25,29.597,40.3,33.6143,23.1013,28.3185,25.1897,TC,Turbocharged,SA,Semi-Automatic,8,N,Y,4,4-Wheel Drive,10.0,GP,Gasoline (Premium Unleaded Recommended),MPG,miles per gallon,T,Truck,,,,,2500,2500,SIDI; Mild Hybrid; ,2,2,33,Standard SUV 4WD,,Derived 5-cycle label,2025-09-08,36975,Y,N,N,N,,N,,Y,This technology optimizes the valve timing by using computer control to continuously switch the intake and exhaust valve opening/closing timing according to driving conditions.,N,,Battery(s),1.0,Lithium Ion,44.0,8.0,21.8,On-Board,Electrical Regen Brake,Both,N,,1.0,Other,Permanent magnet synchronous,11,GDI,Spark Ignition Direct Injection,N,N,N,GF-6 0W-20,Y,Yes,,,5,5,TTKXT03.3DHA,5,,4000.0,386,314,354,,,
2026,Mercedes-Benz,Mercedes-Benz,AMG GLE 53 4MATIC+,MBX,431,3.0,6,Auto(A9),18,23,20,22.9,32.2,26.3209,18.2647,23.0453,20.1453,TS,Turbocharged+Supercharged,A,Automatic,9,Y,N,A,All Wheel Drive,10.0,GPR,Gasoline (Premium Unleaded Required),MPG,miles per gallon,T,Truck,,,,,3100,3100,SIDI; Mild Hybrid; ,2,2,33,Standard SUV 4WD,,Derived 5-cycle label,2025-06-04,36728,,N,N,N,"GLS 450 4MATIC, GLE 450 4MATIC, GLE 450 4MATIC (coupe)",N,,Y,Allows timing of the intake / exhaust valves to be changed while the engine is in operation,Y,Camtronic on the intake camshaft,Battery(s),1.0,Lithium Ion,48.0,20.0,80.0,On-Board,Electrical Regen Brake,Both,N,"ISG Engine 48V Technologie Data for battery type BB200 as above (GLS 450 4MATIC, GLE 450 4MATIC, GLE 450 4MATIC (coupe), AMG GLE 53 4MATIC+, AMG GLE 53 4MATIC+ (coupe)) / Data for battery type BB300 as follows (AMG CLE 53 4MATIC+ (coupe), AMG CLE 53 4MATIC+ (convertible)): Battery Type: LI; Number of Battery Packs: 1; Total Voltage of Battery Pack (Volts): 48; Battery Energy Capacity (Ah): 17.5; Battery Specific Energy (Whr/kg): 78.2; Battery Charger Type: ON / Data of the electric motor for GLS 450 4MATIC, GLE 450 4MATIC, GLE 450 4MATIC (coupe), AMG GLE 53 4MATIC+, AMG GLE 53 4MATIC+ (coupe) as above / Data of the electric motor for AMG CLE 53 4MATIC+ (coupe), AMG CLE 53 4MATIC+ (convertible) as follows: Motor Type: PSM; Rated Motor Power (kWatt): 17",1.0,Other,PSM,15,GDI,Spark Ignition Direct Injection,N,N,N,5W30,Y,Yes,AMG GLE 53 4MATIC+,26.5,4,4,TMBXJ03.0HY1,6,,7000.0,484,384,439,,,
2026,Mercedes-Benz,Mercedes-Benz,AMG GLE 53 4MATIC+ (coupe),MBX,432,3.0,6,Auto(A9),18,22,20,22.3,30.7,25.4313,17.821,22.0473,19.5034,TS,Turbocharged+Supercharged,A,Automatic,9,Y,N,A,All Wheel Drive,10.0,GPR,Gasoline (Premium Unleaded Required),MPG,miles per gallon,T,Truck,,,,,3100,3100,SIDI; Mild Hybrid; ,2,2,33,Standard SUV 4WD,,Derived 5-cycle label,2025-06-04,36729,,N,N,N,"GLS 450 4MATIC, GLE 450 4MATIC, GLE 450 4MATIC (coupe)",N,,Y,Allows timing of the intake / exhaust valves to be changed while the engine is in operation,Y,Camtronic on the intake camshaft,Battery(s),1.0,Lithium Ion,48.0,20.0,80.0,On-Board,Electrical Regen Brake,Both,N,"ISG Engine 48V Technologie Data for battery type BB200 as above (GLS 450 4MATIC, GLE 450 4MATIC, GLE 450 4MATIC (coupe), AMG GLE 53 4MATIC+, AMG GLE 53 4MATIC+ (coupe)) / Data for battery type BB300 as follows (AMG CLE 53 4MATIC+ (coupe), AMG CLE 53 4MATIC+ (convertible)): Battery Type: LI; Number of Battery Packs: 1; Total Voltage of Battery Pack (Volts): 48; Battery Energy Capacity (Ah): 17.5; Battery Specific Energy (Whr/kg): 78.2; Battery Charger Type: ON / Data of the electric motor for GLS 450 4MATIC, GLE 450 4MATIC, GLE 450 4MATIC (coupe), AMG GLE 53 4MATIC+, AMG GLE 53 4MATIC+ (coupe) as above / Data of the electric motor for AMG CLE 53 4MATIC+ (coupe), AMG CLE 53 4MATIC+ (convertible) as follows: Motor Type: PSM; Rated Motor Power (kWatt): 17",1.0,Other,PSM,15,GDI,Spark Ignition Direct Injection,N,N,N,5W30,Y,Yes,AMG GLE 53 4MATIC+ (coupe),25.6,4,4,TMBXJ03.0HY1,6,,7000.0,497,401,454,,,
2026,Mercedes-Benz,Mercedes-Benz,AMG GLE 63 S 4MATIC+,MBX,401,4.0,8,Auto(A9),15,20,17,18.0,28.3,21.5255,14.5898,20.4361,16.7455,TC,Turbocharged,A,Automatic,9,Y,N,A,All Wheel Drive,10.0,GPR,Gasoline (Premium Unleaded Required),MPG,miles per gallon,T,Truck,,,,,3650,3650,SIDI; Mild Hybrid; ,2,2,33,Standard SUV 4WD,,Derived 5-cycle label,2025-06-25,36893,,N,N,N,"ENGINE: GLS 63, GLE 63, GLE 63 coupe (AWD)/ 603 HP COMBUSTION AND 21 HP ELECTRIC MOTOR",Y,"Camtronic is used to deactivate cylinder 2,3,5,8 by changing the valve lift (intake and exhaust valves) of the mentioned cylinders to 0 mm.",Y,Allows timing of the intake / exhaust valves to be changed while the engine is in operation,N,,Battery(s),1.0,Lithium Ion,48.0,20.0,80.0,On-Board,Electrical Regen Brake,Both,N,ISG (Integrated-Starter-Generator) Engine with 48V Technology,1.0,Other,permanent synchronous motor,16,GDI,Spark Ignition Direct Injection,N,N,N,0W20,Y,Yes,,21.7,3,3,TMBXT04.0HY1,4,,9750.0,606,434,528,,,
2026,Mercedes-Benz,Mercedes-Benz,AMG GLE 63 S 4MATIC+ (coupe),MBX,400,4.0,8,Auto(A9),15,21,17,18.4,28.6,21.9175,14.8943,20.6385,17.0268,TC,Turbocharged,A,Automatic,9,Y,N,A,All Wheel Drive,10.0,GPR,Gasoline (Premium Unleaded Required),MPG,miles per gallon,T,Truck,,,,,3650,3650,SIDI; Mild Hybrid; ,2,2,33,Standard SUV 4WD,,Derived 5-cycle label,2025-06-25,37408,,N,N,N,"ENGINE: GLS 63, GLE 63, GLE 63 coupe (AWD)/ 603 HP COMBUSTION AND 21 HP ELECTRIC MOTOR",Y,"Camtronic is used to deactivate cylinder 2,3,5,8 by changing the valve lift (intake and exhaust valves) of the mentioned cylinders to 0 mm.",Y,Allows timing of the intake / exhaust valves to be changed while the engine is in operation,N,,Battery(s),1.0,Lithium Ion,48.0,20.0,80.0,On-Board,Electrical Regen Brake,Both,N,ISG (Integrated-Starter-Generator) Engine with 48V Technology,1.0,Other,permanent synchronous motor,16,GDI,Spark Ignition Direct Injection,N,N,N,0W20,Y,Yes,,22.1,3,3,TMBXT04.0HY1,4,,9750.0,598,432,523,,,
2026,Mercedes-Benz,Mercedes-Benz,AMG GLS 63 4MATIC+,MBX,403,4.0,8,Auto(A9),15,20,17,17.9,27.7,21.2894,14.5136,20.0305,16.5669,TC,Turbocharged,A,Automatic,9,Y,N,A,All Wheel Drive,10.0,GPR,Gasoline (Premium Unleaded Required),MPG,miles per gallon,T,Truck,,,,,3650,3650,SIDI; Mild Hybrid; ,2,2,33,Standard SUV 4WD,,Derived 5-cycle label,2025-06-25,36892,,N,N,N,"ENGINE: GLS 63, GLE 63, GLE 63 coupe (AWD)/ 603 HP COMBUSTION AND 21 HP ELECTRIC MOTOR",Y,"Camtronic is used to deactivate cylinder 2,3,5,8 by changing the valve lift (intake and exhaust valves) of the mentioned cylinders to 0 mm.",Y,Allows timing of the intake / exhaust valves to be changed while the engine is in operation,N,,Battery(s),1.0,Lithium Ion,48.0,20.0,80.0,On-Board,Electrical Regen Brake,Both,N,ISG (Integrated-Starter-Generator) Engine with 48V Technology,1.0,Other,permanent synchronous motor,16,GDI,Spark Ignition Direct Injection,N,N,N,0W20,Y,Yes,,21.4,3,3,TMBXT04.0HY1,4,,9750.0,614,445,538,,,
2026,Mercedes-Benz,Mercedes-Benz,G 550,MBX,435,3.0,6,Auto(A9),17,19,18,22.6,29.5,25.2586,17.3211,18.9506,18.0183,TS,Turbocharged+Supercharged,A,Automatic,9,Y,N,4,4-Wheel Drive,10.0,GPR,Gasoline (Premium Unleaded Required),MPG,miles per gallon,T,Truck,,,,,3450,3450,"SIDI; Mild Hybrid; Under EPA regulations, the manufacturer revised the fuel economy label values on . Previous values were XX MPG city, XX MPG highway, and XX MPG combined; ",2,2,33,Standard SUV 4WD,,Vehicle Specific 5-cycle label,2025-08-01,37410,,Y,N,N,Electric motor: max. power 15kW,N,,Y,Allows timing of the intake/exhaust valves to be changed while the engine is in operation,Y,Camtronic on the intake camshaft,Battery(s),1.0,Lithium Ion,48.0,20.0,80.0,On-Board,Electrical Regen Brake,Both,N,ISG2 Engine 48V technology,1.0,Other,permanent magnet synchronous,15,GDI,Spark Ignition Direct Injection,N,N,N,5W30,Y,Yes,G 550,25.4,3,3,TMBXT03.0HY1,6,,8750.0,510,465,490,,,
2026,Mercedes-Benz,Mercedes-Benz,GLE 450 4MATIC,MBX,408,3.0,6,Auto(A9),19,25,21,23.6474,34.4464,27.5314,18.8149,24.5272,21.0176,TS,Turbocharged+Supercharged,A,Automatic,9,Y,N,A,All Wheel Drive,10.0,GPR,Gasoline (Premium Unleaded Required),MPG,miles per gallon,T,Truck,,,,,2950,2950,SIDI; Mild Hybrid; ,2,2,33,Standard SUV 4WD,,Derived 5-cycle label,2025-06-04,36740,,N,N,N,"GLS 450 4MATIC, GLE 450 4MATIC, GLE 450 4MATIC (coupe)",N,,Y,Allows timing of the intake / exhaust valves to be changed while the engine is in operation,Y,Camtronic on the intake camshaft,Battery(s),1.0,Lithium Ion,48.0,20.0,80.0,On-Board,Electrical Regen Brake,Both,N,"ISG Engine 48V Technologie Data for battery type BB200 as above (GLS 450 4MATIC, GLE 450 4MATIC, GLE 450 4MATIC (coupe), AMG GLE 53 4MATIC+, AMG GLE 53 4MATIC+ (coupe)) / Data for battery type BB300 as follows (AMG CLE 53 4MATIC+ (coupe), AMG CLE 53 4MATIC+ (convertible)): Battery Type: LI; Number of Battery Packs: 1; Total Voltage of Battery Pack (Volts): 48; Battery Energy Capacity (Ah): 17.5; Battery Specific Energy (Whr/kg): 78.2; Battery Charger Type: ON / Data of the electric motor for GLS 450 4MATIC, GLE 450 4MATIC, GLE 450 4MATIC (coupe), AMG GLE 53 4MATIC+, AMG GLE 53 4MATIC+ (coupe) as above / Data of the electric motor for AMG CLE 53 4MATIC+ (coupe), AMG CLE 53 4MATIC+ (convertible) as follows: Motor Type: PSM; Rated Motor Power (kWatt): 17",1.0,Other,PSM,15,GDI,Spark Ignition Direct Injection,N,N,N,5W30,Y,Yes,GLE 450 4MATIC,27.7,4,4,TMBXJ03.0HY1,6,,6250.0,474,363,424,,,
2026,Mercedes-Benz,Mercedes-Benz,GLE 450 4MATIC (coupe),MBX,409,3.0,6,Auto(A9),19,25,21,23.6474,34.4464,27.5314,18.8149,24.5272,21.0176,TS,Turbocharged+Supercharged,A,Automatic,9,Y,N,A,All Wheel Drive,10.0,GPR,Gasoline (Premium Unleaded Required),MPG,miles per gallon,T,Truck,,,,,2950,2950,SIDI; Mild Hybrid; ,2,2,33,Standard SUV 4WD,,Derived 5-cycle label,2025-06-04,36741,,N,N,N,"GLS 450 4MATIC, GLE 450 4MATIC, GLE 450 4MATIC (coupe)",N,,Y,Allows timing of the intake / exhaust valves to be changed while the engine is in operation,Y,Camtronic on the intake camshaft,Battery(s),1.0,Lithium Ion,48.0,20.0,80.0,On-Board,Electrical Regen Brake,Both,N,"ISG Engine 48V Technologie Data for battery type BB200 as above (GLS 450 4MATIC, GLE 450 4MATIC, GLE 450 4MATIC (coupe), AMG GLE 53 4MATIC+, AMG GLE 53 4MATIC+ (coupe)) / Data for battery type BB300 as follows (AMG CLE 53 4MATIC+ (coupe), AMG CLE 53 4MATIC+ (convertible)): Battery Type: LI; Number of Battery Packs: 1; Total Voltage of Battery Pack (Volts): 48; Battery Energy Capacity (Ah): 17.5; Battery Specific Energy (Whr/kg): 78.2; Battery Charger Type: ON / Data of the electric motor for GLS 450 4MATIC, GLE 450 4MATIC, GLE 450 4MATIC (coupe), AMG GLE 53 4MATIC+, AMG GLE 53 4MATIC+ (coupe) as above / Data of the electric motor for AMG CLE 53 4MATIC+ (coupe), AMG CLE 53 4MATIC+ (convertible) as follows: Motor Type: PSM; Rated Motor Power (kWatt): 17",1.0,Other,PSM,15,GDI,Spark Ignition Direct Injection,N,N,N,5W30,Y,Yes,GLE 450 4MATIC (coupe),27.7,4,4,TMBXJ03.0HY1,6,,6250.0,474,363,424,,,
2026,Mercedes-Benz,Mercedes-Benz,GLE 580 4MATIC,MBX,405,4.0,8,Auto(A9),15,21,18,19.1,29.2,22.621,15.4251,21.0424,17.5311,TC,Turbocharged,A,Automatic,9,Y,N,A,All Wheel Drive,10.0,GPR,Gasoline (Premium Unleaded Required),MPG,miles per gallon,T,Truck,,,,,3450,3450,SIDI; Mild Hybrid; ,2,2,33,Standard SUV 4WD,,Derived 5-cycle label,2025-06-25,36940,,N,N,N,"ENGINE: GLS 580 4MATIC, GLE 580 (AWD)/ 510 HP COMBUSTION AND 21 HP ELECTRIC MOTOR",Y,"Camtronic is used to deactivate cylinder 2,3,5,8 by changing the valve lift (intake and exhaust valves) of the mentioned cylinders to 0 mm.",Y,Allows timing of the intake / exhaust valves to be changed while the engine is in operation,N,,Battery(s),1.0,Lithium Ion,48.0,20.0,80.0,On-Board,Electrical Regen Brake,Both,N,ISG (Integrated-Starter-Generator) Engine with 48V Technology,1.0,Other,permanent synchronous motor,16,GDI,Spark Ignition Direct Injection,N,N,N,0W20,Y,Yes,GLE 580 4MATIC,22.8,3,3,TMBXT04.0HY1,4,,8750.0,575,422,506,,,
2026,Mercedes-Benz,Mercedes-Benz,GLS 450 4MATIC,MBX,421,3.0,6,Auto(A9),19,24,21,23.3,34.4,27.2579,18.5595,24.4967,20.8315,TS,Turbocharged+Supercharged,A,Automatic,9,Y,N,A,All Wheel Drive,10.0,GPR,Gasoline (Premium Unleaded Required),MPG,miles per gallon,T,Truck,,,,,2950,2950,SIDI; Mild Hybrid; ,2,2,33,Standard SUV 4WD,,Derived 5-cycle label,2025-06-04,36739,,N,N,N,"GLS 450 4MATIC, GLE 450 4MATIC, GLE 450 4MATIC (coupe)",N,,Y,Allows timing of the intake / exhaust valves to be changed while the engine is in operation,Y,Camtronic on the intake camshaft,Battery(s),1.0,Lithium Ion,48.0,20.0,80.0,On-Board,Electrical Regen Brake,Both,N,"ISG Engine 48V Technologie Data for battery type BB200 as above (GLS 450 4MATIC, GLE 450 4MATIC, GLE 450 4MATIC (coupe), AMG GLE 53 4MATIC+, AMG GLE 53 4MATIC+ (coupe)) / Data for battery type BB300 as follows (AMG CLE 53 4MATIC+ (coupe), AMG CLE 53 4MATIC+ (convertible)): Battery Type: LI; Number of Battery Packs: 1; Total Voltage of Battery Pack (Volts): 48; Battery Energy Capacity (Ah): 17.5; Battery Specific Energy (Whr/kg): 78.2; Battery Charger Type: ON / Data of the electric motor for GLS 450 4MATIC, GLE 450 4MATIC, GLE 450 4MATIC (coupe), AMG GLE 53 4MATIC+, AMG GLE 53 4MATIC+ (coupe) as above / Data of the electric motor for AMG CLE 53 4MATIC+ (coupe), AMG CLE 53 4MATIC+ (convertible) as follows: Motor Type: PSM; Rated Motor Power (kWatt): 17",1.0,Other,PSM,15,GDI,Spark Ignition Direct Injection,N,N,N,5W30,Y,Yes,GLS 450 4MATIC,27.4,4,4,TMBXJ03.0HY1,6,,6250.0,481,364,428,,,
2026,Mercedes-Benz,Mercedes-Benz,GLS 580 4MATIC,MBX,406,4.0,8,Auto(A9),14,20,16,17.5,28.2,21.1033,14.2081,20.3686,16.4465,TC,Turbocharged,A,Automatic,9,Y,N,A,All Wheel Drive,10.0,GPR,Gasoline (Premium Unleaded Required),MPG,miles per gallon,T,Truck,,,,,3900,3900,SIDI; Mild Hybrid; ,2,2,33,Standard SUV 4WD,,Derived 5-cycle label,2025-06-26,36919,,,N,N,"ENGINE: GLS 580 4MATIC, GLE 580 (AWD)/ 510 HP COMBUSTION AND 21 HP ELECTRIC MOTOR",Y,"Camtronic is used to deactivate cylinder 2,3,5,8 by changing the valve lift (intake and exhaust valves) of the mentioned cylinders to 0 mm.",Y,Allows timing of the intake / exhaust valves to be changed while the engine is in operation,N,,Battery(s),1.0,Lithium Ion,48.0,20.0,80.0,On-Board,Electrical Regen Brake,Both,N,ISG (Integrated-Starter-Generator) Engine with 48V Technology,1.0,Other,permanent synchronous motor,16,GDI,Spark Ignition Direct Injection,N,N,N,0W20,Y,Yes,GLS 580 4MATIC,21.3,3,3,TMBXT04.0HY1,4,,11000.0,623,435,539,,,
2026,Mercedes-Benz,Mercedes-Benz,GLS 600 4MATIC Maybach,MBX,404,4.0,8,Auto(A9),13,18,15,16.3,25.0,19.3265,13.2868,18.1914,15.1214,TC,Turbocharged,A,Automatic,9,Y,N,A,All Wheel Drive,10.0,GPR,Gasoline (Premium Unleaded Required),MPG,miles per gallon,T,Truck,,,,,4150,4150,SIDI; Mild Hybrid; ,2,2,33,Standard SUV 4WD,,Derived 5-cycle label,2025-05-13,36536,,,N,N,"ENGINE: GLS 63, GLE 63, GLE 63 coupe (AWD)/ 603 HP COMBUSTION AND 21 HP ELECTRIC MOTOR",Y,"Camtronic is used to deactivate cylinder 2,3,5,8 by changing the valve lift (intake and exhaust valves) of the mentioned cylinders to 0 mm.",Y,Allows timing of the intake / exhaust valves to be changed while the engine is in operation,N,,Battery(s),1.0,Lithium Ion,48.0,20.0,80.0,On-Board,Electrical Regen Brake,Both,N,ISG (Integrated-Starter-Generator) Engine with 48V Technology,1.0,Other,permanent synchronous motor,16,GDI,Spark Ignition Direct Injection,N,N,N,0W20,Y,Yes,,19.5,2,2,TMBXT04.0HY1,4,,12250.0,666,487,585,,,
2026,Nissan,NISSAN,ARMADA 4WD,NSX,283,3.5,6,Auto(S9),16,19,17,20.7913,30.2012,24.1818,16.0,19.0,17.0,TC,Turbocharged,SA,Semi-Automatic,9,Y,N,4,4-Wheel Drive,15.0,GP,Gasoline (Premium Unleaded Recommended),MPG,miles per gallon,T,Truck,,,,,3650,3650,SIDI; ,2,2,33,Standard SUV 4WD,,Derived Vehicle Specific 5-cycle Calculation Approach for city label but Modified 5-cycle Calculation Approach for Highway label,2025-08-12,36807,N,,N,N,"For ARMADA 2WD, ARMADA 4WD (except ARMADA 4WD NISMO) and ARMADA 4WD PRO-4X",N,,Y,"INT;ECM and VTC controller controlled, Electric driven EXH;ECM controlled, Oil pressure driven",N,,,,,,,,,,,,,,,,,GDI,Spark Ignition Direct Injection,,,N,SAE 0W-20,Y,Yes,,,3,3,TNSXT03.5EWU,5,,9750.0,557,469,524,,,
2026,Nissan,NISSAN,ARMADA 4WD PRO-4X,NSX,284,3.5,6,Auto(S9),15,18,16,19.9995,27.4996,22.7974,15.0,18.2215,16.0,TC,Turbocharged,SA,Semi-Automatic,9,Y,N,4,4-Wheel Drive,15.0,GP,Gasoline (Premium Unleaded Recommended),MPG,miles per gallon,T,Truck,,,,,3900,3900,SIDI; ,2,2,33,Standard SUV 4WD,,Derived Vehicle Specific 5-cycle Calculation Approach for city label but Modified 5-cycle Calculation Approach for Highway label,2025-08-12,36806,Y,,N,N,"For ARMADA 2WD, ARMADA 4WD (except ARMADA 4WD NISMO) and ARMADA 4WD PRO-4X",N,,Y,"INT;ECM and VTC controller controlled, Electric driven EXH;ECM controlled, Oil pressure driven",N,,,,,,,,,,,,,,,,,GDI,Spark Ignition Direct Injection,,,N,SAE 0W-20,Y,Yes,,,3,3,TNSXT03.5EWU,5,,11000.0,594,488,556,,,
2026,Porsche,Porsche,Cayenne,PRX,401,3.0,6,Auto(S8),17,23,19,21.9,33.3,25.8882,17.0,23.0,19.0,TC,Turbocharged,SA,Semi-Automatic,8,Y,N,A,All Wheel Drive,10.0,GPR,Gasoline (Premium Unleaded Required),MPG,miles per gallon,T,Truck,,,,,3300,3300,SIDI; ,2,2,33,Standard SUV 4WD,,Derived 5-cycle label,2025-08-01,37266,,N,N,N,engine for Cayenne and Cayenne Coupe TWC/MAP/DFI/WR-HO2S/HO2S/1TC/2CAC,N,,Y,VarioCam,Y,VarioCam Plus,,,,,,,,,,,,,,,,GDI,Spark Ignition Direct Injection,,,N,0W40,Y,Yes,,,4,4,TPRXT03.0CV6,4,,8000.0,524,388,469,,,
2026,Porsche,Porsche,Cayenne Coupe,PRX,402,3.0,6,Auto(S8),17,23,19,23.0,32.2,26.3934,17.0,23.0453,19.0,TC,Turbocharged,SA,Semi-Automatic,8,Y,N,A,All Wheel Drive,10.0,GPR,Gasoline (Premium Unleaded Required),MPG,miles per gallon,T,Truck,,,,,3300,3300,SIDI; ,2,2,33,Standard SUV 4WD,,Derived 5-cycle label,2025-08-01,37267,,N,N,N,engine for Cayenne and Cayenne Coupe TWC/MAP/DFI/WR-HO2S/HO2S/1TC/2CAC,N,,Y,VarioCam,Y,VarioCam Plus,,,,,,,,,,,,,,,,GDI,Spark Ignition Direct Injection,,,N,0W40,Y,Yes,,,4,4,TPRXT03.0CV6,4,,8000.0,524,386,469,,,
2026,Porsche,Porsche,Cayenne GTS,PRX,470,4.0,8,Auto(S8),15,22,18,19.4,30.2,23.1208,15.0,21.7131,17.9005,TC,Turbocharged,SA,Semi-Automatic,8,Y,N,A,All Wheel Drive,10.0,GPR,Gasoline (Premium Unleaded Required),MPG,miles per gallon,T,Truck,,,,,3450,3450,SIDI; ,2,2,33,Standard SUV 4WD,,Derived 5-cycle label,2025-09-15,37575,,N,N,N,2TWC/MAP/DFI/2WR-HO2S/2HO2S/2TC/2CAC,N,,Y,VarioCam,Y,VarioCam Plus,,,,,,,,,,,,,,,,GDI,Spark Ignition Direct Injection,,,N,0W40,Y,Yes,,,3,3,TPRXT04.0CE8,4,,8750.0,595,410,512,,,
2026,Porsche,Porsche,Cayenne GTS Coupe,PRX,471,4.0,8,Auto(S8),16,22,18,19.9,31.6,23.8785,16.0289,22.0,18.4559,TC,Turbocharged,SA,Semi-Automatic,8,Y,N,A,All Wheel Drive,10.0,GPR,Gasoline (Premium Unleaded Required),MPG,miles per gallon,T,Truck,,,,,3450,3450,SIDI; ,2,2,33,Standard SUV 4WD,,Derived 5-cycle label,2025-09-15,37576,,N,N,N,2TWC/MAP/DFI/2WR-HO2S/2HO2S/2TC/2CAC,N,,Y,VarioCam,Y,VarioCam Plus,,,,,,,,,,,,,,,,GDI,Spark Ignition Direct Injection,,,N,0W40,Y,Yes,,,3,3,TPRXT04.0CE8,4,,8750.0,557,405,489,,,
2026,Porsche,Porsche,Cayenne S,PRX,410,4.0,8,Auto(S8),16,21,18,20.1,30.6,23.7704,16.1793,21.0,18.3598,TC,Turbocharged,SA,Semi-Automatic,8,Y,N,A,All Wheel Drive,10.0,GPR,Gasoline (Premium Unleaded Required),MPG,miles per gallon,T,Truck,,,,,3450,3450,SIDI; ,2,2,33,Standard SUV 4WD,,Derived 5-cycle label,2025-09-15,37573,,N,N,N,2TWC/MAP/DFI/2WR-HO2S/2HO2S/2TC/2CAC,N,,Y,VarioCam,Y,VarioCam Plus,,,,,,,,,,,,,,,,GDI,Spark Ignition Direct Injection,,,N,0W40,Y,Yes,,,3,3,TPRXT04.0CE8,4,,8750.0,549,423,492,,,
2026,Porsche,Porsche,Cayenne S Coupe,PRX,411,4.0,8,Auto(S8),16,21,18,20.1,30.5,23.7432,16.1793,21.0,18.3388,TC,Turbocharged,SA,Semi-Automatic,8,Y,N,A,All Wheel Drive,10.0,GPR,Gasoline (Premium Unleaded Required),MPG,miles per gallon,T,Truck,,,,,3450,3450,SIDI; ,2,2,33,Standard SUV 4WD,,Derived 5-cycle label,2025-09-15,37574,,N,N,N,2TWC/MAP/DFI/2WR-HO2S/2HO2S/2TC/2CAC,N,,Y,VarioCam,Y,VarioCam Plus,,,,,,,,,,,,,,,,GDI,Spark Ignition Direct Injection,,,N,0W40,Y,Yes,,,3,3,TPRXT04.0CE8,4,,8750.0,549,423,492,,,
2026,Porsche,Porsche,Cayenne Turbo GT,PRX,442,4.0,8,Auto(S8),15,20,17,18.8,29.0,22.3351,15.1979,20.0,17.3273,TC,Turbocharged,SA,Semi-Automatic,8,Y,N,A,All Wheel Drive,10.0,GPR,Gasoline (Premium Unleaded Required),MPG,miles per gallon,T,Truck,,,,,3650,3650,SIDI; ,2,2,33,Standard SUV 4WD,,Derived 5-cycle label,2025-09-15,37572,,N,N,N,Engine for Cayenne Turbo GT,Y,Adaptive Cylinder Control,Y,VarioCam Plus,Y,VarioCam Plus,,,,,,,,,,,,,,,,GDI,Spark Ignition Direct Injection,,,N,0W40,Y,Yes,,,3,3,TPRXT04.0CV8,2,,9750.0,583,444,521,,,
2026,Rolls-Royce,Rolls-Royce Motor Cars Limited,Black Badge Cullinan,RRG,11,6.7,12,Auto(S8),12,19,14,14.6,26.2,18.2326,11.9689,19.0116,14.3632,TC,Turbocharged,SA,Semi-Automatic,8,Y,N,A,All Wheel Drive,10.0,GP,Gasoline (Premium Unleaded Recommended),MPG,miles per gallon,T,Truck,,,,,4450,4450,SIDI; ,2,2,33,Standard SUV 4WD,,Derived 5-cycle label,2025-08-01,37146,N,N,N,N,"Peak-Torque 664 foot-pounds: Black Badge Cullinan, Black Badge Ghost",N,,Y,variable valve timing at inlet and outlet valves,N,,,,,,,,,,,,,,,,,GDI,Spark Ignition Direct Injection,,,N,0W30,N,No,,18.4,2,2,TRRGV06.7N74,2,,13750.0,732,459,609,,,
2026,Rolls-Royce,Rolls-Royce Motor Cars Limited,Cullinan,RRG,10,6.7,12,Auto(S8),12,19,14,14.6,26.2,18.2326,11.9689,19.0116,14.3632,TC,Turbocharged,SA,Semi-Automatic,8,Y,N,A,All Wheel Drive,10.0,GP,Gasoline (Premium Unleaded Recommended),MPG,miles per gallon,T,Truck,,,,,4450,4450,SIDI; ,2,2,33,Standard SUV 4WD,,Derived 5-cycle label,2025-08-01,37145,N,N,N,N,"Peak-Torque 627 foot-pounds: Cullinan, Ghost, Ghost Extended; 664 foot-pounds: Phantom, Phantom Extended",N,,Y,variable valve timing at inlet and outlet valves,N,,,,,,,,,,,,,,,,,GDI,Spark Ignition Direct Injection,,,N,0W30,N,No,,18.4,2,2,TRRGV06.7N74,2,,13750.0,732,459,609,,,
2026,Toyota,TOYOTA,GRAND HIGHLANDER AWD LE/XLE,TYX,81,2.4,4,Auto(S8),21,27,23,26.6,38.7,30.9553,20.9627,27.2921,23.4053,TC,Turbocharged,SA,Semi-Automatic,8,Y,N,A,All Wheel Drive,15.0,G,Gasoline (Regular Unleaded Recommended),MPG,miles per gallon,T,Truck,,,,,2150,2150,SIDI & PFI; ,2,2,33,Standard SUV 4WD,,Derived 5-cycle label,2025-09-03,37018,Y,N,N,N,"APPLIED TO GRAND HIGHLANDER, HIGHLANDER",N,,Y,Intake and exhaust,N,,,,,,,,,,,,,,,,,GDPI,Spark Ignition direct & ported injection,,,N,0W-20,Y,Yes,,,5,5,TTYXJ02.4H3B,6,,2250.0,424,325,379,,,
2026,Toyota,TOYOTA,GRAND HIGHLANDER AWD LIMITED/PLATINUM,TYX,83,2.4,4,Auto(S8),20,26,22,25.7,36.8,29.7362,20.3124,26.0636,22.0,TC,Turbocharged,SA,Semi-Automatic,8,Y,N,A,All Wheel Drive,15.0,G,Gasoline (Regular Unleaded Recommended),MPG,miles per gallon,T,Truck,,,,,2250,2250,SIDI & PFI; ,2,2,33,Standard SUV 4WD,,Derived 5-cycle label,2025-09-03,37020,Y,N,N,N,"APPLIED TO GRAND HIGHLANDER, HIGHLANDER",N,,Y,Intake and exhaust,N,,,,,,,,,,,,,,,,,GDPI,Spark Ignition direct & ported injection,,,N,0W-20,Y,Yes,,,4,4,TTYXJ02.4H3B,6,,2750.0,433,338,400,,,
2026,Toyota,TOYOTA,GRAND HIGHLANDER HYBRID AWD,TYX,35,2.5,4,Auto(AV-S6),36,32,34,47.9811,46.7891,47.4373,35.6118,31.7626,33.7702,,Naturally Aspirated,SCV,Selectable Continuously Variable (e.g. CVT with paddles),6,N,N,A,All Wheel Drive,15.0,G,Gasoline (Regular Unleaded Recommended),MPG,miles per gallon,T,Truck,,,,,1450,1450,SIDI & PFI; Hybrid; ,2,2,33,Standard SUV 4WD,,Vehicle Specific 5-cycle label,2025-09-03,37017,N,N,N,N,Applied to GRAND HIGHLANDER HYBRID and RX 350h.,N,,Y,Intake and exhaust,N,,Battery(s),1.0,Lithium Ion,259.0,4.3,35.0,On-Board,Electrical Regen Brake,Both,N,"""40kWatt"" of Rated Motor/Generator Power is only for AWD.",2.0,Other,AC Synchronous,40 and 134,GDPI,Spark Ignition direct & ported injection,N,N,N,"0W-16,0W-8",Y,Yes,HYBRID,,6,6,TTYXJ02.5H3A,6,1250.0,,246,276,260,,,
2026,Toyota,TOYOTA,GRAND HIGHLANDER HYBRID AWD,TYX,78,2.4,4,Auto(S6),26,27,27,34.1,38.7,36.027,26.2388,27.2921,26.7025,TC,Turbocharged,SA,Semi-Automatic,6,N,N,A,All Wheel Drive,15.0,G,Gasoline (Regular Unleaded Recommended),MPG,miles per gallon,T,Truck,,,,,1850,1850,SIDI & PFI; Hybrid; ,2,2,33,Standard SUV 4WD,,Derived 5-cycle label,2025-09-03,37621,N,N,N,N,APPLIED TO GRAND HIGHLANDER,N,,Y,Intake and exhaust,N,,Battery(s),1.0,NiMH,288.0,5.0,23.0,On-Board,Electrical Regen Brake,Both,N,,2.0,Other,AC Synchronous,64 and 74,GDPI,Spark Ignition direct & ported injection,N,N,N,0W-20,Y,Yes,HYBRID,,5,5,TTYXT02.4H3L,6,,750.0,338,325,332,,,
2026,Toyota,TOYOTA,LAND CRUISER,TYX,76,2.4,4,Auto(S8),22,25,23,28.2954,34.9623,30.9513,22.1776,24.8654,23.3115,TC,Turbocharged,SA,Semi-Automatic,8,Y,N,4,4-Wheel Drive,15.0,GPR,Gasoline (Premium Unleaded Required),MPG,miles per gallon,T,Truck,,,,,2700,2700,SIDI & PFI; Hybrid; ,2,2,33,Standard SUV 4WD,,Derived 5-cycle label,2025-09-17,37512,Y,N,N,N,,N,,Y,Intake and exhaust,N,,Battery(s),1.0,NiMH,288.0,6.5,33.0,On-Board,Electrical Regen Brake,Both,N,,1.0,Other,AC SYNCHRONOUS,36,GDPI,Spark Ignition direct & ported injection,N,N,N,0W-20,Y,Yes,HYBRID,,5,5,TTYXT02.4E4A,5,,5000.0,398,355,379,,,
2026,Toyota,TOYOTA,SEQUOIA 4WD,TYX,22,3.4,6,Auto(S10),19,22,20,23.5102,31.1526,26.4277,18.7141,22.3491,20.192,TC,Turbocharged,SA,Semi-Automatic,10,Y,N,P,Part-time 4-Wheel Drive,15.0,G,Gasoline (Regular Unleaded Recommended),MPG,miles per gallon,T,Truck,,,,,2500,2500,SIDI & PFI; Hybrid; ,2,2,33,Standard SUV 4WD,,Derived 5-cycle label,2025-08-06,36983,N,N,N,N,APPLIED TO SEQUOIA AND TUNDRA,N,,Y,Intake and exhaust,N,,Battery(s),1.0,NiMH,288.0,6.5,33.0,On-Board,Electrical Regen Brake,Rear Wheels,N,"Regenerative Braking Source is ""Both"" for 4WD models.",1.0,Other,AC SYNCHRONOUS,36,GDPI,Spark Ignition direct & ported injection,N,N,N,0W-20,Y,Yes,HYBRID,,4,4,TTYXT03.4B5C,4,,4000.0,473,397,439,,,
2026,Toyota,TOYOTA,SEQUOIA 4WD,TYX,209,3.4,6,Auto(S10),19,22,20,23.5102,31.1526,26.4277,18.7141,22.3491,20.192,TC,Turbocharged,SA,Semi-Automatic,10,Y,N,P,Part-time 4-Wheel Drive,15.0,GPR,Gasoline (Premium Unleaded Required),MPG,miles per gallon,T,Truck,,,,,3100,3100,SIDI & PFI; Hybrid; ,2,2,33,Standard SUV 4WD,,Derived 5-cycle label,2025-08-06,37031,N,N,N,N,APPLIED TO SEQUOIA AND TUNDRA TRD PERFORMANCE PACKAGE.,N,,Y,Intake and exhaust,N,,Battery(s),1.0,NiMH,288.0,6.5,33.0,On-Board,Electrical Regen Brake,Rear Wheels,N,"Regenerative Braking Source is ""Both"" for 4WD models.",1.0,Other,AC SYNCHRONOUS,36,GDPI,Spark Ignition direct & ported injection,N,N,N,0W-20,Y,Yes,HYBRID TRD Perf,,4,4,TTYXT03.4B5C,4,,7000.0,473,397,439,,,
2026,Volvo,"Volvo Cars of North America, LLC",XC90 B5 AWD,VVX,259,2.0,4,Auto(S8),22,27,24,27.9,38.8499,31.9527,21.8954,27.3886,24.0676,TC,Turbocharged,SA,Semi-Automatic,8,Y,N,A,All Wheel Drive,10.0,GPR,Gasoline (Premium Unleaded Required),MPG,miles per gallon,T,Truck,,,,,2600,2600,SIDI; Mild Hybrid; ,2,2,33,Standard SUV 4WD,,Derived 5-cycle label,2025-05-23,36438,,N,N,N,Mechanical Turbo and Electric supercharger,N,,Y,Timing on both intake and exhaust side.,N,,Battery(s),1.0,Lithium Ion,44.0,8.4,56.0,On-Board,Electrical Regen Brake,Both,N,,1.0,"DC Permanent Magnet, brushless",,10,GDI,Spark Ignition Direct Injection,N,N,N,0W-20 / C6 (API SP),Y,Yes,Blank,,5,5,TVVXT02.0S31,6,,4500.0,405,325,369,,,
2026,Volvo,"Volvo Cars of North America, LLC",XC90 B6 AWD,VVX,243,2.0,4,Auto(S8),20,26,23,25.9,36.8,29.8831,20.4572,26.0636,22.6496,TS,Turbocharged+Supercharged,SA,Semi-Automatic,8,Y,N,A,All Wheel Drive,10.0,GPR,Gasoline (Premium Unleaded Required),MPG,miles per gallon,T,Truck,,,,,2700,2700,SIDI; Mild Hybrid; ,2,2,33,Standard SUV 4WD,,Derived 5-cycle label,2025-05-23,36337,,N,N,N,Mechanical Turbo and Electric supercharger,N,,Y,Timing on both intake and exhaust side.,N,,Battery(s),1.0,Lithium Ion,44.0,8.4,56.0,On-Board,Electrical Regen Brake,Both,N,,1.0,"DC Permanent Magnet, brushless",,10,GDI,Spark Ignition Direct Injection,N,N,N,0W-20 / C6 (API SP),Y,Yes,Blank,,5,5,TVVXT02.0S30,6,,5000.0,435,342,393,,,
